repository,notebook_count,baseline_count,review,source_url
3dmol/3dmol.js,8,8,rule_assigned_readme_scope,https://raw.githubusercontent.com/3dmol/3dmol.js/cf6b68429dd9f435ba004d172c0616a8fe124206/README.md
4dn-dcic/pairix,0,0,rule_assigned_readme_scope,https://raw.githubusercontent.com/4dn-dcic/pairix/60d71341dab88e72d3c1e8b0cc02908133ced0a1/README.md
a-r-j/graphein,30,30,rule_assigned_readme_scope,https://raw.githubusercontent.com/a-r-j/graphein/b9ca265976ad9f1d2c44ca56e506100808602e6d/README.md
abacus-gene/paml,0,0,rule_assigned_readme_scope,https://raw.githubusercontent.com/abacus-gene/paml/4c7902fe972737ef5e80bb18f159a6e6acace3d3/README.md
abacus-gene/paml-tutorial,0,0,rule_assigned_readme_scope,https://raw.githubusercontent.com/abacus-gene/paml-tutorial/23f643a96ed3af624d4afc98a5ee2c7819758962/README.md
abhishektiwari/hbat,3,3,rule_assigned_readme_scope,https://raw.githubusercontent.com/abhishektiwari/hbat/7017beb29d62c51f2cd085aff02e44689a921dc9/README.md
ablab/quast,0,0,rule_assigned_readme_scope,https://raw.githubusercontent.com/ablab/quast/38373fb6454604197d45b047ae61f82e68b61a74/README.md
ablab/spades,1,1,rule_assigned_readme_scope,https://raw.githubusercontent.com/ablab/spades/9ab1fbacf25560182a0e1f395dd11293afb55f0c/README.md
adalca/medical-datasets,0,0,rule_assigned_readme_scope,https://raw.githubusercontent.com/adalca/medical-datasets/e73fc50bdc0ba7beab17136138edc4a572091992/README.md
aertslab/rcistarget,3,3,rule_assigned_readme_scope,https://raw.githubusercontent.com/aertslab/rcistarget/cddbff8ccb685557d25b821953ba5e1750f3174a/README.md
agemagician/prottrans,34,34,rule_assigned_readme_scope,https://raw.githubusercontent.com/agemagician/prottrans/27c02f07e65feff8a3e7875f52b8b51225eb3c1c/README.md
aim-harvard/pyradiomics,8,8,rule_assigned_readme_scope,https://raw.githubusercontent.com/aim-harvard/pyradiomics/8ed579383b44806651c463d5e691f3b2b57522ab/README.md
aipoch/medical-research-skills,0,0,rule_assigned_readme_scope,https://raw.githubusercontent.com/aipoch/medical-research-skills/686e09dfdb45d9fa1a08664f06bb93769b3c9d91/README.md
al2na/methylkit,1,1,rule_assigned_readme_scope,https://raw.githubusercontent.com/al2na/methylkit/32212a6cc2046e97371eb528533964c1e1a54afa/README.md
albarqouni/deep-learning-for-medical-applications,0,0,rule_assigned_readme_scope,https://raw.githubusercontent.com/albarqouni/deep-learning-for-medical-applications/b636b4cb9930fa825ce0049901ede16e051f296a/README.md
alchemistry/alchemlyb,0,0,rule_assigned_readme_scope,https://raw.githubusercontent.com/alchemistry/alchemlyb/5c029f51fcc10fd6ee8ef04191e2bdf338d95dfa/README.md
alexdobin/star,0,0,rule_assigned_readme_scope,https://raw.githubusercontent.com/alexdobin/star/b1edc1208d91a53bf40ebae8669f71d50b994851/README.md
alexg9010/fastseg,1,1,readme_unavailable,
allenai/scispacy,0,0,rule_assigned_readme_scope,https://raw.githubusercontent.com/allenai/scispacy/eacccd4ef3e7ef13d4aa35700e718bd4318ded17/README.md
alserglab/fgsea,2,2,rule_assigned_readme_scope,https://raw.githubusercontent.com/alserglab/fgsea/570f5903545835cb340e699fcdfdf444b1ba07ec/README.md
althonos/pronto,1,1,rule_assigned_readme_scope,https://raw.githubusercontent.com/althonos/pronto/8465a594cd35a029d255532bf9b95d7a06deabf3/README.md
althonos/pyfamsa,0,0,rule_assigned_readme_scope,https://raw.githubusercontent.com/althonos/pyfamsa/acf865d41db49aca937a99c78cc48fa568069163/README.md
althonos/pyhmmer,6,6,rule_assigned_readme_scope,https://raw.githubusercontent.com/althonos/pyhmmer/956c542559a077d4ecfe8904c887331c621f988c/README.md
althonos/pyrodigal,0,0,rule_assigned_readme_scope,https://raw.githubusercontent.com/althonos/pyrodigal/a722ee3bc591bbff68544c9c052974d616be278a/README.md
althonos/scoring-matrices,0,0,rule_assigned_readme_scope,https://raw.githubusercontent.com/althonos/scoring-matrices/c56327d545e33eb4bd88b06b624218356c4c980a/README.md
alyssafrazee/ballgown,1,1,rule_assigned_readme_scope,https://raw.githubusercontent.com/alyssafrazee/ballgown/d5711cf2356ebd6bb7dd778658d3e40b6785ea15/README.md
amirhossein-kz/awesome-diffusion-models-in-medical-imaging,0,0,readme_unavailable,
analyticalmonk/awesome-neuroscience,0,0,rule_assigned_readme_scope,https://raw.githubusercontent.com/analyticalmonk/awesome-neuroscience/33ca06398bff26a53a913f0ea7a600e5e18164eb/readme.md
angeloucn/min_max_similarity,0,0,rule_assigned_readme_scope,https://raw.githubusercontent.com/angeloucn/min_max_similarity/07571ea6d98ab16a84aead7dca4756bf5cf2979f/README.md
antigenomics/arda,1,1,rule_assigned_readme_scope,https://raw.githubusercontent.com/antigenomics/arda/e8d8d5838d18cde49046d4e11e6f0d38951787dd/README.md
antigenomics/vdjtools,0,0,rule_assigned_readme_scope,https://raw.githubusercontent.com/antigenomics/vdjtools/c1782a04feb0f57eef535ae3e1bdcc699b21e5fa/README.md
antsx/ants,1,1,rule_assigned_readme_scope,https://raw.githubusercontent.com/antsx/ants/0f65b0e66bea11f32fbe9a008ca94572541fd4fa/README.md
antsx/antspy,5,5,rule_assigned_readme_scope,https://raw.githubusercontent.com/antsx/antspy/01a50724d8db48f8d58c24483160add1c9447f6b/README.md
aoles/ebimage,1,1,assistant_individual_readme_review,https://raw.githubusercontent.com/aoles/EBImage/5dccf1abc4d15a515058e909b269f88ac6cfc45a/README.md
applied-bioinformatics/an-introduction-to-applied-bioinformatics,0,0,rule_assigned_readme_scope,https://raw.githubusercontent.com/applied-bioinformatics/an-introduction-to-applied-bioinformatics/bd4ec8752709a18f5c81aaddc592965548bcd5c2/README.md
aqlaboratory/openfold-3,1,1,rule_assigned_readme_scope,https://raw.githubusercontent.com/aqlaboratory/openfold-3/8605a8c21076414e080e6bdc04c33451b3f33fa2/README.md
aqlaboratory/proteinnet,0,0,rule_assigned_readme_scope,https://raw.githubusercontent.com/aqlaboratory/proteinnet/e831afd9faa5c2334ee39dd60a68b7e9383f189a/README.md
arcinstitute/cell-eval,1,1,rule_assigned_readme_scope,https://raw.githubusercontent.com/arcinstitute/cell-eval/6928cf8bd7a706040ccfd13119e4085726dee64a/README.md
ariloytynoja/prank-msa,0,0,rule_assigned_readme_scope,https://raw.githubusercontent.com/ariloytynoja/prank-msa/10c09e42cf298057cebbc539cf1536f2f86b6daf/README.md
arpcard/rgi,0,0,rule_assigned_readme_scope,https://raw.githubusercontent.com/arpcard/rgi/bd65d58b7c23f3fd1a3b11602a46250a82e7f963/README.rst
arq5x/bedtools2,0,0,rule_assigned_readme_scope,https://raw.githubusercontent.com/arq5x/bedtools2/614e9a5c5935ab86e873dab9072fbbaf003c1b7e/README.md
artifactdb/alabaster.base,1,1,rule_assigned_readme_scope,https://raw.githubusercontent.com/artifactdb/alabaster.base/6b6157efc1d7dd429b2495f2f60f0d1ca692042f/README.md
artifactdb/gypsum-r,1,1,rule_assigned_readme_scope,https://raw.githubusercontent.com/artifactdb/gypsum-r/2148894d97850ad0ac0c74b15876cdbbf2d7e443/README.md
arvados/arvados,0,0,rule_assigned_readme_scope,https://raw.githubusercontent.com/arvados/arvados/6a2a583899399db5cf00366ca41b4e6a7f56bdf1/README.md
arvados/arvados-tutorial,0,0,readme_unavailable,
asntech/pyjaspar,1,1,rule_assigned_readme_scope,https://raw.githubusercontent.com/asntech/pyjaspar/72f7583bf30c977d1d2c169d628586dfcab52743/README.rst
asoplata/open-computational-neuroscience-resources,0,0,rule_assigned_readme_scope,https://raw.githubusercontent.com/asoplata/open-computational-neuroscience-resources/0cfed9ebc1bdcc6e2dff0010872ba8d3a8e3e147/README.md
aspirincode/papers-for-molecular-design-using-dl,0,0,readme_unavailable,
astrazeneca/chemicalx,0,0,rule_assigned_readme_scope,https://raw.githubusercontent.com/astrazeneca/chemicalx/a960bb13eb478003181d769cc075c12dcddd02a0/README.md
atks/vt,0,0,rule_assigned_readme_scope,https://raw.githubusercontent.com/atks/vt/c6bd1591a23a1d116d52834a627c00bbf7ed4a64/README.md
awslabs/dgl-lifesci,0,0,rule_assigned_readme_scope,https://raw.githubusercontent.com/awslabs/dgl-lifesci/be8bc71d29ecf34a9dab7c7bd47c08f3383d9be0/README.md
backofenlab/intarna,0,0,rule_assigned_readme_scope,https://raw.githubusercontent.com/backofenlab/intarna/f65d874e8f03bee2009b8ec0e8782956d21044d0/README.md
bactopia/bactopia,0,0,rule_assigned_readme_scope,https://raw.githubusercontent.com/bactopia/bactopia/29fb7419d7bf1b11e9d44590c0833b02b978ec5e/README.md
baranzinilab/kg_rag,28,28,rule_assigned_readme_scope,https://raw.githubusercontent.com/baranzinilab/kg_rag/01b9f6e6414221eb186a030e3c103e4ec620ab0f/README.md
bayer-group/tiffslide,0,0,rule_assigned_readme_scope,https://raw.githubusercontent.com/bayer-group/tiffslide/2f612738701cbbd76e7324f139b0e863da17ff7c/README.md
bbuchfink/diamond,0,0,rule_assigned_readme_scope,https://raw.githubusercontent.com/bbuchfink/diamond/ef05efdc155b61c1ce2f66da637eaa8ce2a7f8ad/README.md
bbushnell/bbtools,0,0,rule_assigned_readme_scope,https://raw.githubusercontent.com/bbushnell/bbtools/6e87b3824750211cf608156835ee097bf82a6070/README.md
bcbio/bcbio-nextgen,1,1,rule_assigned_readme_scope,https://raw.githubusercontent.com/bcbio/bcbio-nextgen/594339fd1a9694c8f8ed61084e2bd5740cfd59b0/README.md
bebop/poly,0,0,rule_assigned_readme_scope,https://raw.githubusercontent.com/bebop/poly/a8bb76dd651f0b3bc06079e331e023e4b8fb55b2/README.md
beckschen/transunet,0,0,rule_assigned_readme_scope,https://raw.githubusercontent.com/beckschen/transunet/02ef0010b36eb8328b5e689eadaf613602edf9b8/README.md
bedops/bedops,0,0,rule_assigned_readme_scope,https://raw.githubusercontent.com/bedops/bedops/009c10c0d11a2c7bc8f33e087d591574d04ae94c/README.md
benilton/oligo,3,3,rule_assigned_readme_scope,https://raw.githubusercontent.com/benilton/oligo/e073acb9f29886d4cc073f634c109d0bb76b2f81/README.md
benjjneb/dada2,1,1,rule_assigned_readme_scope,https://raw.githubusercontent.com/benjjneb/dada2/b61fe2e90115be08e78a01a16af89fd21402ca42/README.md
benjjneb/decontam,1,1,rule_assigned_readme_scope,https://raw.githubusercontent.com/benjjneb/decontam/0ec8c70ef38ebbc187098d87bd1901dc32928ce7/README.md
benlangmead/bowtie,0,0,rule_assigned_readme_scope,https://raw.githubusercontent.com/benlangmead/bowtie/86c6d7797228ec808ace59f368979c3019471ec7/README
benlangmead/bowtie2,0,0,rule_assigned_readme_scope,https://raw.githubusercontent.com/benlangmead/bowtie2/58e34bffd389d7ead6542b439784d9def92c6172/README.md
bernatgel/karyoploter,1,1,rule_assigned_readme_scope,https://raw.githubusercontent.com/bernatgel/karyoploter/3e8c8b101b3178424f9eb729607fd12a0d30d9fd/README.md
bids-standard/bids-examples,0,0,rule_assigned_readme_scope,https://raw.githubusercontent.com/bids-standard/bids-examples/a94600688a6d34a4496e049363d22d76a303d08f/README.md
bids-standard/pybids,4,4,rule_assigned_readme_scope,https://raw.githubusercontent.com/bids-standard/pybids/47eb9fbae90221bf61c0512886a73b3acded1045/README.md
bigdatagenomics/adam,0,0,rule_assigned_readme_scope,https://raw.githubusercontent.com/bigdatagenomics/adam/6f2aec83d2289f48104801a88c326b894ec7df2c/README.md
bihealth/vcfpy,0,0,rule_assigned_readme_scope,https://raw.githubusercontent.com/bihealth/vcfpy/a9353cd8351d77966b066279e3a92ab579622d04/README.md
bimsbbioinfo/genomation,1,1,rule_assigned_readme_scope,https://raw.githubusercontent.com/bimsbbioinfo/genomation/fa285d07802273fe3cf1a0b2a7b4de034a34544d/README.md
biobakery/maaslin2,1,1,rule_assigned_readme_scope,https://raw.githubusercontent.com/biobakery/maaslin2/39eda3be7d801f0eb594eb7b09b26fad7d5c5875/README.md
biobakery/metaphlan,1,1,rule_assigned_readme_scope,https://raw.githubusercontent.com/biobakery/metaphlan/424f3e6e30618266404353e1083c6405a9f02f48/README.md
biocommons/biocommons.seqrepo,3,3,rule_assigned_readme_scope,https://raw.githubusercontent.com/biocommons/biocommons.seqrepo/72c9091c83e689e7880bc1f0df34326a61dfef18/README.md
biocommons/bioutils,0,0,rule_assigned_readme_scope,https://raw.githubusercontent.com/biocommons/bioutils/397d8c1450b0d385be9390587e1bdb578194f44f/README.md
biocommons/eutils,0,0,rule_assigned_readme_scope,https://raw.githubusercontent.com/biocommons/eutils/fdf68a2f1082d8b27b2b4bf94129568ef43c766a/README.md
biocommons/hgvs,9,9,rule_assigned_readme_scope,https://raw.githubusercontent.com/biocommons/hgvs/46bf1903254eec957507b1aeb8fd39384d37f6f5/README.md
bioconda/bioconda-docs,0,0,rule_assigned_readme_scope,https://raw.githubusercontent.com/bioconda/bioconda-docs/cc786f1690479aed383a895d8ea61970b047b993/README.md
bioconda/bioconda-recipes,1,1,rule_assigned_readme_scope,https://raw.githubusercontent.com/bioconda/bioconda-recipes/c438a4de761ca575edc04555fae7e1297a20b88a/README.md
bioconda/bioconda-utils,0,0,rule_assigned_readme_scope,https://raw.githubusercontent.com/bioconda/bioconda-utils/4f4ea86bcec333bb7c04564b9d56f79d3978e031/README.md
bioconductor/annotationdbi,2,2,rule_assigned_readme_scope,https://raw.githubusercontent.com/bioconductor/annotationdbi/00bc715f3ecc0d78d7794257c041d3d463766e11/README.md
bioconductor/annotationfilter,1,1,rule_assigned_readme_scope,https://raw.githubusercontent.com/bioconductor/annotationfilter/c5f7fe11171df1f73ba9233c19b857518991c0c5/README.md
bioconductor/annotationforge,4,4,rule_assigned_readme_scope,https://raw.githubusercontent.com/bioconductor/annotationforge/2dc63602d17c03cb71de398fd524b9a625178235/README.md
bioconductor/annotationhub,3,3,readme_unavailable,
bioconductor/biobase,7,7,assistant_individual_readme_review,https://raw.githubusercontent.com/Bioconductor/Biobase/def16233048fa96b4f3aad4d0af5a9922818ed7d/README.md
bioconductor/biocbaseutils,2,2,rule_assigned_readme_scope,https://raw.githubusercontent.com/bioconductor/biocbaseutils/79c6f035cdbe36070ca03ec8c8a32e45e5bd9abb/README.md
bioconductor/bioccheck,10,10,rule_assigned_readme_scope,https://raw.githubusercontent.com/bioconductor/bioccheck/d12d0480ea16c2391709df6d010b2c6326d932ad/README.md
bioconductor/biocfilecache,3,3,rule_assigned_readme_scope,https://raw.githubusercontent.com/bioconductor/biocfilecache/20482da7c31d50aacc0be12f569d453befe54d37/README.md
bioconductor/biocgenerics,0,0,rule_assigned_readme_scope,https://raw.githubusercontent.com/bioconductor/biocgenerics/32f12a9b54e4fe33dc447f3e2c488b0d91b6a61b/README.md
bioconductor/biocio,1,1,rule_assigned_readme_scope,https://raw.githubusercontent.com/bioconductor/biocio/145536de8f8d3c75c341455abc4e83191be6cc04/README.md
bioconductor/biocparallel,4,4,rule_assigned_readme_scope,https://raw.githubusercontent.com/bioconductor/biocparallel/1c24c4947ef32648d935b0747efbe22d5e0b7c62/README.md
bioconductor/biocstyle,9,9,readme_unavailable,
bioconductor/biocviews,2,2,rule_assigned_readme_scope,https://raw.githubusercontent.com/bioconductor/biocviews/52e6c503eeae7b2e6e5a88ca4dd465928a3fd835/README.md
bioconductor/biostrings,6,6,rule_assigned_readme_scope,https://raw.githubusercontent.com/bioconductor/biostrings/fb0cd89830abd054cf2681d6bc6c929981e07b21/README.md
bioconductor/bsgenome,2,2,rule_assigned_readme_scope,https://raw.githubusercontent.com/bioconductor/bsgenome/da2ce6bcbe3b850db8458bdb0d60bad5fadaea9d/README.md
bioconductor/cigarillo,1,1,rule_assigned_readme_scope,https://raw.githubusercontent.com/bioconductor/cigarillo/5add90b609ca0ffa6e22d9d98a2ee1ca32fd902c/README.md
bioconductor/delayedarray,3,3,rule_assigned_readme_scope,https://raw.githubusercontent.com/bioconductor/delayedarray/ef3f02a7227a0e6a07736601081925f2fccb43a9/README.md
bioconductor/experimenthub,1,1,readme_unavailable,
bioconductor/genomeinfodb,2,2,rule_assigned_readme_scope,https://raw.githubusercontent.com/bioconductor/genomeinfodb/037c38473a4c01b798a442cfbe4c47f49cd29120/README.md
bioconductor/genomicalignments,4,4,rule_assigned_readme_scope,https://raw.githubusercontent.com/bioconductor/genomicalignments/a8e7728b541b7cdca73c4b3ddd4117fed546820c/README.md
bioconductor/genomicdatacommons,4,4,rule_assigned_readme_scope,https://raw.githubusercontent.com/bioconductor/genomicdatacommons/1f1dd57f36ddcd76f4b53c80e81ae993c00f54ff/README.md
bioconductor/genomicfeatures,1,1,rule_assigned_readme_scope,https://raw.githubusercontent.com/bioconductor/genomicfeatures/406313962cfb98d282a85728b9718f096c317bc5/README.md
bioconductor/genomicfiles,1,1,rule_assigned_readme_scope,https://raw.githubusercontent.com/bioconductor/genomicfiles/f260700483417b631a1f6f87073adfdf10858352/README.md
bioconductor/genomicranges,5,5,rule_assigned_readme_scope,https://raw.githubusercontent.com/bioconductor/genomicranges/44c311c711b9a5a5d6db070a8f3210819e4bc9de/README.md
bioconductor/h5mread,1,1,rule_assigned_readme_scope,https://raw.githubusercontent.com/bioconductor/h5mread/92aa037f8da2ec4b858095edf7fda3ac6e301851/README.md
bioconductor/hdf5array,1,1,rule_assigned_readme_scope,https://raw.githubusercontent.com/bioconductor/hdf5array/c4132ae2db816faf0a8c93dd7fccb502aad92e5d/README.md
bioconductor/iranges,1,1,rule_assigned_readme_scope,https://raw.githubusercontent.com/bioconductor/iranges/75107e286bf13c8696ea2c3962ed9cd0c7c50d48/README.md
bioconductor/keggrest,1,1,rule_assigned_readme_scope,https://raw.githubusercontent.com/bioconductor/keggrest/0fbb64c9423f09109e684fb648dac95ae943199d/README.md
bioconductor/matrixgenerics,0,0,rule_assigned_readme_scope,https://raw.githubusercontent.com/bioconductor/matrixgenerics/84fb7a5ce4bb795ef791b79011db25ee80a336e6/README.md
bioconductor/pwalign,1,1,assistant_individual_readme_review,https://raw.githubusercontent.com/Bioconductor/pwalign/f1991c73415ec8720cbdb57673fe57cd12715c23/README.md
bioconductor/raggedexperiment,2,2,rule_assigned_readme_scope,https://raw.githubusercontent.com/bioconductor/raggedexperiment/78b3addd7c314fb73b77411a45828d68d12f8f2e/README.md
bioconductor/rhtslib,1,1,rule_assigned_readme_scope,https://raw.githubusercontent.com/bioconductor/rhtslib/29c0999d599e15f97b80bf26ea8d87e006e92913/README.md
bioconductor/rsamtools,1,1,rule_assigned_readme_scope,https://raw.githubusercontent.com/bioconductor/rsamtools/4fdb05737c9a2686c971c0797a99c3634e3f3878/README.md
bioconductor/s4arrays,1,1,rule_assigned_readme_scope,https://raw.githubusercontent.com/bioconductor/s4arrays/c201ee99ab7017e84411d313a947841c2590cfc6/README.md
bioconductor/s4vectors,3,3,rule_assigned_readme_scope,https://raw.githubusercontent.com/bioconductor/s4vectors/ef821b40304f606aae72ebdf82d039a1536a171b/README.md
bioconductor/seqinfo,1,1,rule_assigned_readme_scope,https://raw.githubusercontent.com/bioconductor/seqinfo/93f9978435ee2ff778f21368ef7d54492492de2f/README.md
bioconductor/shortread,2,2,readme_unavailable,
bioconductor/sparsearray,1,1,rule_assigned_readme_scope,https://raw.githubusercontent.com/bioconductor/sparsearray/9a0e93056f05879a15057e3d597d0102068f09bb/README.md
bioconductor/summarizedexperiment,2,2,rule_assigned_readme_scope,https://raw.githubusercontent.com/bioconductor/summarizedexperiment/ffe9db3f6666e215296d64dc74e9aae7600bddf0/README.md
bioconductor/txdbmaker,1,1,rule_assigned_readme_scope,https://raw.githubusercontent.com/bioconductor/txdbmaker/d57df0dab413fbc9b403b871c5c6fc6e919a37b6/README.md
bioconductor/ucsc.utils,1,1,rule_assigned_readme_scope,https://raw.githubusercontent.com/bioconductor/ucsc.utils/5a1b81dda77fa176aa3127f3cbd2c9e644065cce/README.md
bioconductor/uniprot.ws,2,2,rule_assigned_readme_scope,https://raw.githubusercontent.com/bioconductor/uniprot.ws/618434bcf6ef31e2f54a9c0561bf897be12468e0/README.md
bioconductor/xvector,0,0,rule_assigned_readme_scope,https://raw.githubusercontent.com/bioconductor/xvector/c98e152a86e5397d1c70cfe8fbdbcd1cf4223cdd/README.md
biocontainers/containers,1,1,rule_assigned_readme_scope,https://raw.githubusercontent.com/biocontainers/containers/18451a97c85cab4816c05165743b3e0540065791/README.md
biocore/biom-format,0,0,rule_assigned_readme_scope,https://raw.githubusercontent.com/biocore/biom-format/0f3855c4af5dd5f33766badd8a6ba2dbdccf29dd/README.md
biocore/deblur,0,0,rule_assigned_readme_scope,https://raw.githubusercontent.com/biocore/deblur/097bdc634783b75390f058835fe04cd258168a1f/README.md
biocore/gneiss,5,5,rule_assigned_readme_scope,https://raw.githubusercontent.com/biocore/gneiss/82e0a09054f27b6eef85d98e5f78b8c6687a8632/README.md
biocore/improved-octo-waddle,2,2,rule_assigned_readme_scope,https://raw.githubusercontent.com/biocore/improved-octo-waddle/0ecd00722bc14016e2ac603641a2046fb052f2a2/README.md
biocore/unifrac,0,0,rule_assigned_readme_scope,https://raw.githubusercontent.com/biocore/unifrac/718ebf7819da822d742c3872ac39143cec166a1f/README.md
biocore/unifrac-binaries,0,0,rule_assigned_readme_scope,https://raw.githubusercontent.com/biocore/unifrac-binaries/f7ad9f73f28bfceb3fc3b981c28c7e39b3d9d7ad/README.md
biocpy/biocframe,1,1,rule_assigned_readme_scope,https://raw.githubusercontent.com/biocpy/biocframe/6db8fddf9eea3b4537ab34736186254fc25c2b94/README.md
biocpy/biocutils,0,0,rule_assigned_readme_scope,https://raw.githubusercontent.com/biocpy/biocutils/45342a750711b52043ac07095a288a2bddeeb408/README.md
biod/sambamba,0,0,rule_assigned_readme_scope,https://raw.githubusercontent.com/biod/sambamba/dba65af68708859203338caa04ac62265fcebeab/README.md
bioexcel/gromacs-2022-cp2k-tutorial,0,0,readme_unavailable,
biofam/mofa2,3,3,rule_assigned_readme_scope,https://raw.githubusercontent.com/biofam/mofa2/4a102f2b491ab600738ddf693a70f0baf032ca68/README.md
bioinformaticsfmrp/tcgabiolinks,11,11,rule_assigned_readme_scope,https://raw.githubusercontent.com/bioinformaticsfmrp/tcgabiolinks/f43e902d183671b165ff1eec94271c7e9b9719c9/README.md
bioio-devs/aicspylibczi,1,1,rule_assigned_readme_scope,https://raw.githubusercontent.com/bioio-devs/aicspylibczi/c8d517edd48f0105096e4474e8158acebea01442/README.md
bioio-devs/bioio,0,0,rule_assigned_readme_scope,https://raw.githubusercontent.com/bioio-devs/bioio/2a376b3c4c82bff3e1de6cab55f463b0f24164e1/README.md
biolink/biolink-model,0,0,rule_assigned_readme_scope,https://raw.githubusercontent.com/biolink/biolink-model/a4180f818e9722c493788c5ff1f047fde64f13a7/README.md
biolink/biolink-model-toolkit,2,2,rule_assigned_readme_scope,https://raw.githubusercontent.com/biolink/biolink-model-toolkit/4234d84f2ed6d850d7f4afd7fca294ef999d2b32/README.md
biopandas/biopandas,4,4,rule_assigned_readme_scope,https://raw.githubusercontent.com/biopandas/biopandas/177136248347a352c17a075b531fd95c3bd164b1/README.md
biopragmatics/bioregistry,2,2,rule_assigned_readme_scope,https://raw.githubusercontent.com/biopragmatics/bioregistry/91f5e13e7a4e13d7de92ef622a45ae686123abe4/README.md
biopragmatics/bioversions,0,0,rule_assigned_readme_scope,https://raw.githubusercontent.com/biopragmatics/bioversions/86602773d0c9605e8e36814ade6aca2dde679300/README.md
biopython/biopython,0,0,rule_assigned_readme_scope,https://raw.githubusercontent.com/biopython/biopython/0d51cefb25ddf23ba32b3c3086446b28e189c9b7/README.rst
biopython/biopython.github.io,0,0,rule_assigned_readme_scope,https://raw.githubusercontent.com/biopython/biopython.github.io/9f1f1ed37a17c959eda168eda64ce07cddf8853d/README.md
biothings/biothings_client.py,0,0,rule_assigned_readme_scope,https://raw.githubusercontent.com/biothings/biothings_client.py/97355536a43570484bff2c140f950aa4f39a63e2/README.rst
biothings/mygene.py,1,1,rule_assigned_readme_scope,https://raw.githubusercontent.com/biothings/mygene.py/8fe6b572db240d2c361811b35452ce0b0ec67be6/README.rst
biothings/myvariant.info,6,6,rule_assigned_readme_scope,https://raw.githubusercontent.com/biothings/myvariant.info/839a72ae33fc296961ddd3e96e86aeec15768adf/README.md
biothings/myvariant.py,0,0,rule_assigned_readme_scope,https://raw.githubusercontent.com/biothings/myvariant.py/704bfa1919bb115a1f42724e83ccf886602d8e46/README.rst
biotite-dev/biotite,0,0,rule_assigned_readme_scope,https://raw.githubusercontent.com/biotite-dev/biotite/1aaf784a826a828fde989ada69e37e05013ac3fc/README.rst
biotite-dev/hydride,0,0,rule_assigned_readme_scope,https://raw.githubusercontent.com/biotite-dev/hydride/0dd267eff4e12962f93248fcf973643e5148e868/README.rst
birollab/abyss,0,0,rule_assigned_readme_scope,https://raw.githubusercontent.com/birollab/abyss/82ab61922c3c2fdd32372de2c470f8217c109284/README.md
bjmt/universalmotif,7,7,rule_assigned_readme_scope,https://raw.githubusercontent.com/bjmt/universalmotif/9d6de02f4e8a0c41d12a528816030c38dc09c602/README.md
black0017/medicalzoopytorch,1,1,rule_assigned_readme_scope,https://raw.githubusercontent.com/black0017/medicalzoopytorch/8f40dab689841d7ff0e36aa5e583a1a1509fac3d/README.md
bmbolstad/affyio,0,0,readme_unavailable,
bmbolstad/affyplm,4,4,readme_unavailable,
bmbolstad/preprocesscore,0,0,readme_unavailable,
booritas/slideio,0,0,rule_assigned_readme_scope,https://raw.githubusercontent.com/booritas/slideio/726bc3e161124985d2e4da1283cdd977c31aeba2/README.md
booritas/slideio-tutorial,11,11,rule_assigned_readme_scope,https://raw.githubusercontent.com/booritas/slideio-tutorial/38da350dffeb170aec7daa236f6138deeaaa579e/README.md
borchlab/screpertoire,25,25,rule_assigned_readme_scope,https://raw.githubusercontent.com/borchlab/screpertoire/7e63859dd9032ca5b95b8fb2126a40c1b9dc3f29/README.md
bowang-lab/medrax,1,1,rule_assigned_readme_scope,https://raw.githubusercontent.com/bowang-lab/medrax/dae30e2f136ef0b2a40885a4c335386e9ffad052/README.md
bowang-lab/medsam,3,3,rule_assigned_readme_scope,https://raw.githubusercontent.com/bowang-lab/medsam/d71e8a1a99ad751840a22a7fa3ecfb4166fb1488/README.md
bowang-lab/medsam2,2,2,rule_assigned_readme_scope,https://raw.githubusercontent.com/bowang-lab/medsam2/332f30d420f1d1b08e2a79b3ae6a602458808383/README.md
bowang-lab/scgpt,10,10,rule_assigned_readme_scope,https://raw.githubusercontent.com/bowang-lab/scgpt/cebd6fae655b9c585a4807daa3ac31bb764f06b4/README.md
bowang-lab/u-mamba,0,0,rule_assigned_readme_scope,https://raw.githubusercontent.com/bowang-lab/u-mamba/28459e33ca03769800dd35e23c6e62491d1925b5/README.md
bp-kelley/descriptastorus,0,0,rule_assigned_readme_scope,https://raw.githubusercontent.com/bp-kelley/descriptastorus/9a190343bcd3cfd35142d378d952613bcac40797/README.md
bradyajohnston/molecularnodes,30,30,rule_assigned_readme_scope,https://raw.githubusercontent.com/bradyajohnston/molecularnodes/46bc57b8b45d9e8282e17b2b2ae2180b599430b6/README.md
braindecode/braindecode,0,0,rule_assigned_readme_scope,https://raw.githubusercontent.com/braindecode/braindecode/f553e13e88e3b41ce86bbfabb8a72b89bd831dc4/README.rst
braindecode/braindecode.github.io,356,356,readme_unavailable,
brainflow-dev/brainflow,1,1,rule_assigned_readme_scope,https://raw.githubusercontent.com/brainflow-dev/brainflow/bd3789193a6941783ebe89c97602af2496c7310a/README.md
brainglobe/brainrender,1,1,rule_assigned_readme_scope,https://raw.githubusercontent.com/brainglobe/brainrender/c7d625d1ea7e870002e9bb82dd394b7aa5e2c2fd/README.md
brainpy/brainpy,58,58,rule_assigned_readme_scope,https://raw.githubusercontent.com/brainpy/brainpy/77eadd7e2bb673b2f860be492b6db831f79ff01a/README.md
brainpy/examples,65,65,rule_assigned_readme_scope,https://raw.githubusercontent.com/brainpy/examples/b3ff2036e92bdfeca43877b44e0ba98c93229c2c/README.md
brentp/cyvcf2,0,0,rule_assigned_readme_scope,https://raw.githubusercontent.com/brentp/cyvcf2/805324072166818e5e67ebe09ba1b7ce829797ae/README.md
brentp/mosdepth,0,0,rule_assigned_readme_scope,https://raw.githubusercontent.com/brentp/mosdepth/3211a79388ca3316b91df8b6cb5fb6ab2c7e2461/README.md
brian-team/brian2,3,3,rule_assigned_readme_scope,https://raw.githubusercontent.com/brian-team/brian2/ecd72a361f5478f2b2269c8e870c20e73fdc5a5a/README.md
brian-team/brian2-doc-resources,3,3,rule_assigned_readme_scope,https://raw.githubusercontent.com/brian-team/brian2-doc-resources/b144d2655ccd8cae93fc87e70a962d91a006c5e5/README.md
broadinstitute/cromwell,0,0,rule_assigned_readme_scope,https://raw.githubusercontent.com/broadinstitute/cromwell/f1b30430fa32539e0b73932ebc160cd5335792c8/README.md
broadinstitute/gatk,1,1,rule_assigned_readme_scope,https://raw.githubusercontent.com/broadinstitute/gatk/0cde69eed30339f5978cbb1ac6e5cf3662f9e1f8/README.md
broadinstitute/infercnv,4,4,rule_assigned_readme_scope,https://raw.githubusercontent.com/broadinstitute/infercnv/65e6bf554600c92e7d5c121e98247d9c3f888a0d/README.md
broadinstitute/picard,0,0,rule_assigned_readme_scope,https://raw.githubusercontent.com/broadinstitute/picard/c2a483d497d1b0fe6d0ab518b1b32fe98fad0741/README.md
bustools/bus_notebooks_python,13,13,rule_assigned_readme_scope,https://raw.githubusercontent.com/bustools/bus_notebooks_python/6e6a8e6536e975d7c2a31fdbcd460f54fb980c76/README.md
bwa-mem2/bwa-mem2,0,0,rule_assigned_readme_scope,https://raw.githubusercontent.com/bwa-mem2/bwa-mem2/97978f950c3aa240a168bb688908b6a3e1e7644e/README.md
bxlab/bx-python,0,0,rule_assigned_readme_scope,https://raw.githubusercontent.com/bxlab/bx-python/840a15638d924a3149b52cf6a7acdb7e2c0006b9/README.md
caiyuanhao1998/sax-nerf,0,0,rule_assigned_readme_scope,https://raw.githubusercontent.com/caiyuanhao1998/sax-nerf/e7cd88c82aaf11ea23b85ceba0025897fa7d9bb0/README.md
campbio/celda,6,6,rule_assigned_readme_scope,https://raw.githubusercontent.com/campbio/celda/5f268e9a1f254ebd6901517b35892ddc15e34530/README.md
carmonalab/ucell,4,4,rule_assigned_readme_scope,https://raw.githubusercontent.com/carmonalab/ucell/f778e091f19e28d3d05bde134663fd6b2f938267/README.md
cbcrg/tcoffee,0,0,rule_assigned_readme_scope,https://raw.githubusercontent.com/cbcrg/tcoffee/04ec7406b2e13cd18c3f2077541079c8e059ff01/README.md
cbioportal/cbioportal,0,0,rule_assigned_readme_scope,https://raw.githubusercontent.com/cbioportal/cbioportal/6e99901ada180d23e3713db60d47fd4e7cb2f579/README.md
cbluebenchmark/cblue,0,0,rule_assigned_readme_scope,https://raw.githubusercontent.com/cbluebenchmark/cblue/6a2c54f6a69265a33181c752a5350277149b8883/README.md
cbouy/mols2grid,5,5,rule_assigned_readme_scope,https://raw.githubusercontent.com/cbouy/mols2grid/3b8b3dba1e1ee09506ee10c213179107a949a145/README.md
ccp4/ccp4i2,0,0,readme_unavailable,
ccpem/mrcfile,0,0,rule_assigned_readme_scope,https://raw.githubusercontent.com/ccpem/mrcfile/a2a8c6b569a57b7f18b023b5056fa7a14f2f99c2/README.rst
ccsb-scripps/autodock-vina,0,0,rule_assigned_readme_scope,https://raw.githubusercontent.com/ccsb-scripps/autodock-vina/3c65c0b3e6c2c1d183f6a175ecb65e3c5ba91645/README.md
cellprofiler/cellprofiler,0,0,rule_assigned_readme_scope,https://raw.githubusercontent.com/cellprofiler/cellprofiler/03f79f7e2639328723c64ee0a6118a2e00cbc651/README.md
cellprofiler/centrosome,0,0,rule_assigned_readme_scope,https://raw.githubusercontent.com/cellprofiler/centrosome/fb6881b5c07221bbe80ff356beeb04d2273ecd78/README.rst
cerner/cds-services-tutorial,0,0,rule_assigned_readme_scope,https://raw.githubusercontent.com/cerner/cds-services-tutorial/5de4dfcc4c90c22d5a375cd5ba652d13aef6b41f/README.md
cgatoxford/umi-tools,0,0,rule_assigned_readme_scope,https://raw.githubusercontent.com/cgatoxford/umi-tools/c457eefc5e0c47368cf3652b9b6d497b78c3050a/README.rst
cgohlke/molmass,0,0,rule_assigned_readme_scope,https://raw.githubusercontent.com/cgohlke/molmass/06ed7815647c68cb3e4575370a0dee7a4960307b/README.rst
chainer/chainer-chemistry,2,2,rule_assigned_readme_scope,https://raw.githubusercontent.com/chainer/chainer-chemistry/efe323aa21f63a815130d673781e7cca1ccb72d2/README.md
chanzuckerberg/cellxgene,0,0,rule_assigned_readme_scope,https://raw.githubusercontent.com/chanzuckerberg/cellxgene/76a39fcf92da57c9e4fd59831ad805a3b007da8c/README.md
chanzuckerberg/cellxgene-census,38,62,rule_assigned_readme_scope,https://raw.githubusercontent.com/chanzuckerberg/cellxgene-census/2d356b05178dec539857982f6e8e3cb3ee58fd4b/README.md
chanzuckerberg/cellxgene-documentation,0,0,rule_assigned_readme_scope,https://raw.githubusercontent.com/chanzuckerberg/cellxgene-documentation/bd38aa9a9b5e3e482e022217c269bd3fc94060d7/README.md
chanzuckerberg/miniwdl,0,0,rule_assigned_readme_scope,https://raw.githubusercontent.com/chanzuckerberg/miniwdl/8321868cfeb2535feead371d597c9b2e5a4c701b/README.md
chapmanb/bcbb,1,1,rule_assigned_readme_scope,https://raw.githubusercontent.com/chapmanb/bcbb/320353c64ee0dc938113ca36f19b2e6de6b597be/README.md
chemfiles/chemfiles.py,0,0,rule_assigned_readme_scope,https://raw.githubusercontent.com/chemfiles/chemfiles.py/2a002f2ec70983e57b94809572bfae2aa304377b/README.md
chemosim-lab/prolif,7,7,rule_assigned_readme_scope,https://raw.githubusercontent.com/chemosim-lab/prolif/19f1800218387c49536eb9d3e8cd3044fdb337ee/README.rst
chemprop/chemprop,46,46,rule_assigned_readme_scope,https://raw.githubusercontent.com/chemprop/chemprop/db0bb86fbad6f6ec3c414202810390d8acc8baa0/README.md
chhylp123/hifiasm,0,0,rule_assigned_readme_scope,https://raw.githubusercontent.com/chhylp123/hifiasm/ec9a8b222d149d25b7355e83765698640d59b189/README.md
choderalab/pymbar,0,0,rule_assigned_readme_scope,https://raw.githubusercontent.com/choderalab/pymbar/ed40ec3bbef03bb08938ad1a74d459b0d1ab81f7/README.md
cidarlab/cello,0,0,rule_assigned_readme_scope,https://raw.githubusercontent.com/cidarlab/cello/11644045e5ab677965a8e5765db2fb8535484a53/README.md
clawbio/clawbio,5,5,rule_assigned_readme_scope,https://raw.githubusercontent.com/clawbio/clawbio/613ff3ef6cd44e6de5f20aa30679c1d5f50f38a4/README.md
clbarnes/transformnd,2,2,rule_assigned_readme_scope,https://raw.githubusercontent.com/clbarnes/transformnd/03bbf95ed84748ec675d3c8fe37a5899cb4c95c2/README.md
clinical-genomics/cg,0,0,rule_assigned_readme_scope,https://raw.githubusercontent.com/clinical-genomics/cg/bc4384b82d8554683b965ce9b6053124e5628ba8/README.md
cmu-delphi/delphi-epidata,0,0,rule_assigned_readme_scope,https://raw.githubusercontent.com/cmu-delphi/delphi-epidata/3c86d8b372ce4d3ea316393b35a628f49ef58ca7/README.md
cokelaer/bioservices,17,17,rule_assigned_readme_scope,https://raw.githubusercontent.com/cokelaer/bioservices/7a18fb044839e0f12c2e6d4a4a42ce9994b4c23f/README.rst
combine-lab/salmon,0,0,rule_assigned_readme_scope,https://raw.githubusercontent.com/combine-lab/salmon/ed926b8f6120c592ba13e696fe24732004ee0132/README.md
common-workflow-language/cwl-upgrader,0,0,rule_assigned_readme_scope,https://raw.githubusercontent.com/common-workflow-language/cwl-upgrader/e7f1470d564f64bec7c276d9d6937475c4ce45f3/README.rst
common-workflow-language/cwltool,0,0,rule_assigned_readme_scope,https://raw.githubusercontent.com/common-workflow-language/cwltool/190415a46a7249ab85fde87d797ec1ea688a8cc5/README.rst
commontk/ctk,0,0,rule_assigned_readme_scope,https://raw.githubusercontent.com/commontk/ctk/a5c2e4d1cdac28e0b93c3434ec042f19e63d1d55/README.md
compomics/peptide-shaker,0,0,rule_assigned_readme_scope,https://raw.githubusercontent.com/compomics/peptide-shaker/dfb9f31ab20f4bd52010c3ea3c11e0e2939c0f9b/README.md
compomics/searchgui,0,0,rule_assigned_readme_scope,https://raw.githubusercontent.com/compomics/searchgui/3b4021a2b8f83439da830d2140860c90b72bc382/README.md
computational-cell-analytics/micro-sam,5,5,rule_assigned_readme_scope,https://raw.githubusercontent.com/computational-cell-analytics/micro-sam/de4231fe0c7749bb85cecad2ecad1ea6e93413b6/README.md
const-ae/glmgampoi,3,3,rule_assigned_readme_scope,https://raw.githubusercontent.com/const-ae/glmgampoi/95cffb79b02ce1239112d3c8b4adabfb448940bf/README.md
const-ae/sparsematrixstats,2,2,rule_assigned_readme_scope,https://raw.githubusercontent.com/const-ae/sparsematrixstats/4a46ab45f7775e2451dc5061850b80efafaa834c/README.md
copasi/basico,30,30,assistant_individual_readme_review,https://raw.githubusercontent.com/copasi/basico/be85533447778c7ecd1000c8b440fdaa66e58fe0/README.md
cornerstonejs/cornerstone,0,0,rule_assigned_readme_scope,https://raw.githubusercontent.com/cornerstonejs/cornerstone/da4727841d56872b78ae60f4b7a1e58468b7fad6/README.md
cornerstonejs/cornerstone3d,0,0,rule_assigned_readme_scope,https://raw.githubusercontent.com/cornerstonejs/cornerstone3d/071b8b57b8707448d1d6ec5d5f1ad28556ba9eee/README.md
cov-lineages/pango-designation,1,1,rule_assigned_readme_scope,https://raw.githubusercontent.com/cov-lineages/pango-designation/40adc91a9d0e093c22162aaaf79a3ea4b5ea9772/README.md
crazyhottommy/getting-started-with-genomics-tools-and-resources,0,0,rule_assigned_readme_scope,https://raw.githubusercontent.com/crazyhottommy/getting-started-with-genomics-tools-and-resources/49ecb31be9697844c544218a3203f5fd2ced8cdd/README.md
cthoyt/ols-client,0,0,rule_assigned_readme_scope,https://raw.githubusercontent.com/cthoyt/ols-client/2301bb5f04a59245bfa0fd9a83a8113ba68928c4/README.md
cytoscape/rcy3,14,14,rule_assigned_readme_scope,https://raw.githubusercontent.com/cytoscape/rcy3/120ba273d257dc35d71ab7cbf965c29b528d01f1/README.md
daehwankimlab/hisat2,0,0,rule_assigned_readme_scope,https://raw.githubusercontent.com/daehwankimlab/hisat2/0d244324f98de541bce04d45c75e83bc3522f7f4/README.md
daler/gffutils,0,0,rule_assigned_readme_scope,https://raw.githubusercontent.com/daler/gffutils/6b84330f472dd2b4c69e36f319da7ade95bd5961/README.rst
daler/pybedtools,0,0,rule_assigned_readme_scope,https://raw.githubusercontent.com/daler/pybedtools/efb8534c11ca6b45a6cd173ff3b3d1bf754e34a1/README.rst
dandi/dandi-cli,0,0,rule_assigned_readme_scope,https://raw.githubusercontent.com/dandi/dandi-cli/817818b508d046d93d22394fe2749152064e8a2d/README.md
danforthcenter/plantcv,0,0,rule_assigned_readme_scope,https://raw.githubusercontent.com/danforthcenter/plantcv/9e536e7603653c0649742eb894ef009d743df7d7/README.md
danforthcenter/plantcv-tutorial-arabidopsis-tray,1,1,rule_assigned_readme_scope,https://raw.githubusercontent.com/danforthcenter/plantcv-tutorial-arabidopsis-tray/a1b6d17e42b027e9249d1e38c9ed6fd9ae843bf3/README.md
danforthcenter/plantcv-tutorial-morphology,1,1,rule_assigned_readme_scope,https://raw.githubusercontent.com/danforthcenter/plantcv-tutorial-morphology/9c9f32eb5ef92ad79f1d5b248b5180e33f0d078f/README.md
danforthcenter/plantcv-tutorial-seeds,1,1,rule_assigned_readme_scope,https://raw.githubusercontent.com/danforthcenter/plantcv-tutorial-seeds/34f3c629a8f07a376e32ef0ae0d1abbe8ea4389d/README.md
danforthcenter/plantcv-tutorial-simple-rgb-workflow,2,2,assistant_individual_readme_review,https://raw.githubusercontent.com/danforthcenter/plantcv-tutorial-simple-rgb-workflow/a19ab864a8346bb83f6a753fdf50a7d231bf390a/README.md
danforthcenter/plantcv-tutorial-template,2,2,rule_assigned_readme_scope,https://raw.githubusercontent.com/danforthcenter/plantcv-tutorial-template/56d8b41530cf9b7eb466fcadd0ac21006d1557f1/README.md
danforthcenter/plantcv-tutorial-thermal,1,1,rule_assigned_readme_scope,https://raw.githubusercontent.com/danforthcenter/plantcv-tutorial-thermal/47d47725a76f2854986d49d9ef3a0ac3ff82d6e4/README.md
danforthcenter/plantcv-tutorial-v4-multiobject,1,1,rule_assigned_readme_scope,https://raw.githubusercontent.com/danforthcenter/plantcv-tutorial-v4-multiobject/a299680f7feee431015c3f411f2875786989698d/README.md
danforthcenter/plantcv-tutorial-vis-nir,1,1,rule_assigned_readme_scope,https://raw.githubusercontent.com/danforthcenter/plantcv-tutorial-vis-nir/e32df0dd774daf49be1258615084c33b0b1a60ad/README.md
danforthcenter/plantcv-tutorial-watershed,1,1,rule_assigned_readme_scope,https://raw.githubusercontent.com/danforthcenter/plantcv-tutorial-watershed/6b5062ca0ac38f25a22bdef553c63aab0d8d152a/README.md
danielecook/awesome-bioinformatics,0,0,rule_assigned_readme_scope,https://raw.githubusercontent.com/danielecook/awesome-bioinformatics/296ed1b7794c0973ba5fdb1278e4ba4c47ca0d65/README.md
databio/pypiper,2,2,rule_assigned_readme_scope,https://raw.githubusercontent.com/databio/pypiper/14e6dbf9ff68698893918aad23fcf0dfd2fc6164/README.md
databiosphere/toil,0,0,rule_assigned_readme_scope,https://raw.githubusercontent.com/databiosphere/toil/a8074291ba1c9b163ce5b8821e455c11ee55d71f/README.rst
datajoint/datajoint-docs,24,24,rule_assigned_readme_scope,https://raw.githubusercontent.com/datajoint/datajoint-docs/20a126da797088d07e964c6db9a9cb8fd7657e4a/README.md
datajoint/datajoint-python,0,0,rule_assigned_readme_scope,https://raw.githubusercontent.com/datajoint/datajoint-python/f8f1fb9295bf55d30a5337c9360aadb7a665fbdd/README.md
datamol-io/datamol,13,13,rule_assigned_readme_scope,https://raw.githubusercontent.com/datamol-io/datamol/ea501d4bbe12909325eaceb881abfbc316440c9a/README.md
datapplab/gage,3,3,rule_assigned_readme_scope,https://raw.githubusercontent.com/datapplab/gage/d99df9a469281bb763888db97df56b0d0b41bbc5/README.md
datapplab/pathview,1,1,rule_assigned_readme_scope,https://raw.githubusercontent.com/datapplab/pathview/1f17eb73930610ec9ca51545f536f79a728f6b19/README.md
dauparas/proteinmpnn,6,6,rule_assigned_readme_scope,https://raw.githubusercontent.com/dauparas/proteinmpnn/8907e6671bfbfc92303b5f79c4b5e6ce47cdef57/README.md
davidemms/orthofinder,0,0,rule_assigned_readme_scope,https://raw.githubusercontent.com/davidemms/orthofinder/43f9bc7273a33d2e7a4e8d1c55b5117ed7f08a42/README.md
davislaboratory/singscore,1,1,rule_assigned_readme_scope,https://raw.githubusercontent.com/davislaboratory/singscore/7a45243832a4e84375c67a2ed58f989b9009bb87/README.md
dc-analysis/dclab,0,0,rule_assigned_readme_scope,https://raw.githubusercontent.com/dc-analysis/dclab/f707b721c53b31b149e7937179a59920821239f0/README.rst
deepchem/deepchem,78,78,rule_assigned_readme_scope,https://raw.githubusercontent.com/deepchem/deepchem/455d07f3e17e880a4d980b5b0365e4a02b417e14/README.md
deepgraphlearning/torchdrug,0,0,rule_assigned_readme_scope,https://raw.githubusercontent.com/deepgraphlearning/torchdrug/6066fbd82360abb5f270cba1eca560af01b8cc90/README.md
deeplabcut/deeplabcut,17,17,rule_assigned_readme_scope,https://raw.githubusercontent.com/deeplabcut/deeplabcut/fa5a8c36100c85300b7d4a534deb38d7bd8b2fa8/README.md
deepmedic/deepmedic,0,0,rule_assigned_readme_scope,https://raw.githubusercontent.com/deepmedic/deepmedic/e10ba7c3570d06194f5dadca91d99d5e7bba7de5/README.md
deepmodeling/unimol_tools,0,0,rule_assigned_readme_scope,https://raw.githubusercontent.com/deepmodeling/unimol_tools/670afbd3144b58caef1d76cc618ddfeaecab8424/README.md
deeptools/deeptools,0,0,rule_assigned_readme_scope,https://raw.githubusercontent.com/deeptools/deeptools/1447308445b3fbe5927884f700a39832a1b60930/README.md
deeptools/deeptools_intervals,0,0,rule_assigned_readme_scope,https://raw.githubusercontent.com/deeptools/deeptools_intervals/20702772939bebdb477d20c4feceb680474a3330/README.md
deeptools/hicexplorer,1,1,rule_assigned_readme_scope,https://raw.githubusercontent.com/deeptools/hicexplorer/c2ad8630c48e04f0ce4229d75d4b1766df79317c/README.rst
deeptools/py2bit,0,0,rule_assigned_readme_scope,https://raw.githubusercontent.com/deeptools/py2bit/9156e7607b269cb594e0c1c1751c7f56c5e08568/README.md
deeptools/pybigwig,0,0,rule_assigned_readme_scope,https://raw.githubusercontent.com/deeptools/pybigwig/ba014d9a6c3edd521fd41f8107e5e9ef710f05a6/README.md
deeptools/pygenometracks,0,0,rule_assigned_readme_scope,https://raw.githubusercontent.com/deeptools/pygenometracks/f25fcf1a48bb16a0afbd1cb95e9c5fed99d27fc7/README.md
dereneaton/ipyrad,88,88,rule_assigned_readme_scope,https://raw.githubusercontent.com/dereneaton/ipyrad/007e0680f0d7b20774ee60f82e0dceee4002527d/README.rst
derrickwood/kraken2,0,0,rule_assigned_readme_scope,https://raw.githubusercontent.com/derrickwood/kraken2/01fb1d90167c720b6ecab3db707587d6406c8df4/README.md
deweylab/rsem,0,0,rule_assigned_readme_scope,https://raw.githubusercontent.com/deweylab/rsem/800234e0d25d16bf7042804604c4371f12b96d9e/README.md
dhimmel/obonet,1,1,rule_assigned_readme_scope,https://raw.githubusercontent.com/dhimmel/obonet/f47d326ae44c324cce44eec39937b69c657083c3/README.md
dib-lab/khmer,1,1,rule_assigned_readme_scope,https://raw.githubusercontent.com/dib-lab/khmer/fb65d21eaedf0d397d49ae3debc578897f9d6eb4/README.rst
dib-lab/screed,0,0,rule_assigned_readme_scope,https://raw.githubusercontent.com/dib-lab/screed/f0fcfcc297c0c72ff8c0ef6ea2f207a457ccdcf7/README.md
digital-chemistry-laboratory/morfeus,0,0,rule_assigned_readme_scope,https://raw.githubusercontent.com/digital-chemistry-laboratory/morfeus/e5dacf9e0519249ea0ce22f113b490da18846441/README.md
dillontsmith/leabra,7,7,rule_assigned_readme_scope,https://raw.githubusercontent.com/dillontsmith/leabra/f8b1a3e609037a80289c69b9b18044e509162fb1/readme.md
dipy/dipy,0,0,rule_assigned_readme_scope,https://raw.githubusercontent.com/dipy/dipy/ce44b3f991628ff9fcbfc1231ec6d7a43a99d7eb/README.rst
diseaseneurogenomics/variancepartition,7,7,rule_assigned_readme_scope,https://raw.githubusercontent.com/diseaseneurogenomics/variancepartition/eae3e4eb63593033c154f3c70518344c88c5ba5e/README.md
dlce-eva/commonnexus,0,0,rule_assigned_readme_scope,https://raw.githubusercontent.com/dlce-eva/commonnexus/898ab68db93607463ed6622451307471a3865d78/README.md
dltk/dltk,4,4,rule_assigned_readme_scope,https://raw.githubusercontent.com/dltk/dltk/f94d3bb509eb0741164149acbef0788769a869e4/README.md
dmis-lab/biobert,0,0,rule_assigned_readme_scope,https://raw.githubusercontent.com/dmis-lab/biobert/e283eaab95788fb51b5567018fb52b39d4c1c039/README.md
dnanexus/dx-toolkit,0,0,readme_unavailable,
dpeerlab/palantir,7,7,rule_assigned_readme_scope,https://raw.githubusercontent.com/dpeerlab/palantir/f819d5156c8f9a24238fd77fc6d45af16761edfc/README.md
dridk/pyvcf3,0,0,rule_assigned_readme_scope,https://raw.githubusercontent.com/dridk/pyvcf3/1fb3789153d1d8e28e2cedf121399f276b5f312a/README.rst
drighelli/spatialexperiment,1,1,rule_assigned_readme_scope,https://raw.githubusercontent.com/drighelli/spatialexperiment/0b2953777e17bd031b693315102787afa0f252c8/README.md
drisso/edaseq,1,1,rule_assigned_readme_scope,https://raw.githubusercontent.com/drisso/edaseq/48d19be93c781992ac57741a5c6fe2024a4f2b93/README.md
drisso/ruvseq,1,1,rule_assigned_readme_scope,https://raw.githubusercontent.com/drisso/ruvseq/f560e84eb493f0c2d72279612f9e4ca99493b434/README.md
drisso/zinbwave,1,1,rule_assigned_readme_scope,https://raw.githubusercontent.com/drisso/zinbwave/0835b7df99bda31a5aa5ed058ad295422af2b52b/README.md
drrdom/pmapper,2,2,rule_assigned_readme_scope,https://raw.githubusercontent.com/drrdom/pmapper/2f77e6482f6bd9bd7cc1f62b5d569ffdb8e8aafd/README.md
durrantlab/dimorphite_dl,0,0,rule_assigned_readme_scope,https://raw.githubusercontent.com/durrantlab/dimorphite_dl/1166e1f7b4b2f792a02867636af4af49555a8f11/README.md
ebi-gene-expression-group/scanpy-scripts,0,0,rule_assigned_readme_scope,https://raw.githubusercontent.com/ebi-gene-expression-group/scanpy-scripts/ddc08def1719d5bac2f406239c98184be574930f/README.md
ebivariation/eva-sub-cli,0,0,rule_assigned_readme_scope,https://raw.githubusercontent.com/ebivariation/eva-sub-cli/69c59f1aa7ff778cc6b813a2f319c9ff045c0fcc/README.md
ecogenomics/gtdbtk,1,1,rule_assigned_readme_scope,https://raw.githubusercontent.com/ecogenomics/gtdbtk/881e46ce3cce2c1ac6b056a6825ec09483d828af/README.md
eddyrivaslab/hmmer,0,0,rule_assigned_readme_scope,https://raw.githubusercontent.com/eddyrivaslab/hmmer/9acd8b6758a0ca5d21db6d167e0277484341929b/README.md
eddyrivaslab/infernal,0,0,rule_assigned_readme_scope,https://raw.githubusercontent.com/eddyrivaslab/infernal/f80cd7618636e44e3963f65625cea78c38a8d823/README.md
edinburgh-genome-foundry/dnafeaturesviewer,0,0,rule_assigned_readme_scope,https://raw.githubusercontent.com/edinburgh-genome-foundry/dnafeaturesviewer/049bbe4e3063e90ae9b0f88ac7e92f47b735d38a/README.rst
ega-archive/crypt4gh,0,0,rule_assigned_readme_scope,https://raw.githubusercontent.com/ega-archive/crypt4gh/7e1d4053c8b04995f32081fa564f014242a214eb/README.md
eggnogdb/eggnog-mapper,0,0,rule_assigned_readme_scope,https://raw.githubusercontent.com/eggnogdb/eggnog-mapper/b3757a6d226047527a729546e58ff530d76a5d7d/README.md
ei-corebioinformatics/portcullis,0,0,rule_assigned_readme_scope,https://raw.githubusercontent.com/ei-corebioinformatics/portcullis/3adf757e3f90ef4a931025906fa82d7aabd53fba/README.md
electrostatics/mmcif_pdbx,0,0,rule_assigned_readme_scope,https://raw.githubusercontent.com/electrostatics/mmcif_pdbx/3f7259c19bc0ce597e1acf0221cfdc1f71c09e61/README.md
electrostatics/pdb2pqr,0,0,rule_assigned_readme_scope,https://raw.githubusercontent.com/electrostatics/pdb2pqr/d97ba38fe8ef115734b7e04fa01582f318846bf7/README.md
ellisdg/3dunetcnn,5,5,rule_assigned_readme_scope,https://raw.githubusercontent.com/ellisdg/3dunetcnn/4360713f5ae4a985c66374d003b007a7b415f88e/README.md
ensembl/ensembl-vep,0,0,rule_assigned_readme_scope,https://raw.githubusercontent.com/ensembl/ensembl-vep/cee181c2a1bb31900a0b7526168c67577fb23928/README.md
epam/indigo,6,7,rule_assigned_readme_scope,https://raw.githubusercontent.com/epam/indigo/c0c22c698bb96aa944e50f1ae31e6810492c5074/README.md
epam/ketcher,0,0,rule_assigned_readme_scope,https://raw.githubusercontent.com/epam/ketcher/e4f37974e07a1a6c20f33c556c53d3852492b0da/README.md
eselkin/awesome-computational-neuroscience,0,0,readme_unavailable,
etal/cnvkit,0,0,rule_assigned_readme_scope,https://raw.githubusercontent.com/etal/cnvkit/b4509b4f4582571590cf400b04ad965662a3d121/README.rst
etal/cnvkit-examples,0,0,rule_assigned_readme_scope,https://raw.githubusercontent.com/etal/cnvkit-examples/7b5b4395a17f72f61f572d27ec30f3fc6f914b10/README.md
etetoolkit/ete,0,0,rule_assigned_readme_scope,https://raw.githubusercontent.com/etetoolkit/ete/9562dfb6a02795dfda3975be5025f83b8dc884b1/README.md
evanyeyeye/rainbow,0,0,rule_assigned_readme_scope,https://raw.githubusercontent.com/evanyeyeye/rainbow/e63c79e5842fb9882bc2fe6459ce8f773275e34f/README.md
evo-design/evo,1,1,rule_assigned_readme_scope,https://raw.githubusercontent.com/evo-design/evo/6856bba48bd0b212fb10919bdafc34795338e154/README.md
eyurtsev/fcsparser,1,1,rule_assigned_readme_scope,https://raw.githubusercontent.com/eyurtsev/fcsparser/da70aaa7ec92ff3bd9ce00aec4eea7c77ee8c096/README.rst
facebookresearch/esm,8,8,rule_assigned_readme_scope,https://raw.githubusercontent.com/facebookresearch/esm/2b369911bb5b4b0dda914521b9475cad1656b2ac/README.md
facebookresearch/fastmri,2,2,rule_assigned_readme_scope,https://raw.githubusercontent.com/facebookresearch/fastmri/91f2df4711adbb6d643df1810f234e4abcf5881b/README.md
fahadshamshad/awesome-transformers-in-medical-imaging,0,0,rule_assigned_readme_scope,https://raw.githubusercontent.com/fahadshamshad/awesome-transformers-in-medical-imaging/d7768e4860d121cbbb5c19bc81ec83d79cc893e0/README.md
fastdatascience/drug_named_entity_recognition,2,2,rule_assigned_readme_scope,https://raw.githubusercontent.com/fastdatascience/drug_named_entity_recognition/fc46f9c8241f49f8dd225bd92d7ded9e727bc965/README.md
fastdatascience/medical_named_entity_recognition,0,0,rule_assigned_readme_scope,https://raw.githubusercontent.com/fastdatascience/medical_named_entity_recognition/6967169f91c9eeecf26c513b841d2ac479d09195/README.md
fastlmm/bed-reader,1,1,rule_assigned_readme_scope,https://raw.githubusercontent.com/fastlmm/bed-reader/0128fc755745c8e1cbe49d677479e5cfc3b2f49e/README.md
fastlmm/pysnptools,4,4,rule_assigned_readme_scope,https://raw.githubusercontent.com/fastlmm/pysnptools/5230e0cf6942dcfa7913df512787bcd91f6e99d1/README.md
fastobo/fastobo-py,3,3,rule_assigned_readme_scope,https://raw.githubusercontent.com/fastobo/fastobo-py/08e17fd483d62dc468a1e9211991ad5497384775/README.md
federicomarini/goseq,1,1,rule_assigned_readme_scope,https://raw.githubusercontent.com/federicomarini/goseq/683c7baae0a151fe653f58b90b7f0179c3365a41/README.md
federicomarini/topgo,1,1,rule_assigned_readme_scope,https://raw.githubusercontent.com/federicomarini/topgo/c35a4c60d1845caf5c6607a3dfd53d3169fde409/README.md
felixkrueger/trimgalore,0,0,rule_assigned_readme_scope,https://raw.githubusercontent.com/felixkrueger/trimgalore/c6528e54512e0e388a392d36475291bcbf0eb0dd/README.md
fideus-labs/ngff-zarr,1,1,rule_assigned_readme_scope,https://raw.githubusercontent.com/fideus-labs/ngff-zarr/00db10898d8b025cf29bd07cc1e9d054eaf7949c/README.md
fieldtrip/fieldtrip,0,0,rule_assigned_readme_scope,https://raw.githubusercontent.com/fieldtrip/fieldtrip/7bcde3ff5ff0222693d433343f7f04db579a64a9/README.md
fnndsc/ami,0,0,rule_assigned_readme_scope,https://raw.githubusercontent.com/fnndsc/ami/9e97472a0d24ee9dcab3d8cf8881351d6630a1ff/README.md
fo-dicom/fo-dicom,0,0,rule_assigned_readme_scope,https://raw.githubusercontent.com/fo-dicom/fo-dicom/7ea6d424d0b0e11ecf6a55e81a8ac58b05d5e3e2/README.md
fooof-tools/fooof,0,0,rule_assigned_readme_scope,https://raw.githubusercontent.com/fooof-tools/fooof/d2cdf025331598f53563efe249dbc0e43a3fb54b/README.rst
forlilab/meeko,0,0,rule_assigned_readme_scope,https://raw.githubusercontent.com/forlilab/meeko/1eac18bd6d1111f35f9f1abaa8af502c2668d054/README.md
forlilab/tutorials,0,0,rule_assigned_readme_scope,https://raw.githubusercontent.com/forlilab/tutorials/cd3dd8dbddcba347c6ee3b9f8e7bdf67729b0291/README.md
frederickhuanglin/ancombc,6,6,rule_assigned_readme_scope,https://raw.githubusercontent.com/frederickhuanglin/ancombc/dc4febdf59badb3a8dfe0c767ef2186323c2199a/README.md
freebayes/freebayes,0,0,rule_assigned_readme_scope,https://raw.githubusercontent.com/freebayes/freebayes/fdf7eee643767688c11015c17126732aca1a69f6/README.md
freedomintelligence/awesome-ai4med,0,0,rule_assigned_readme_scope,https://raw.githubusercontent.com/freedomintelligence/awesome-ai4med/62def4feb707cf4df9a3aeb2ffa4735c4a5cc5f2/README.md
freesurfer/freesurfer,2,2,rule_assigned_readme_scope,https://raw.githubusercontent.com/freesurfer/freesurfer/f7e0031df53972a43fda34d9f4488ba9d39c778b/README.md
fritzsedlazeck/sniffles,0,0,rule_assigned_readme_scope,https://raw.githubusercontent.com/fritzsedlazeck/sniffles/684c7cb2f2f1d0a6dfe794617c661b1b7018c8c3/README.md
fudan-generative-vision/dynamicpdb,0,0,rule_assigned_readme_scope,https://raw.githubusercontent.com/fudan-generative-vision/dynamicpdb/e1805e09aa9075bb1c9ea75c692a142e09613ab0/README.md
fulcrumgenomics/fgbio,0,0,rule_assigned_readme_scope,https://raw.githubusercontent.com/fulcrumgenomics/fgbio/e51a661b0e3b6a2ba2f1c98e389450d6b9fa3e97/README.md
ga4gh/vrs-python,6,6,rule_assigned_readme_scope,https://raw.githubusercontent.com/ga4gh/vrs-python/859e77a132b8f097d52e1f0023cfa3d9225aa208/README.md
gaius-augustus/augustus,0,0,rule_assigned_readme_scope,https://raw.githubusercontent.com/gaius-augustus/augustus/220e5a63c0fd546563472ec6d1f9271faddaf569/README.md
galaxyproject/bioblend,0,0,rule_assigned_readme_scope,https://raw.githubusercontent.com/galaxyproject/bioblend/42ddabd09e97bd78e259e876e394b4204476004f/README.rst
galaxyproject/galaxy,5,5,rule_assigned_readme_scope,https://raw.githubusercontent.com/galaxyproject/galaxy/40f80ba8d732d24b50ba5a8dc0b92a3b4aaf53ad/README.rst
galaxyproject/galaxy-lib,0,0,rule_assigned_readme_scope,https://raw.githubusercontent.com/galaxyproject/galaxy-lib/6743b69fd2e622da150c26f64a5e5e5ae9334f91/README.rst
gbif/pygbif,1,1,rule_assigned_readme_scope,https://raw.githubusercontent.com/gbif/pygbif/dcbdb6400d2e8258ae19aa3371bab48138a919de/README.rst
gcorso/diffdock,0,0,rule_assigned_readme_scope,https://raw.githubusercontent.com/gcorso/diffdock/85c49b60d3e0b0182a59ee43a34a6d7036981284/README.md
ge11232002/cner,3,3,rule_assigned_readme_scope,https://raw.githubusercontent.com/ge11232002/cner/4e2b72c9c372cf782cdaaff24803ec354a6ea665/README.md
ge11232002/tfbstools,2,2,rule_assigned_readme_scope,https://raw.githubusercontent.com/ge11232002/tfbstools/535a5544d1669a808755355e8d51e76c9757563e/README.md
genenotebook/genenotebook,0,0,rule_assigned_readme_scope,https://raw.githubusercontent.com/genenotebook/genenotebook/acbd02b0a08caf01517a765898f43116ab0d12c0/README.md
genenotebook/genenotebook.github.io,0,0,readme_unavailable,
generatebio/chroma,4,4,rule_assigned_readme_scope,https://raw.githubusercontent.com/generatebio/chroma/929407c605013613941803c6113adefdccaad679/README.md
genometools/genometools,0,0,rule_assigned_readme_scope,https://raw.githubusercontent.com/genometools/genometools/1f0ff66b3ab77021250b7bc474a8d423149290db/README.md
genomoncology/biomcp,0,0,rule_assigned_readme_scope,https://raw.githubusercontent.com/genomoncology/biomcp/5bb12367d1ba5937161c5608f2e97b0d15ead9c8/README.md
ggloor/aldex_bioc,3,3,rule_assigned_readme_scope,https://raw.githubusercontent.com/ggloor/aldex_bioc/0cffe7151bd00752719acf64fa62ced09482072d/README.md
girke-lab/chemminer,1,1,rule_assigned_readme_scope,https://raw.githubusercontent.com/girke-lab/chemminer/f362c577eabb049b59361ee61ca924cf013b2b3a/README.md
gmod/jbrowse-components,0,0,rule_assigned_readme_scope,https://raw.githubusercontent.com/gmod/jbrowse-components/6de85a5a3f6dbb8af450c2f5b3acdc4fa4310c7e/README.md
gnina/gnina,3,3,rule_assigned_readme_scope,https://raw.githubusercontent.com/gnina/gnina/6fe1ce2bb9c35c8067de9f49bb9169857dfbad70/README.md
gogepp/genoboo,0,0,rule_assigned_readme_scope,https://raw.githubusercontent.com/gogepp/genoboo/cf5212b2841d7e425351d643c97b8172f0a931e5/README.md
gokceneraslan/awesome-deepbio,0,0,rule_assigned_readme_scope,https://raw.githubusercontent.com/gokceneraslan/awesome-deepbio/f4bc7fd82c5b1314c08ffd822418a6fcaa8d4316/README.md
google-deepmind/alphafold,1,1,rule_assigned_readme_scope,https://raw.githubusercontent.com/google-deepmind/alphafold/c77e5d2a8961d1a353632c462914ff0a32a950f6/README.md
google-deepmind/alphafold3,0,0,rule_assigned_readme_scope,https://raw.githubusercontent.com/google-deepmind/alphafold3/a66cc5226d5fbcf7b08af4495af6fd7262178e38/README.md
google-deepmind/alphagenome,10,10,rule_assigned_readme_scope,https://raw.githubusercontent.com/google-deepmind/alphagenome/dbd5cafcaf222ed660c292dbe144be4aa623ce70/README.md
google/deepvariant,1,1,rule_assigned_readme_scope,https://raw.githubusercontent.com/google/deepvariant/45f2627504c59785ea2b88d0256a2ec347bce7b4/README.md
google/nucleus,1,1,rule_assigned_readme_scope,https://raw.githubusercontent.com/google/nucleus/68d3947fafba1337f294c0668a6e1c7f3f1273e3/README.md
googlecloudplatform/vertex-ai-samples,1,1,rule_assigned_readme_scope,https://raw.githubusercontent.com/googlecloudplatform/vertex-ai-samples/3ef8480f42e6b7c75dc04528b064be2fe09fac78/README.md
gpertea/stringtie,0,0,rule_assigned_readme_scope,https://raw.githubusercontent.com/gpertea/stringtie/d1dc38ddb681089b2e8faaabdcfee772af6fb033/README.md
gptomics/bioskills,3,3,rule_assigned_readme_scope,https://raw.githubusercontent.com/gptomics/bioskills/d91ed3d563019e649dc854c56ccd62551359488a/README.md
graylab/dl4proteins-notebooks,18,18,rule_assigned_readme_scope,https://raw.githubusercontent.com/graylab/dl4proteins-notebooks/48720065cc06a703bbe255e8fcfab498bbf4e893/README.md
greenelab/deep-review,1,1,rule_assigned_readme_scope,https://raw.githubusercontent.com/greenelab/deep-review/44ff95a2756bd03a32c046eb8983ac9c4f223b0a/README.md
gregoryfaust/samblaster,0,0,rule_assigned_readme_scope,https://raw.githubusercontent.com/gregoryfaust/samblaster/b642639117eafedc760d8b84c0d2c4872b0da084/README.md
gromacs/gromacs,1,1,rule_assigned_readme_scope,https://raw.githubusercontent.com/gromacs/gromacs/71fab0f364b0aca9a4ebddc57c66c5180a756598/README
guma44/geoparse,1,1,rule_assigned_readme_scope,https://raw.githubusercontent.com/guma44/geoparse/a3cf2146fc54c759e04d9581fb04c8e863c4d516/README.rst
haddocking/pdb-tools,0,0,rule_assigned_readme_scope,https://raw.githubusercontent.com/haddocking/pdb-tools/19d55fb7a13a7e68e7b0de35a6e31575d90c53a5/README.md
hail-is/hail,18,18,rule_assigned_readme_scope,https://raw.githubusercontent.com/hail-is/hail/86a1e71f78104df03f40dfd9b19baf0857a59fe6/README.md
hannesstark/boltzgen,1,1,rule_assigned_readme_scope,https://raw.githubusercontent.com/hannesstark/boltzgen/a3149cf18eeb58648d1abbb27539bd73f746cdda/README.md
hansenlab/bsseq,3,3,rule_assigned_readme_scope,https://raw.githubusercontent.com/hansenlab/bsseq/449fdcbff7f0c551534faa34e0318c46ee21bc8e/README.md
hansenlab/minfi,1,1,assistant_individual_readme_review,https://raw.githubusercontent.com/hansenlab/minfi/6e9859aae23dcf9a19af060e0ed2b95f20f541ec/README.md
harvardinformatics/learning-bioinformatics-at-home,0,0,rule_assigned_readme_scope,https://raw.githubusercontent.com/harvardinformatics/learning-bioinformatics-at-home/428ea970ccd797b8b786591bf86679cbd6605a0c/README.md
hasindu2008/f5c,0,0,rule_assigned_readme_scope,https://raw.githubusercontent.com/hasindu2008/f5c/08441cd9dbc7e48f4a5a977da3a739625f612f12/README.md
hasindu2008/slow5tools,0,0,rule_assigned_readme_scope,https://raw.githubusercontent.com/hasindu2008/slow5tools/8341d93b175cace57f8a6bae6049af6b87630e0c/README.md
hazyresearch/hyena-dna,0,0,rule_assigned_readme_scope,https://raw.githubusercontent.com/hazyresearch/hyena-dna/d553021b483b82980aa4b868b37ec2d4332e198a/README.md
hcbravolab/metagenomeseq,2,2,rule_assigned_readme_scope,https://raw.githubusercontent.com/hcbravolab/metagenomeseq/5de1272be44674ddbeb2865667b4ae7663cbc362/README.md
hcbravolab/wrench,1,1,rule_assigned_readme_scope,https://raw.githubusercontent.com/hcbravolab/wrench/c6464b51f63c991a4a04a3e9e44c7ec991a6f2ea/README.md
helenalc/muscat,4,4,rule_assigned_readme_scope,https://raw.githubusercontent.com/helenalc/muscat/861683175a1804430ced420397e72fff16fe92ed/README.md
henrikbengtsson/affxparser,0,0,rule_assigned_readme_scope,https://raw.githubusercontent.com/henrikbengtsson/affxparser/6fd83fcaca7707c1b198482ae11bc8aeb0e2c0b2/README.md
henrikbengtsson/aroma.light,0,0,rule_assigned_readme_scope,https://raw.githubusercontent.com/henrikbengtsson/aroma.light/76c4d20dad5c1b101442ba4886ee8ab468d2bf70/README.md
henrikbengtsson/illuminaio,2,2,rule_assigned_readme_scope,https://raw.githubusercontent.com/henrikbengtsson/illuminaio/ee4950a9d30d6687f394eae61c3c552554678404/README.md
hilab-git/ssl4mis,0,0,rule_assigned_readme_scope,https://raw.githubusercontent.com/hilab-git/ssl4mis/06df6047a59aba9988ced8331998b5957ecb356b/README.md
hredestig/pcamethods,3,3,rule_assigned_readme_scope,https://raw.githubusercontent.com/hredestig/pcamethods/ecab0452cd129e95e7a01d731074fdee55204146/README.md
hsiaoyi0504/awesome-cheminformatics,0,0,rule_assigned_readme_scope,https://raw.githubusercontent.com/hsiaoyi0504/awesome-cheminformatics/0e841736b611df8f173525c4f814a55945bc63c7/README.md
htseq/htseq,0,0,rule_assigned_readme_scope,https://raw.githubusercontent.com/htseq/htseq/76723210af19d37160baa60020c7f1a16c73bc19/README.md
huber-group-embl/biomart,2,2,rule_assigned_readme_scope,https://raw.githubusercontent.com/huber-group-embl/biomart/3e1a0768933f6c3e00895e02119e4f6e36050dac/README.md
huber-group-embl/lpsymphony,1,1,rule_assigned_readme_scope,https://raw.githubusercontent.com/huber-group-embl/lpsymphony/83374749a76fa18c414b260c90d91c3fd370afa6/README.md
huber-group-embl/rhdf5,3,3,rule_assigned_readme_scope,https://raw.githubusercontent.com/huber-group-embl/rhdf5/1c6ed01eaf8682004f647a15a200df1d0f55b0f6/README.md
huber-group-embl/rhdf5filters,1,1,rule_assigned_readme_scope,https://raw.githubusercontent.com/huber-group-embl/rhdf5filters/b4fd441b28b8d3cb0b36a3816f69eb80b98cb52f/README.md
huber-group-embl/rhdf5lib,1,1,rule_assigned_readme_scope,https://raw.githubusercontent.com/huber-group-embl/rhdf5lib/deb7fc6cb4618d745a072e713d43adf1ab778c97/README.md
huber-group-embl/vsn,6,6,rule_assigned_readme_scope,https://raw.githubusercontent.com/huber-group-embl/vsn/cdb80675e45236c2f57a2b41d4f98f4f2d6814b2/README.md
hucaofighting/swin-unet,0,0,rule_assigned_readme_scope,https://raw.githubusercontent.com/hucaofighting/swin-unet/f48f623e226e25b6e395c37207915c50aaa9c776/README.md
hussius/deeplearning-biology,0,0,rule_assigned_readme_scope,https://raw.githubusercontent.com/hussius/deeplearning-biology/9da4faed66e0770090c3e2f066fe68c062c3cabe/README.md
hyattpd/prodigal,0,0,rule_assigned_readme_scope,https://raw.githubusercontent.com/hyattpd/prodigal/c1e2d361479cc1b18175ea79ebd8ff10411c46cb/README.md
ibm/microscopy,0,0,rule_assigned_readme_scope,https://raw.githubusercontent.com/ibm/microscopy/afc20d1d74053fe1d923274ad4d8b0caf470d1ef/README.md
igvteam/igv,0,0,rule_assigned_readme_scope,https://raw.githubusercontent.com/igvteam/igv/f23da3e53398874b2653c8564bbfd00599bdde45/README.md
igvteam/igv-docs,0,0,rule_assigned_readme_scope,https://raw.githubusercontent.com/igvteam/igv-docs/8d5720cc1663fa08cdb9b64a61cae30685df59c1/README.md
igvteam/igv-notebook,9,9,rule_assigned_readme_scope,https://raw.githubusercontent.com/igvteam/igv-notebook/0e139fbe15f33c8bc7966d0e010ebe8ba2ccbf89/README.md
igvteam/igv.js,0,0,rule_assigned_readme_scope,https://raw.githubusercontent.com/igvteam/igv.js/e6bc7403caed0767c88a5d197fa40092d0441e5a/README.md
igvteam/igv.js-docs,0,0,rule_assigned_readme_scope,https://raw.githubusercontent.com/igvteam/igv.js-docs/80cfc0e24a8d6b0814cf2c3463d976779cb08d29/README.md
illumina/interop,0,0,rule_assigned_readme_scope,https://raw.githubusercontent.com/illumina/interop/015a85ec100c7a770ed0e27ce7fadc6230a38208/README.md
imprintlab/medical-sam-adapter,4,4,rule_assigned_readme_scope,https://raw.githubusercontent.com/imprintlab/medical-sam-adapter/5888e722876511f177e8e762498a7986753b7f7d/README.md
imprintlab/medical-sam2,0,0,rule_assigned_readme_scope,https://raw.githubusercontent.com/imprintlab/medical-sam2/18b0f5bcea75cb0c212d652ff22ad063bf39ee3a/README.md
imprintlab/medsegdiff,0,0,rule_assigned_readme_scope,https://raw.githubusercontent.com/imprintlab/medsegdiff/28b343fddd6bb6dc1bccdaed94ca7ebefe9142f3/README.md
insightsoftwareconsortium/itk,0,0,rule_assigned_readme_scope,https://raw.githubusercontent.com/insightsoftwareconsortium/itk/7d10ccaec0f85ebe6be64ef93f818e12131b408b/README.md
instadeepai/nucleotide-transformer,16,16,rule_assigned_readme_scope,https://raw.githubusercontent.com/instadeepai/nucleotide-transformer/2dc37b86e16a6970fbc731751f7719d9f676f7f9/README.md
intermine/intermine-ws-python,0,0,rule_assigned_readme_scope,https://raw.githubusercontent.com/intermine/intermine-ws-python/f14419bfc0b59387b95b0aafb8ff232ae56b07f2/README.md
intermine/intermine-ws-python-docs,35,35,rule_assigned_readme_scope,https://raw.githubusercontent.com/intermine/intermine-ws-python-docs/e2f35c196627db1f36d9ab10dd5782dc50e4e58b/README.md
invesalius/invesalius3,0,0,rule_assigned_readme_scope,https://raw.githubusercontent.com/invesalius/invesalius3/e32395ec5fad1e83110f06df7ca95df39e9c22a1/README.md
iobis/pyobis,7,7,rule_assigned_readme_scope,https://raw.githubusercontent.com/iobis/pyobis/351086d585edd4e8619325cc2a37bb8fc939c8a7/README.md
iqtree/iqtree3,0,0,rule_assigned_readme_scope,https://raw.githubusercontent.com/iqtree/iqtree3/63c330d90dd02241dbbbaf1e9f9e9cc6dadbd1de/README.md
isa-tools/isa-rwval,0,0,rule_assigned_readme_scope,https://raw.githubusercontent.com/isa-tools/isa-rwval/653c340f841827e484ee93f781b6d7aef508d3f3/README.md
iskandr/osteosarc,0,0,rule_assigned_readme_scope,https://raw.githubusercontent.com/iskandr/osteosarc/fbe956b5801d6c40d8bfaaf8dec22302bb16f74c/README.md
ivanek/gviz,1,1,rule_assigned_readme_scope,https://raw.githubusercontent.com/ivanek/gviz/d561187c88ef65a60d8ea1f4026ea01f8dc2a237/README.md
ivanek/seqlogo,1,1,rule_assigned_readme_scope,https://raw.githubusercontent.com/ivanek/seqlogo/c540d31a719714ad9ba30f0bc4a5cd36b0d09187/README.md
ivmartel/dwv,0,0,rule_assigned_readme_scope,https://raw.githubusercontent.com/ivmartel/dwv/af284925c3c0382c0f537fb18b8c9b9fe8d4f1d1/readme.md
jackcurragh/rust,0,0,rule_assigned_readme_scope,https://raw.githubusercontent.com/jackcurragh/rust/4ea85087f51e00f8e5e004f3af1c40ee40662e50/README.md
jackh726/bigtools,1,1,rule_assigned_readme_scope,https://raw.githubusercontent.com/jackh726/bigtools/b1fd2835a0981e9132500618b3d32dbcbfe5b62c/README.md
jamescasbon/pyvcf,0,0,rule_assigned_readme_scope,https://raw.githubusercontent.com/jamescasbon/pyvcf/476169cd457ba0caa6b998b301a4d91e975251d9/README.rst
jax-md/jax-md,17,17,rule_assigned_readme_scope,https://raw.githubusercontent.com/jax-md/jax-md/a41c7d19f6468f4e5263c32c12c9ed6cba26ebff/README.md
jbkinney/logomaker,15,15,rule_assigned_readme_scope,https://raw.githubusercontent.com/jbkinney/logomaker/728d0373aa15897a2cd04c47415e2eb2dbcfefbe/README.md
jcruan519/vm-unet,0,0,rule_assigned_readme_scope,https://raw.githubusercontent.com/jcruan519/vm-unet/b87827eb5a5faff00bd4b7b6505e56d3ca813ca2/README.md
jeetsukumaran/dendropy,0,0,rule_assigned_readme_scope,https://raw.githubusercontent.com/jeetsukumaran/dendropy/f11c65473b0d105d514e46466cb77442e886aaf1/README.md
jeffdaily/parasail-python,0,0,rule_assigned_readme_scope,https://raw.githubusercontent.com/jeffdaily/parasail-python/ddd3a97a76fb7721fe727c41bddb5fde96af3291/README.rst
jenojp/negspacy,0,0,rule_assigned_readme_scope,https://raw.githubusercontent.com/jenojp/negspacy/39125b090b6ff880582ca4e3b49b699c43e4bf4c/README.md
jensengroup/propka,0,0,rule_assigned_readme_scope,https://raw.githubusercontent.com/jensengroup/propka/58ceb7ba5cbfa836805fe515e08aaf512044a878/README.md
jeremymcrae/bgen,0,0,rule_assigned_readme_scope,https://raw.githubusercontent.com/jeremymcrae/bgen/e183eb60adc71704bebc2390a1da2a21c25b4cd1/README.md
jeremymcrae/liftover,0,0,rule_assigned_readme_scope,https://raw.githubusercontent.com/jeremymcrae/liftover/2b136ec2b42c8d34739a4c75459119a6c1b8e2fb/README.md
jeya-maria-jose/medical-transformer,0,0,rule_assigned_readme_scope,https://raw.githubusercontent.com/jeya-maria-jose/medical-transformer/62f40a530c912d6b1cf297a52af7d22834ad6640/README.md
jfjlaros/barcode,0,0,rule_assigned_readme_scope,https://raw.githubusercontent.com/jfjlaros/barcode/eefd5250e0d6ae83478890f74a5b98dbe406030b/README.rst
jfnavarro/taggd,0,0,rule_assigned_readme_scope,https://raw.githubusercontent.com/jfnavarro/taggd/3a7223f165dea4d3ba3fbededc240bf852a905ae/README.md
jinworks/cellchat,9,9,rule_assigned_readme_scope,https://raw.githubusercontent.com/jinworks/cellchat/75253cd0c9e68410e6e721a6d3a0419a1d7e358f/README.md
jmschrei/bpnet-lite,11,11,rule_assigned_readme_scope,https://raw.githubusercontent.com/jmschrei/bpnet-lite/b37e766bd7a2bef1614cf18d8bac38167e6f6ff5/README.md
jmschrei/ledidi,9,9,rule_assigned_readme_scope,https://raw.githubusercontent.com/jmschrei/ledidi/673efe4720a951eade1d5aeab31f68ef08b2168d/README.md
jmschrei/memesuite-lite,3,3,rule_assigned_readme_scope,https://raw.githubusercontent.com/jmschrei/memesuite-lite/61d8487c66e2d365ec9f5dbdfd1521d51a0bc8e6/README.md
jmschrei/tangermeme,20,20,rule_assigned_readme_scope,https://raw.githubusercontent.com/jmschrei/tangermeme/c1f2f68cfa4b781f541b85ad44de8fc0011dd13c/README.md
joachimwolff/vardictjava,0,0,readme_unavailable,
joey711/biomformat,1,1,rule_assigned_readme_scope,https://raw.githubusercontent.com/joey711/biomformat/3345a4c15483f74035cd4209741296474f9bd81a/README.md
joey711/phyloseq,4,4,rule_assigned_readme_scope,https://raw.githubusercontent.com/joey711/phyloseq/8a6c2350b985afb909428d396081605e9b3e2f0b/README.md
johof/lungmask,0,0,rule_assigned_readme_scope,https://raw.githubusercontent.com/johof/lungmask/87fc9f2b701458a6d38f5e64d59a5e60bc68c884/README.md
jokergoo/complexheatmap,2,2,rule_assigned_readme_scope,https://raw.githubusercontent.com/jokergoo/complexheatmap/ad11b26afe8c63dc05b20035503352ca740f602e/README.md
jokergoo/enrichedheatmap,5,5,rule_assigned_readme_scope,https://raw.githubusercontent.com/jokergoo/enrichedheatmap/578d10578ea8b9c2ebda7721145214d8da6fba81/README.md
jokergoo/rgreat,11,11,rule_assigned_readme_scope,https://raw.githubusercontent.com/jokergoo/rgreat/f5c3ad1bbf46485bac2fbc9dc05a3051e974cafa/README.md
jokergoo/simona,11,11,rule_assigned_readme_scope,https://raw.githubusercontent.com/jokergoo/simona/cf521c86276bd67eb51ee0bbabc156be4d228ea6/README.md
jokergoo/simplifyenrichment,5,5,rule_assigned_readme_scope,https://raw.githubusercontent.com/jokergoo/simplifyenrichment/9ef3f705791b51dc984bfb5f45cfc9b45dc37906/README.md
jorainer/ensembldb,6,6,rule_assigned_readme_scope,https://raw.githubusercontent.com/jorainer/ensembldb/eb82f264d218ccf084a66862c3ddbe8c099a6177/readme.md
jorainer/xcmstutorials,1,1,rule_assigned_readme_scope,https://raw.githubusercontent.com/jorainer/xcmstutorials/9dbc4d951157c003440499fd191c63dbdba0c0dc/README.md
junma11/miccai-opensourcepapers,0,0,readme_unavailable,
junma11/seglossodyssey,0,0,rule_assigned_readme_scope,https://raw.githubusercontent.com/junma11/seglossodyssey/d562441a3bb9d0968f9dae67af705f2ca0872b02/README.md
junma11/sota-medseg,0,0,rule_assigned_readme_scope,https://raw.githubusercontent.com/junma11/sota-medseg/0cf735f3bb7270061f18fe352f16cdb0c6f134e5/README.md
jvkersch/tmtools,0,0,rule_assigned_readme_scope,https://raw.githubusercontent.com/jvkersch/tmtools/c506ec546699b9b47db9a343d02a69393d23fc68/README.md
jwohlwend/boltz,0,0,rule_assigned_readme_scope,https://raw.githubusercontent.com/jwohlwend/boltz/b1ebfc46ecf57f5414e0d1a6f9027bbb122c53bc/README.md
k-dense-ai/scientific-agent-skills,0,0,rule_assigned_readme_scope,https://raw.githubusercontent.com/k-dense-ai/scientific-agent-skills/d0c48af8c7b7a71ccc81fcd04c9db53b48439f9b/README.md
karel-brinda/samsift,0,0,rule_assigned_readme_scope,https://raw.githubusercontent.com/karel-brinda/samsift/95a0055bc6749db26a1bfcfdec845d0866f9b2d1/README.rst
kblin/ncbi-genome-download,0,0,rule_assigned_readme_scope,https://raw.githubusercontent.com/kblin/ncbi-genome-download/50480c7ef12b3468aaa65b1d14cc81fabdb3a5fa/README.md
keiserlab/e3fp,0,0,rule_assigned_readme_scope,https://raw.githubusercontent.com/keiserlab/e3fp/b30ec93bac04a4f747af8ac2313d4ad3d3c8ddfa/README.rst
kensho-technologies/sequence_align,0,0,rule_assigned_readme_scope,https://raw.githubusercontent.com/kensho-technologies/sequence_align/64a0ccaabeca92a2795c1e1f2bfb058082aeda17/README.md
kent-tokyo/chematic,1,1,rule_assigned_readme_scope,https://raw.githubusercontent.com/kent-tokyo/chematic/bdcd0558230e2a4f8f7b557c26cc0ac55964dee4/README.md
kevinblighe/enhancedvolcano,1,1,rule_assigned_readme_scope,https://raw.githubusercontent.com/kevinblighe/enhancedvolcano/ac469cfa36d9d10429b1cc0cae8be4d455ba3282/README.md
kevinblighe/pcatools,2,2,rule_assigned_readme_scope,https://raw.githubusercontent.com/kevinblighe/pcatools/6da9b6856906507f734fcccfe85f341a3ed381f0/README.md
kexinhuang12345/deeppurpose,34,34,assistant_individual_readme_review,https://raw.githubusercontent.com/kexinhuang12345/DeepPurpose/866be98bad0b11e78d4363589b9ee59b5befa307/README.md
konstantint/pyliftover,0,0,rule_assigned_readme_scope,https://raw.githubusercontent.com/konstantint/pyliftover/10b422fa8bb1a683eb2cc1d897472b2d2e1797b1/README.rst
krishnaswamylab/scprep,2,2,rule_assigned_readme_scope,https://raw.githubusercontent.com/krishnaswamylab/scprep/320c666b547fc77738e291c655c885fafb887d25/README.rst
kstreet13/slingshot,2,2,rule_assigned_readme_scope,https://raw.githubusercontent.com/kstreet13/slingshot/3fa552f37148a24a9ef4f7bb5ec00e594a39d8cf/README.md
kyegomez/open-af3,0,0,rule_assigned_readme_scope,https://raw.githubusercontent.com/kyegomez/open-af3/50801b8839e3d5d8cab61ed19594715970cff215/README.md
labsyspharm/scimap,18,18,rule_assigned_readme_scope,https://raw.githubusercontent.com/labsyspharm/scimap/5666f0d7c1f290c5f36b070b845754cf365f9fe6/README.md
laminlabs/bionty,0,0,rule_assigned_readme_scope,https://raw.githubusercontent.com/laminlabs/bionty/d20644650d2e707e6a0832c8055acae4dca90347/README.md
laminlabs/lamindb,11,11,rule_assigned_readme_scope,https://raw.githubusercontent.com/laminlabs/lamindb/1ea9b0fa06d60ac021d010e13d41c6338dc81a50/README.md
lammps/lammps,6,7,rule_assigned_readme_scope,https://raw.githubusercontent.com/lammps/lammps/b332f28ce4f4e770c9636d3f6ec323b616f0c42e/README
lamortenera/bamsignals,1,1,rule_assigned_readme_scope,https://raw.githubusercontent.com/lamortenera/bamsignals/80ce5c52a4249962c07c65a4871824e58dab5590/README.md
latchbio/latch,0,0,rule_assigned_readme_scope,https://raw.githubusercontent.com/latchbio/latch/b3768e65c6d496868f6e530f11977d857ad85dc7/README.md
lawremi/ggbio,2,2,rule_assigned_readme_scope,https://raw.githubusercontent.com/lawremi/ggbio/5d104a4e36e812869893258a05619b0323c511a6/README.md
lbcb-sci/racon,0,0,rule_assigned_readme_scope,https://raw.githubusercontent.com/lbcb-sci/racon/a2cfcac281d312a73912a97d6d960404f516c389/README.md
lcolladotor/derfinder,3,3,rule_assigned_readme_scope,https://raw.githubusercontent.com/lcolladotor/derfinder/38d7a03c2f39137f65b714b00e5dbf659571a586/README.md
levitsky/pyteomics,1,1,rule_assigned_readme_scope,https://raw.githubusercontent.com/levitsky/pyteomics/e5df6be963e0c276d33ba66aeaa1decbf03bcc6b/README.rst
lgatto/msnbase,5,5,assistant_individual_readme_review,https://raw.githubusercontent.com/lgatto/MSnbase/e835503b57f07e1005c90555d26e15ef4cbc5913/README.md
lgatto/proloc,5,5,rule_assigned_readme_scope,https://raw.githubusercontent.com/lgatto/proloc/8f13f53c53fee97dfc42628525808bffddab037f/README.md
lh3/bwa,0,0,rule_assigned_readme_scope,https://raw.githubusercontent.com/lh3/bwa/d82444c17edc2384420409f85557c6ae84019732/README.md
lh3/minimap2,0,0,rule_assigned_readme_scope,https://raw.githubusercontent.com/lh3/minimap2/3c28777e7e2dcc90f825de1b9f17a89cca7d4452/README.md
lh3/seqtk,0,0,rule_assigned_readme_scope,https://raw.githubusercontent.com/lh3/seqtk/94e707082d39b0a038f234df676e32d9802c0dc7/README.md
lh3/trimadap,0,0,rule_assigned_readme_scope,https://raw.githubusercontent.com/lh3/trimadap/ec5a764e1834363ae0c4b52f52bdb114ff7af265/README.md
libnano/primer3-py,0,0,rule_assigned_readme_scope,https://raw.githubusercontent.com/libnano/primer3-py/7c3a65d204ade97bb49d91d116e28a373ac660ce/README.md
libscran/rigraphlib,1,1,rule_assigned_readme_scope,https://raw.githubusercontent.com/libscran/rigraphlib/327e8cc9c6c0b50fef59c2cde4b4abcc62c5b87a/README.md
libscran/scrapper,1,1,rule_assigned_readme_scope,https://raw.githubusercontent.com/libscran/scrapper/224ce0f797369612000a3650ef61264c2866d2e7/README.md
lieberinstitute/recount3,2,2,rule_assigned_readme_scope,https://raw.githubusercontent.com/lieberinstitute/recount3/0f6161ff392cf83df969a52971d2020f761b1217/README.md
liguowang/crossmap,0,0,rule_assigned_readme_scope,https://raw.githubusercontent.com/liguowang/crossmap/2fefee44bcc28041ecae26e77198337c8caf6546/README.rst
linhandev/dataset,0,0,rule_assigned_readme_scope,https://raw.githubusercontent.com/linhandev/dataset/03debac8ed9aa8fa9ee8b39552bdbfd5fc448fd3/README.md
linkml/prefixmaps,0,0,rule_assigned_readme_scope,https://raw.githubusercontent.com/linkml/prefixmaps/fb8c1c25a8df2b3162b91a6e6fcc4274ea99c8b7/README.md
linnarsson-lab/loompy,1,1,rule_assigned_readme_scope,https://raw.githubusercontent.com/linnarsson-lab/loompy/a819291e68a1dd14531e0b85c779f45a57c43894/README.md
lirongwu/awesome-protein-representation-learning,0,0,rule_assigned_readme_scope,https://raw.githubusercontent.com/lirongwu/awesome-protein-representation-learning/97d848f9bbcde020070a41189f9e317c4ffeee32/README.md
lixiang117423/biopytools,0,0,rule_assigned_readme_scope,https://raw.githubusercontent.com/lixiang117423/biopytools/57061e6d7ce629cafde74171c0de7cd711e66a77/README.md
lmdu/pyfastx,0,0,rule_assigned_readme_scope,https://raw.githubusercontent.com/lmdu/pyfastx/7d82c66b1f5d079d6b7d46f878d156cbaa6c01aa/README.rst
lpdi-epfl/masif,3,3,rule_assigned_readme_scope,https://raw.githubusercontent.com/lpdi-epfl/masif/2a370518e0d0d0b0d6f153f2f10f6630ae91f149/README.md
ltla/assorthead,1,1,rule_assigned_readme_scope,https://raw.githubusercontent.com/ltla/assorthead/caf3a73117c673b9f613bec040c4927c76f37fee/README.md
ltla/basilisk,1,1,rule_assigned_readme_scope,https://raw.githubusercontent.com/ltla/basilisk/b653397a00e0d3462a412eb88e33e20a69cf2082/README.md
ltla/biocmake,1,1,rule_assigned_readme_scope,https://raw.githubusercontent.com/ltla/biocmake/b1fd350719f1b180706e4efa8ee3e04412315287/README.md
ltla/biocsingular,2,2,rule_assigned_readme_scope,https://raw.githubusercontent.com/ltla/biocsingular/8544ac52d53b7bb2149fed8268a99484a606c18e/README.md
ltla/metapod,1,1,rule_assigned_readme_scope,https://raw.githubusercontent.com/ltla/metapod/2a14a2c98fab3835812e6541d5535ed18a998c19/README.md
ltla/residualmatrix,1,1,rule_assigned_readme_scope,https://raw.githubusercontent.com/ltla/residualmatrix/d568a7c0c34bf0a1897a0d236b5de9abec896fdb/README.md
ltla/scaledmatrix,1,1,rule_assigned_readme_scope,https://raw.githubusercontent.com/ltla/scaledmatrix/bb57f297126583172c0f45453a6e90a3dac81a28/README.md
ltla/trajectoryutils,1,1,readme_unavailable,
lucasduclos/acoustooptictomography,0,0,rule_assigned_readme_scope,https://raw.githubusercontent.com/lucasduclos/acoustooptictomography/9b9e161d605fee5efcf4e44617f9c849c2b0503e/README.md
lucidrains/alphafold3-pytorch,0,0,rule_assigned_readme_scope,https://raw.githubusercontent.com/lucidrains/alphafold3-pytorch/a52ca288977ed1fc1565dded0a8b434d3dc5201d/README.md
m3g/packmol,0,0,rule_assigned_readme_scope,https://raw.githubusercontent.com/m3g/packmol/14e50c65fa9120b58e1ba33ad482c7c7260f72b2/README.md
maabuu/posebusters,1,1,rule_assigned_readme_scope,https://raw.githubusercontent.com/maabuu/posebusters/1dd61e568d4507b5ab5579e161806447bca3b859/README.md
macs3-project/macs,4,4,rule_assigned_readme_scope,https://raw.githubusercontent.com/macs3-project/macs/c5443190e3edfeb301cc94acf450e2b2c026a223/README.md
mapping-commons/sssom-py,0,0,rule_assigned_readme_scope,https://raw.githubusercontent.com/mapping-commons/sssom-py/699d590bef6b174800fa438ecb4382b1f1b5adfd/README.md
marbl/mash,0,0,rule_assigned_readme_scope,https://raw.githubusercontent.com/marbl/mash/5df1f984a06d568b4c47540042a0e619fd1f7bdd/README.md
marcelm/cutadapt,0,0,rule_assigned_readme_scope,https://raw.githubusercontent.com/marcelm/cutadapt/4927632f7c546dd290c53501c8417f909252befe/README.rst
marcelm/dnaio,0,0,rule_assigned_readme_scope,https://raw.githubusercontent.com/marcelm/dnaio/538cbef4b036d78957ef88cfd1adbe6f01ff980e/README.rst
mareesat/gwa_tutorial,0,0,rule_assigned_readme_scope,https://raw.githubusercontent.com/mareesat/gwa_tutorial/4481d05936b5acc074c0856fe85ac058e91c9bfa/README.md
mariewelt/openchem,0,0,rule_assigned_readme_scope,https://raw.githubusercontent.com/mariewelt/openchem/f427076119683bf14152644fb7adf9b32f0cf7e2/README.md
marionilab/milor,4,4,rule_assigned_readme_scope,https://raw.githubusercontent.com/marionilab/milor/4ecad8927609d906520f36c54cb24f96e79655ee/README.md
marionilab/scran,1,1,readme_unavailable,
marsilea-viz/marsilea,0,0,rule_assigned_readme_scope,https://raw.githubusercontent.com/marsilea-viz/marsilea/05620dbe94415dddf3cc8d4abf7e4408deadbbe2/README.md
martinpacesa/bindcraft,3,3,rule_assigned_readme_scope,https://raw.githubusercontent.com/martinpacesa/bindcraft/7713aa0d0d351e4117a8befeb8541f3a8ebd3368/README.md
martinsos/edlib,0,0,rule_assigned_readme_scope,https://raw.githubusercontent.com/martinsos/edlib/0ddc23ea06abd95ab6227442acb4c27bd7607b68/README.md
matchms/matchms,0,0,rule_assigned_readme_scope,https://raw.githubusercontent.com/matchms/matchms/e7d98368b06b689a2a935e4614d1b8d83c269d7f/README.rst
matchms/matchms-docs,4,4,rule_assigned_readme_scope,https://raw.githubusercontent.com/matchms/matchms-docs/796f156c58d25adfb7e1528fcb24eb8c40c143a5/README.md
mateidavid/fast5,0,0,readme_unavailable,
matteolacki/isospec,2,2,rule_assigned_readme_scope,https://raw.githubusercontent.com/matteolacki/isospec/f7d8b68c142d244c7200693719cbb0d07b0a4338/README.md
mattmacy/vnet.pytorch,0,0,rule_assigned_readme_scope,https://raw.githubusercontent.com/mattmacy/vnet.pytorch/a00c8ea16bcaea2bddf73b2bf506796f70077687/README.md
maximilianh/cellbrowser,0,0,rule_assigned_readme_scope,https://raw.githubusercontent.com/maximilianh/cellbrowser/ca964f1583f751228b2ccce442e76e02846f051e/README.rst
mcs07/chemdataextractor,1,1,rule_assigned_readme_scope,https://raw.githubusercontent.com/mcs07/chemdataextractor/349a3bea965f2073141d62043b89319222e46af1/README.rst
mcs07/pubchempy,4,4,rule_assigned_readme_scope,https://raw.githubusercontent.com/mcs07/pubchempy/9935a14e7fdb4a88d27a99fedce69ca99f004698/README.md
mdanalysis/mdanalysis,0,0,rule_assigned_readme_scope,https://raw.githubusercontent.com/mdanalysis/mdanalysis/8b8875c73782c8c7f9710f6f6b9ae715bd5ad1bb/README.rst
mdanalysis/userguide,38,38,assistant_individual_readme_review,https://raw.githubusercontent.com/MDAnalysis/UserGuide/b20b22d2b050238436c76df0f984be7827854bce/README.rst
mdozmorov/scrna-seq_notes,0,0,readme_unavailable,
mdshw5/pyfaidx,0,0,rule_assigned_readme_scope,https://raw.githubusercontent.com/mdshw5/pyfaidx/3e7131240b4f826fe77fff9eda58e5e8ae95d90b/README.rst
mdtraj/mdtraj,15,15,rule_assigned_readme_scope,https://raw.githubusercontent.com/mdtraj/mdtraj/60080d100aa12695f3c7cb1ce7ce8064a736c968/README.md
medical-event-data-standard/meds,0,0,rule_assigned_readme_scope,https://raw.githubusercontent.com/medical-event-data-standard/meds/80a6fc1f7dc7235c32c45be372c713e7d9a7210b/README.md
medmnist/medmnist,2,2,rule_assigned_readme_scope,https://raw.githubusercontent.com/medmnist/medmnist/805b74237fb5bd2db376fd94e50646b6a8905d9d/README.md
medspacy/quickumls,0,0,rule_assigned_readme_scope,https://raw.githubusercontent.com/medspacy/quickumls/7deb4bf2a9b40eec5f17cd28e6188c56fa281dbd/README.md
metapub/metapub,0,0,rule_assigned_readme_scope,https://raw.githubusercontent.com/metapub/metapub/d84ce02fe4fa104bb0002470dd06f4c49941c3a1/README.md
mfranberg/libplinkio,0,0,rule_assigned_readme_scope,https://raw.githubusercontent.com/mfranberg/libplinkio/d99d6813e69c37df0e56387040512853c719d022/README.md
mic-dkfz/medicaldetectiontoolkit,0,0,rule_assigned_readme_scope,https://raw.githubusercontent.com/mic-dkfz/medicaldetectiontoolkit/6753237cc4bae558a94b919735d545a2de075e07/README.md
mic-dkfz/nnunet,0,0,rule_assigned_readme_scope,https://raw.githubusercontent.com/mic-dkfz/nnunet/2edf34680698d3ee62f5e72f3707082d44fb2db0/readme.md
microbiome/mia,1,1,rule_assigned_readme_scope,https://raw.githubusercontent.com/microbiome/mia/2cba739c55613f51660c6459670c63b39437ccbb/README.md
microbiome/microbiome,3,3,rule_assigned_readme_scope,https://raw.githubusercontent.com/microbiome/microbiome/d1a308ba4e7f21d99da499c60e26ae0de0b55b14/README.md
microbiome/tutorials,69,69,rule_assigned_readme_scope,https://raw.githubusercontent.com/microbiome/tutorials/4c9c5eb321358c97369b1d2325ff81906a14ac0b/README.md
microsoft/biodiversity,9,9,rule_assigned_readme_scope,https://raw.githubusercontent.com/microsoft/biodiversity/d3e0a0697167bb859a6f1c97b2e81344ff86c28a/README.md
microsoft/bioemu,1,1,rule_assigned_readme_scope,https://raw.githubusercontent.com/microsoft/bioemu/8babb71563e97dc1feb9e3e2fbc00a1224b6a3a7/README.md
microsoft/biomedparse,1,1,rule_assigned_readme_scope,https://raw.githubusercontent.com/microsoft/biomedparse/f571d5ccaa4f8c0479bb89e390a7ef0dfc0736f4/README.md
microsoft/evodiff,2,2,rule_assigned_readme_scope,https://raw.githubusercontent.com/microsoft/evodiff/33206e99446f799ec11cf6e57d66ffaec837be91/README.md
microsoft/graphormer,0,0,rule_assigned_readme_scope,https://raw.githubusercontent.com/microsoft/graphormer/59c0decffcade9df81d29dcc178a489b31958bab/README.md
mikolmogorov/flye,0,0,rule_assigned_readme_scope,https://raw.githubusercontent.com/mikolmogorov/flye/886b8c17412cdf3a2868a28237bca6c5ad1da156/README.md
mims-harvard/primekg,11,11,rule_assigned_readme_scope,https://raw.githubusercontent.com/mims-harvard/primekg/32a3818cf7ff981081c4887c20b2f733ad6ec0a6/README.md
mims-harvard/tdc,17,17,rule_assigned_readme_scope,https://raw.githubusercontent.com/mims-harvard/tdc/c310c35f27e3f506411018ac43d97b8ba23ca652/README.md
mirditalab/colabfold-legacy-kernels,0,0,rule_assigned_readme_scope,https://raw.githubusercontent.com/mirditalab/colabfold-legacy-kernels/eb01eb39733b5f582a1d10b2c4ab2a60520fe4f0/README.md
mitk/mitk,1,1,rule_assigned_readme_scope,https://raw.githubusercontent.com/mitk/mitk/bc7e87646871793d492e31aa09b176f59cb182f7/README.md
mixomics-org/mixomics,3,3,rule_assigned_readme_scope,https://raw.githubusercontent.com/mixomics-org/mixomics/ef3e760526623d9e91e945e4b50be48d764efc40/README.md
mlcil/scikit-fingerprints,10,10,rule_assigned_readme_scope,https://raw.githubusercontent.com/mlcil/scikit-fingerprints/137e868aef0893dce240d34e2713e812766dc193/README.md
mlmed/torchxrayvision,24,24,rule_assigned_readme_scope,https://raw.githubusercontent.com/mlmed/torchxrayvision/b516b09e108671698b6ea5d93bb0a2bf8856a2ee/README.md
mne-tools/mne-python,2,2,rule_assigned_readme_scope,https://raw.githubusercontent.com/mne-tools/mne-python/b112d10c12405ab7a378b6f2fe9824feb34530bd/README.rst
modeci/mdf,5,5,rule_assigned_readme_scope,https://raw.githubusercontent.com/modeci/mdf/7704b6b24c1d96d9c47aea830f4aba8e36064282/README.md
molecularai/aizynthfinder,1,1,rule_assigned_readme_scope,https://raw.githubusercontent.com/molecularai/aizynthfinder/21ff546d5f22331b078390a2f12dc04defc3f39c/README.md
molecularai/reinvent4,3,3,rule_assigned_readme_scope,https://raw.githubusercontent.com/molecularai/reinvent4/660d2c9cec9ea1ced1b452394fd38452e478fc8b/README.md
molecularsets/moses,0,0,rule_assigned_readme_scope,https://raw.githubusercontent.com/molecularsets/moses/dd7ed6ab38e23afd3ef5371d67939a1760bd8599/README.md
molpopgen/fwdpy11,4,4,rule_assigned_readme_scope,https://raw.githubusercontent.com/molpopgen/fwdpy11/ab5937a9200616f13d677614fe58bdbb3a697678/README.rst
molpopgen/libsequence,0,0,rule_assigned_readme_scope,https://raw.githubusercontent.com/molpopgen/libsequence/ff1a4f698ed2fac40301ff466a6253c82889fd6d/README.md
molstar/mol-view-spec,16,16,rule_assigned_readme_scope,https://raw.githubusercontent.com/molstar/mol-view-spec/45c11f90ed7b1ee96bff03dea2f049ad55a8c7aa/README.md
molstar/mol-view-spec-docs,0,0,rule_assigned_readme_scope,https://raw.githubusercontent.com/molstar/mol-view-spec-docs/161364a3ef23a1111b0852ea8eac7921ac2b5ab3/README.md
momentsld/moments,0,0,rule_assigned_readme_scope,https://raw.githubusercontent.com/momentsld/moments/375eddb2ee017eca03ba77ad89f67365b5515d64/README.md
mordred-descriptor/mordred,0,0,rule_assigned_readme_scope,https://raw.githubusercontent.com/mordred-descriptor/mordred/c9de906f0d7829a9abe80658b19f4f9f9aef6648/README.rst
morgannprice/fasttree,0,0,rule_assigned_readme_scope,https://raw.githubusercontent.com/morgannprice/fasttree/a5a2723ea1e64faf3da7ea514521cfa348891add/README.md
moshi4/pycirclize,8,8,rule_assigned_readme_scope,https://raw.githubusercontent.com/moshi4/pycirclize/5a0f36111a4bbfab3e3d765e7365a1108f891dcb/README.md
mothur/mothur,0,0,rule_assigned_readme_scope,https://raw.githubusercontent.com/mothur/mothur/81f1137e154529b88abd6df1c79f37e743ec5ba5/README.md
mothur/mothur.github.io,1,1,rule_assigned_readme_scope,https://raw.githubusercontent.com/mothur/mothur.github.io/4ea040bd2b5c3f5564ab5eb8dc22fd81c218ce73/README.md
mouseland/cellpose,6,6,rule_assigned_readme_scope,https://raw.githubusercontent.com/mouseland/cellpose/a54cb48849b7e225a81e8e43dcb042d42427f543/README.md
mrgiovanni/modelsgenesis,1,1,rule_assigned_readme_scope,https://raw.githubusercontent.com/mrgiovanni/modelsgenesis/4c6c3bdee39e27c20622f1e9a2a8186833e97ceb/README.md
mrgiovanni/unetplusplus,0,0,rule_assigned_readme_scope,https://raw.githubusercontent.com/mrgiovanni/unetplusplus/e9153d4243e7bb67880c380ce803b176c81476f1/README.md
mritchielab/glimmav2,3,3,rule_assigned_readme_scope,https://raw.githubusercontent.com/mritchielab/glimmav2/a93f7fca6b63cdb1f4f74889aa3883334631dca8/README.md
msdllcpapers/promb,3,3,rule_assigned_readme_scope,https://raw.githubusercontent.com/msdllcpapers/promb/d11c24b1557d3368d6508ecb4f14b51facaf8863/README.md
mtmorgan/dirichletmultinomial,1,1,rule_assigned_readme_scope,https://raw.githubusercontent.com/mtmorgan/dirichletmultinomial/038617b74740c9d84e06b0cb182a68c525aad039/README.md
multiqc/multiqc,0,0,rule_assigned_readme_scope,https://raw.githubusercontent.com/multiqc/multiqc/dc565eb9eef7b22a289ab7eec78e5efb6bf297c3/README.md
nanoporetech/dorado,0,0,rule_assigned_readme_scope,https://raw.githubusercontent.com/nanoporetech/dorado/8b8fc5d36a9c0baab262a743cb175b5878e38ca6/README.md
nanoporetech/medaka,0,0,rule_assigned_readme_scope,https://raw.githubusercontent.com/nanoporetech/medaka/293b33dbf168935aee4d5b2f3e1a92f4a54e409f/README.md
nanoporetech/pod5-file-format,0,0,rule_assigned_readme_scope,https://raw.githubusercontent.com/nanoporetech/pod5-file-format/fdbe60a9a52aab8ce548be23b7e4025c9af89779/README.md
napari/docs,0,0,rule_assigned_readme_scope,https://raw.githubusercontent.com/napari/docs/c39f8864c8aac9713dcb8fb93e904d173cc94ea0/README.md
napari/napari,1,1,rule_assigned_readme_scope,https://raw.githubusercontent.com/napari/napari/56cffbd5754ce9dbf7595c8e8791f64b1d415e43/README.md
napari/napari-plugin-engine,0,0,rule_assigned_readme_scope,https://raw.githubusercontent.com/napari/napari-plugin-engine/8c04a76a907ef12d0c9ded8f5959bc1f44e0539a/README.md
napari/napari-plugin-manager,0,0,rule_assigned_readme_scope,https://raw.githubusercontent.com/napari/napari-plugin-manager/73cffe596914de82f38f100a2e862318677ca160/README.md
natir/yacrd,0,0,readme_unavailable,
naver/biobert-pretrained,0,0,rule_assigned_readme_scope,https://raw.githubusercontent.com/naver/biobert-pretrained/b2be8384716b7801e45110422272684e0c8f2f21/README.md
navis-org/skeletor,1,1,rule_assigned_readme_scope,https://raw.githubusercontent.com/navis-org/skeletor/687f0787205ec9d3a15af99fc2add3d4a20026c5/README.md
ncbi/amr,0,0,rule_assigned_readme_scope,https://raw.githubusercontent.com/ncbi/amr/9f0987075f2787ba0566a73e172c340aff63f8af/README.md
ncbi/ncbi-cxx-toolkit-public,0,0,rule_assigned_readme_scope,https://raw.githubusercontent.com/ncbi/ncbi-cxx-toolkit-public/6e6243265475a80a82da4c7b0fba8520a94277ce/README.md
ncbi/ncbi-vdb,0,0,rule_assigned_readme_scope,https://raw.githubusercontent.com/ncbi/ncbi-vdb/28118ec6254c1a1acbf47ecbdc775d693f178573/README.md
ncbi/ngs,0,0,rule_assigned_readme_scope,https://raw.githubusercontent.com/ncbi/ngs/7de9aed2b2d595e1d4577b376ba506c9e7b31d6f/README.md
ncbi/sra-tools,0,0,rule_assigned_readme_scope,https://raw.githubusercontent.com/ncbi/sra-tools/434ae787c86e32e7faa5e80417a342c365fa03b0/README.md
ndexbio/ndex-jupyter-notebooks,19,19,rule_assigned_readme_scope,https://raw.githubusercontent.com/ndexbio/ndex-jupyter-notebooks/bf9b991e639e4947a64b1dd6e92a248bfe14423c/README.md
ndexbio/ndex2-client,0,0,rule_assigned_readme_scope,https://raw.githubusercontent.com/ndexbio/ndex2-client/e6467d81b90a779f903eaac1dfb6b63eb25938a4/README.rst
neherlab/treetime,1,1,rule_assigned_readme_scope,https://raw.githubusercontent.com/neherlab/treetime/bf091c76fa757a76ae2bb46c0d47d9906732a129/README.md
neherlab/treetime_examples,0,0,rule_assigned_readme_scope,https://raw.githubusercontent.com/neherlab/treetime_examples/260e7150c5edcb9d5b6394ee2798e2ce1043bf76/README.md
nengo/nengo,34,34,rule_assigned_readme_scope,https://raw.githubusercontent.com/nengo/nengo/440db6363f690ea4df52be29b2fa01a5a41399f8/README.rst
neufeld/pandaseq,0,0,rule_assigned_readme_scope,https://raw.githubusercontent.com/neufeld/pandaseq/5eb701bcf62c13ccc58acea69bb21a9814849dac/README.md
neuralensemble/elephant,7,7,rule_assigned_readme_scope,https://raw.githubusercontent.com/neuralensemble/elephant/32f1b56fa104ce5a7bc13905458725ea9be34754/README.md
neuralensemble/python-neo,0,0,rule_assigned_readme_scope,https://raw.githubusercontent.com/neuralensemble/python-neo/5f64a9e03896489311d0047a27f8bf74786a8453/README.rst
neurodatawithoutborders/pynwb,6,6,rule_assigned_readme_scope,https://raw.githubusercontent.com/neurodatawithoutborders/pynwb/ef74c1660ac4ae6980a86ffbb665fc24e8c2d197/README.rst
neuromatchacademy/course-content,346,346,rule_assigned_readme_scope,https://raw.githubusercontent.com/neuromatchacademy/course-content/44634e960df7a14cd0bf7398187f2d209d26b0e8/README.md
neuropsychology/neurokit,24,24,rule_assigned_readme_scope,https://raw.githubusercontent.com/neuropsychology/neurokit/ff419d983568ef492eb8d229af643c0ef0100b32/README.rst
neurotechx/moabb,0,0,rule_assigned_readme_scope,https://raw.githubusercontent.com/neurotechx/moabb/18e7d4c03aeed0b402404a60ae2639c09d0ffee0/README.md
neurreps/awesome-neural-geometry,0,0,rule_assigned_readme_scope,https://raw.githubusercontent.com/neurreps/awesome-neural-geometry/6c16ddfb4e44fd1cb925bed9d6b5afc93324f8cc/README.md
nextflow-io/nextflow,0,0,rule_assigned_readme_scope,https://raw.githubusercontent.com/nextflow-io/nextflow/508fe13c6d241cdea08ddbdcee62695d6d871fb9/README.md
nextstrain/augur,0,0,rule_assigned_readme_scope,https://raw.githubusercontent.com/nextstrain/augur/0d287496eed3816f94d674f5a08201273f479487/README.md
nextstrain/docs.nextstrain.org,0,0,rule_assigned_readme_scope,https://raw.githubusercontent.com/nextstrain/docs.nextstrain.org/e0b8c42e12cb23b633e0d39b53a3bf66572dd0eb/README.md
nextstrain/nextclade,0,0,rule_assigned_readme_scope,https://raw.githubusercontent.com/nextstrain/nextclade/897b7a72f2cf425c53d0833473a98d6aff2bea42/README.md
nextstrain/zika-tutorial,0,0,rule_assigned_readme_scope,https://raw.githubusercontent.com/nextstrain/zika-tutorial/c94859b0cc303302362b6cdd27efe503f4ba5523/README.md
nf-core/tools,0,0,rule_assigned_readme_scope,https://raw.githubusercontent.com/nf-core/tools/eb2f709090f4054f45437c34049ea2068567c339/README.md
nglviewer/ngl,0,0,rule_assigned_readme_scope,https://raw.githubusercontent.com/nglviewer/ngl/0db88033650614103be761f151efc923b66e977e/README.md
nglviewer/nglview,37,37,rule_assigned_readme_scope,https://raw.githubusercontent.com/nglviewer/nglview/6abd900ec447b6deddad92f97f814b615440a74f/README.md
niflows/nipype1-examples,1,1,rule_assigned_readme_scope,https://raw.githubusercontent.com/niflows/nipype1-examples/67e09a55c5ffde8f69423dcc9e0a47380d913a25/README.md
niftk/niftynet,8,8,rule_assigned_readme_scope,https://raw.githubusercontent.com/niftk/niftynet/935bf4334cd00fa9f9d50f6a95ddcbfdde4031e0/README.md
nilearn/nilearn,3,3,rule_assigned_readme_scope,https://raw.githubusercontent.com/nilearn/nilearn/3ae5c15786e8d213b63ae4068b44aa47779834fe/README.rst
nipreps/fmriprep,0,0,rule_assigned_readme_scope,https://raw.githubusercontent.com/nipreps/fmriprep/e56dc9938e742c789510705372f88fdb5a8206c2/README.rst
nipreps/fmriprep-notebooks,8,8,rule_assigned_readme_scope,https://raw.githubusercontent.com/nipreps/fmriprep-notebooks/9933a628dfb759dc73e61701c144d67898b92de0/README.md
nipreps/niworkflows,0,0,rule_assigned_readme_scope,https://raw.githubusercontent.com/nipreps/niworkflows/0eb323521639665483f651cf088c86047382d656/README.rst
nipy/nibabel,2,2,rule_assigned_readme_scope,https://raw.githubusercontent.com/nipy/nibabel/edf28398253e8ffb5fe879061b531e61bc88be14/README.rst
nipy/nipype,0,0,rule_assigned_readme_scope,https://raw.githubusercontent.com/nipy/nipype/b02801e61e94301514e58212ee69c29f110318a4/README.rst
nipy/nitime,0,0,rule_assigned_readme_scope,https://raw.githubusercontent.com/nipy/nitime/a014ce0a298715e231f8ed56e87ed9bda444a12c/README.rst
nipy/nitransforms,2,2,rule_assigned_readme_scope,https://raw.githubusercontent.com/nipy/nitransforms/06537caee1e5908e7faada275187a0568982b549/README.md
nipype/pydra,11,11,rule_assigned_readme_scope,https://raw.githubusercontent.com/nipype/pydra/928ff51f9f03a076e854538fd798a606108d6bbb/README.rst
nipype/pydra-tutorial,2,2,rule_assigned_readme_scope,https://raw.githubusercontent.com/nipype/pydra-tutorial/31d3934f3b4f0be53f5be4f4be4a6f9eac4fa2e7/README.md
nitrain/nitrain,0,0,rule_assigned_readme_scope,https://raw.githubusercontent.com/nitrain/nitrain/ecd3547c79643687412cb24aa872b4923a4fb865/README.md
nitrain/tutorials,0,0,rule_assigned_readme_scope,https://raw.githubusercontent.com/nitrain/tutorials/efb33855b9cca928976bde85cc3b0f9b316ae119/README.md
nroduit/weasis,0,0,rule_assigned_readme_scope,https://raw.githubusercontent.com/nroduit/weasis/d9a629c0031f850c9d0dcef599b2c259225ffd99/README.md
nsalomonis/altanalyze,0,0,rule_assigned_readme_scope,https://raw.githubusercontent.com/nsalomonis/altanalyze/64f77a77fb3c947bd5eaaaf759bfac2ab0a1b498/README.md
nvidia-bionemo/bionemo-recipes,16,16,rule_assigned_readme_scope,https://raw.githubusercontent.com/nvidia-bionemo/bionemo-recipes/11701476b005ca7bc489df924a398b8f12453f0b/README.md
nyukat/breast_cancer_classifier,1,1,rule_assigned_readme_scope,https://raw.githubusercontent.com/nyukat/breast_cancer_classifier/6176ebea6950b0a953339593d2da417ab846dae0/README.md
ohif/viewers,0,0,rule_assigned_readme_scope,https://raw.githubusercontent.com/ohif/viewers/9ba15ec7947c39da4173765dab5705f9c5e13e9f/README.md
ome/napari-omero,0,0,rule_assigned_readme_scope,https://raw.githubusercontent.com/ome/napari-omero/e327ffb42a9a84321eecfe7fdc288f01475ac606/README.md
omicsml/awesome-deep-learning-single-cell-papers,0,0,rule_assigned_readme_scope,https://raw.githubusercontent.com/omicsml/awesome-deep-learning-single-cell-papers/c61f634a76e25ab37244e63744790e1fdcbe33ab/README.md
omicverse/omicverse,6,6,rule_assigned_readme_scope,https://raw.githubusercontent.com/omicverse/omicverse/450f4701f7b78185376b916e682c09a29c6d79db/README.md
omicverse/omicverse-tutorials,327,328,rule_assigned_readme_scope,https://raw.githubusercontent.com/omicverse/omicverse-tutorials/797892f54aaf5e627b15eeba36623487a39a97c2/README.md
oncologylab/fp-tools,0,0,rule_assigned_readme_scope,https://raw.githubusercontent.com/oncologylab/fp-tools/636db5fc8b676759a5fc7587570a6bb5534dcc5c/README.md
open-science-tools/nd2reader,0,0,rule_assigned_readme_scope,https://raw.githubusercontent.com/open-science-tools/nd2reader/6d825725d0c7574409d56cdbe3680937da25b0bf/README.md
open2c/bioframe,4,4,rule_assigned_readme_scope,https://raw.githubusercontent.com/open2c/bioframe/95007ed6fc03b01005d75f95cac511b2df286854/README.md
open2c/cooler,0,0,rule_assigned_readme_scope,https://raw.githubusercontent.com/open2c/cooler/6c2d65b1420a636193b7f05100a96410ea252147/README.md
open2c/cooltools,12,12,rule_assigned_readme_scope,https://raw.githubusercontent.com/open2c/cooltools/b1911f75b904d94a3d25a5c7083c543ad245baf0/README.md
open2c/open2c_examples,7,7,rule_assigned_readme_scope,https://raw.githubusercontent.com/open2c/open2c_examples/4871149ad5620b3552095dc4c54f147c41ca1c1b/README.md
openbabel/openbabel,0,0,rule_assigned_readme_scope,https://raw.githubusercontent.com/openbabel/openbabel/9be528bcdb31a219637ae3d1699170a8aaa5be6d/README.md
openbraininstitute/efel,10,10,rule_assigned_readme_scope,https://raw.githubusercontent.com/openbraininstitute/efel/3a1652676fc05608f4616a33e874cba049b5a213/README.md
openbraininstitute/morphio,2,2,rule_assigned_readme_scope,https://raw.githubusercontent.com/openbraininstitute/morphio/be8d1f3cfd4e9aeb4ae1fc24b0a04f84cb5f3114/README.rst
openchemistry/avogadrolibs,0,0,rule_assigned_readme_scope,https://raw.githubusercontent.com/openchemistry/avogadrolibs/1ed02ac5fcb23ee0e6f87bba183045947a5029dc/README.md
opencobra/cobrapy,23,23,rule_assigned_readme_scope,https://raw.githubusercontent.com/opencobra/cobrapy/6f83a534569557f6a10bfdf6909522016985e47f/README.rst
opengene/fastp,0,0,rule_assigned_readme_scope,https://raw.githubusercontent.com/opengene/fastp/8a2397b6628ae14127efdb7566f67fc05f9aea56/README.md
openmm/openmm,0,0,rule_assigned_readme_scope,https://raw.githubusercontent.com/openmm/openmm/0c4bcaba734ea574f52f5e09ffaaf4d6fe6109c2/README.md
openmm/openmmforcefields,1,1,rule_assigned_readme_scope,https://raw.githubusercontent.com/openmm/openmmforcefields/fb86b916b76393392c39b8b73e2eb5c770908942/README.md
openms/openms,0,0,rule_assigned_readme_scope,https://raw.githubusercontent.com/openms/openms/55f7bdb0ccabd3f1ef9c9aa04bb66ada6e2067a0/README.md
openms/pyopenms-docs,0,0,rule_assigned_readme_scope,https://raw.githubusercontent.com/openms/pyopenms-docs/b04069b7b8e6715cf82365af70478f0e69445f7e/README.md
openneuro-py/openneuro-py,0,0,rule_assigned_readme_scope,https://raw.githubusercontent.com/openneuro-py/openneuro-py/b1ffdfd59307dfb593ab35d6e35c45f84cc98261/README.md
opensim-org/opensim-core,8,8,assistant_individual_readme_review,https://raw.githubusercontent.com/opensim-org/opensim-core/2aaa04b33463076edb06625693ad9bf98cf3bea4/README.md
openslide/openslide-python,0,0,rule_assigned_readme_scope,https://raw.githubusercontent.com/openslide/openslide-python/0e7922447be545a8688f0b5044b2a3801e0a6c9b/README.md
opentrons/opentrons,0,0,rule_assigned_readme_scope,https://raw.githubusercontent.com/opentrons/opentrons/c1ebc0783ef1c822912ff6e10b11673eabb4bad4/README.md
openvax/datacache,0,0,rule_assigned_readme_scope,https://raw.githubusercontent.com/openvax/datacache/8d651dffa9cd9b1bf440f130ab2aaede9b1884fb/README.md
openvax/gtfparse,0,0,rule_assigned_readme_scope,https://raw.githubusercontent.com/openvax/gtfparse/3e0912cff30a32c84be9fc8bbde47d37ac497a3e/README.md
openvax/isovar,3,3,rule_assigned_readme_scope,https://raw.githubusercontent.com/openvax/isovar/bfd87db6480282c76203f1693b0db35eb6d7701c/README.md
openvax/mhcflurry,2,2,rule_assigned_readme_scope,https://raw.githubusercontent.com/openvax/mhcflurry/6c0f308973ffa53c351dc97ecd47a173915d0714/README.md
openvax/mhctools,0,0,rule_assigned_readme_scope,https://raw.githubusercontent.com/openvax/mhctools/d5786884c7f02e0e15922f03c3ef795c50065039/README.md
openvax/pyensembl,0,0,rule_assigned_readme_scope,https://raw.githubusercontent.com/openvax/pyensembl/4afd0f3005e7a65bfed37c4f1606ed3470f85dbc/README.md
openvax/topiary,0,0,rule_assigned_readme_scope,https://raw.githubusercontent.com/openvax/topiary/8a7a855af613d55281591e4c6509a97ea018f951/README.md
openvax/varcode,1,1,rule_assigned_readme_scope,https://raw.githubusercontent.com/openvax/varcode/028feabed84766f90ce3a9d257678ef99880b19c/README.md
openvax/vaxrank,0,0,rule_assigned_readme_scope,https://raw.githubusercontent.com/openvax/vaxrank/c47103a123b6f8956f45134371e9db8994113b20/README.md
openwdl/wdl,0,0,rule_assigned_readme_scope,https://raw.githubusercontent.com/openwdl/wdl/c442a3e601d6e568262b9f273bb6f8ff9c3d677a/README.md
openworm/openworm,0,0,rule_assigned_readme_scope,https://raw.githubusercontent.com/openworm/openworm/abefa4092c5e4d0f8b2a8a05f70175622de2b975/README.md
oschwengers/bakta,0,0,rule_assigned_readme_scope,https://raw.githubusercontent.com/oschwengers/bakta/3784ded8102d4109ff7a84debd84bcf42d2c40ba/README.md
ossu/bioinformatics,0,0,rule_assigned_readme_scope,https://raw.githubusercontent.com/ossu/bioinformatics/26fee00e65327c3dcecb2fc81aad51503e3e5064/README.md
oxpig/anarci,0,0,rule_assigned_readme_scope,https://raw.githubusercontent.com/oxpig/anarci/79f6c575056dedef86cb8f405ebb039197923eec/README.md
ozan-oktay/attention-gated-networks,0,0,rule_assigned_readme_scope,https://raw.githubusercontent.com/ozan-oktay/attention-gated-networks/eee4881fdc31920efd873773e0b744df8dacbfb6/README.md
pachterlab/kallisto,1,1,rule_assigned_readme_scope,https://raw.githubusercontent.com/pachterlab/kallisto/4e9f29cf3b021260415430c057a22469ca081391/README.md
parmed/parmed,0,0,rule_assigned_readme_scope,https://raw.githubusercontent.com/parmed/parmed/13239c2516dd371317ffedeecb411864a5ccb365/README.md
patwalters/practical_cheminformatics_tutorials,48,48,rule_assigned_readme_scope,https://raw.githubusercontent.com/patwalters/practical_cheminformatics_tutorials/370dc66428819e06a2c87a859fab122b77b22f5b/README.md
pcingola/snpeff,0,0,rule_assigned_readme_scope,https://raw.githubusercontent.com/pcingola/snpeff/1db15998ea6aad93a35848aca0f6cba81cd36738/README.md
pcingola/snpsift,0,0,rule_assigned_readme_scope,https://raw.githubusercontent.com/pcingola/snpsift/a9122d0283cad1475ec475b1623f87bbd8fbfec5/README.md
pdb-redo/libcifpp,0,0,rule_assigned_readme_scope,https://raw.githubusercontent.com/pdb-redo/libcifpp/20971e1ee96beefc3a7bf2427cfbb09027b4ecde/README.md
pdbeurope/ccdutils,0,0,rule_assigned_readme_scope,https://raw.githubusercontent.com/pdbeurope/ccdutils/318f77f205e428e612212ee8c9079d9f47b8f26f/README.md
pdimens/harpy,13,13,rule_assigned_readme_scope,https://raw.githubusercontent.com/pdimens/harpy/e7e56022cd583daa6cbebdb860bf965ce0f1c0d0/README.md
peldom/papers_for_protein_design_using_dl,0,0,readme_unavailable,
pepkit/pephubclient,0,0,rule_assigned_readme_scope,https://raw.githubusercontent.com/pepkit/pephubclient/a5dd00f1011ec0f75ede0dd99ae45832bf6786de/README.md
perone/medicaltorch,1,1,rule_assigned_readme_scope,https://raw.githubusercontent.com/perone/medicaltorch/34ea15075a57271940d26684c34767a8a9e8fb58/README.md
persdre/intermine-ws-python-docs,35,35,rule_assigned_readme_scope,https://raw.githubusercontent.com/persdre/intermine-ws-python-docs/59c3b6a4fa4d86db90c91b60165b71858cdafeb7/README.md
petehaitch/delayedmatrixstats,2,2,rule_assigned_readme_scope,https://raw.githubusercontent.com/petehaitch/delayedmatrixstats/fd7d3fb8c069fe69ca3f7e483a816d5d8411f9bb/README.md
peterjc/thapbi-pict,0,0,rule_assigned_readme_scope,https://raw.githubusercontent.com/peterjc/thapbi-pict/5dfb211100ca5ea012e127a0a67fab070273b4a9/README.rst
pezmaster31/bamtools,0,0,rule_assigned_readme_scope,https://raw.githubusercontent.com/pezmaster31/bamtools/7e5c183cdf37a6ab216402b26c07296807416472/README
pharmai/plip,0,0,rule_assigned_readme_scope,https://raw.githubusercontent.com/pharmai/plip/2f4911d307490479ac023b22d6faa8f59b577ca8/README.md
philres/ngmlr,0,0,rule_assigned_readme_scope,https://raw.githubusercontent.com/philres/ngmlr/a2a31fb6a63547be29c5868a7747e0c6f6e9e41f/README.md
pinellolab/crisprme,0,0,rule_assigned_readme_scope,https://raw.githubusercontent.com/pinellolab/crisprme/96b84732e04f73c74f4e77944f9df5e78fa71f2a/README.md
pirl-unc/hitlist,0,0,rule_assigned_readme_scope,https://raw.githubusercontent.com/pirl-unc/hitlist/96035cf2bd2cca0f7cd383fbffa7809925095264/README.md
pirl-unc/mhcgnomes,2,2,rule_assigned_readme_scope,https://raw.githubusercontent.com/pirl-unc/mhcgnomes/5565acdc4f8e2d13b4255c4f742f18178fe5efae/README.md
plger/scdblfinder,6,6,rule_assigned_readme_scope,https://raw.githubusercontent.com/plger/scdblfinder/ff8d3105b20fe89bc1973a28d50fe0f018b01581/README.md
poisonalien/maftools,4,4,rule_assigned_readme_scope,https://raw.githubusercontent.com/poisonalien/maftools/015a4cf8c69ba89a55a3fdcea911421509e9a198/README.md
powellgenomicslab/nebulosa,2,2,rule_assigned_readme_scope,https://raw.githubusercontent.com/powellgenomicslab/nebulosa/aa4b6ff06fe987ca07ddfbf866ed25541f1e8d27/README.md
prefixcommons/prefixcommons-py,0,0,rule_assigned_readme_scope,https://raw.githubusercontent.com/prefixcommons/prefixcommons-py/4b0756fd69f978b4c69542fb450ae2b8eebfbd17/README.rst
prihoda/abnumber,1,1,rule_assigned_readme_scope,https://raw.githubusercontent.com/prihoda/abnumber/2cc13f4bafcc74e0c619780aeff018d3b24be3ee/README.md
primer3-org/primer3,0,0,rule_assigned_readme_scope,https://raw.githubusercontent.com/primer3-org/primer3/345cba9ca22fdb8f9f90da9b57948b81b4866330/README.md
prody/prody,0,0,rule_assigned_readme_scope,https://raw.githubusercontent.com/prody/prody/25aea16b269f6d8e15369b045f23e812a7453e55/README.md
project-gemmi/gemmi,0,0,rule_assigned_readme_scope,https://raw.githubusercontent.com/project-gemmi/gemmi/97c808222f468f8188f2ed87266e0d7c5a854ce2/README.md
project-monai/generativemodels,28,28,rule_assigned_readme_scope,https://raw.githubusercontent.com/project-monai/generativemodels/7428fce193771e9564f29b91d29e523dd1b6b4cd/README.md
project-monai/monailabel,0,0,rule_assigned_readme_scope,https://raw.githubusercontent.com/project-monai/monailabel/0b1ee413df5a7e7ba40c46cd8860fb95e02ad25f/README.md
project-monai/tutorials,11,11,rule_assigned_readme_scope,https://raw.githubusercontent.com/project-monai/tutorials/b4b61f865d1834acdf1cecb31a0e40376b0c9e22/README.md
prophyle/prophyle,0,0,rule_assigned_readme_scope,https://raw.githubusercontent.com/prophyle/prophyle/7d88d4b41fcc6a6b0f7e1b9b662614dd5c2aa92f/README.rst
psychopy/psychopy,0,0,rule_assigned_readme_scope,https://raw.githubusercontent.com/psychopy/psychopy/87453782b1420e91402a7f2c3a2f28803fa98f7b/README.md
psychopy/psychopy-docs,0,0,rule_assigned_readme_scope,https://raw.githubusercontent.com/psychopy/psychopy-docs/941c6befd3e8fce00e65a8e9e0a5b3abd0e143ff/README.md
pydna-group/pydna,21,21,rule_assigned_readme_scope,https://raw.githubusercontent.com/pydna-group/pydna/1685b755e4cd48b2e7ccd900289e21e2a032011b/README.md
pymmcore-plus/useq-schema,0,0,rule_assigned_readme_scope,https://raw.githubusercontent.com/pymmcore-plus/useq-schema/942a551d6a81f7999f9f517eadd5c44685c5dcfe/README.md
pymzml/pymzml,0,0,rule_assigned_readme_scope,https://raw.githubusercontent.com/pymzml/pymzml/75154f43df27d67f4bc5c994cea16bf6856c0cbb/README.rst
pyranges/ncls,0,0,rule_assigned_readme_scope,https://raw.githubusercontent.com/pyranges/ncls/e79ceb63abd2fb57c97f8720978499a7425a6126/README.md
pyranges/pyranges0,35,35,rule_assigned_readme_scope,https://raw.githubusercontent.com/pyranges/pyranges0/5aec3abe6be3ebf10b9591f7b2719713ab13c65b/README.md
pyranges/sorted_nearest,0,0,readme_unavailable,
pysam-developers/pysam,0,0,rule_assigned_readme_scope,https://raw.githubusercontent.com/pysam-developers/pysam/ba2e6c124398bdcd963db741d6f01164fed4f9b7/README.rst
quantumjot/btrack,1,1,rule_assigned_readme_scope,https://raw.githubusercontent.com/quantumjot/btrack/2de42c911253e021b3814191fd1a049a6c0e2628/README.md
quinlan-lab/applied-computational-genomics,0,0,rule_assigned_readme_scope,https://raw.githubusercontent.com/quinlan-lab/applied-computational-genomics/98e40b0ab33c2b02d629f6ea2f716cbe6e1bc476/README.md
qupath/qupath,0,0,rule_assigned_readme_scope,https://raw.githubusercontent.com/qupath/qupath/4058d36b5d358dcd6195f41ab5fa47f4c1a45722/README.md
rafalab/affy,4,4,rule_assigned_readme_scope,https://raw.githubusercontent.com/rafalab/affy/5683bb5289a37c7b23600d966ec47ce848a736fd/README.md
rafalab/bumphunter,1,1,rule_assigned_readme_scope,https://raw.githubusercontent.com/rafalab/bumphunter/6d92f4551e1dbd3dccd33251de7e7c077ed556d2/README.md
rcastelo/gsva,5,5,assistant_individual_readme_review,https://raw.githubusercontent.com/rcastelo/GSVA/14bf1956b1bad834c6d865d688699e65f7735e68/README.md
rcavalcante/annotatr,1,1,rule_assigned_readme_scope,https://raw.githubusercontent.com/rcavalcante/annotatr/a6e7a878cf7a67e4a0a518abb27d350e64a6a512/README.md
rcedgar/muscle,0,0,rule_assigned_readme_scope,https://raw.githubusercontent.com/rcedgar/muscle/29aa0671d0e46c862457749c7f2d87f29007b8eb/README.md
rcsb/py-rcsb-api,8,8,rule_assigned_readme_scope,https://raw.githubusercontent.com/rcsb/py-rcsb-api/5b1c80285ec58aa63822735c65c3affa331fbcfa/README.md
rdkit/rdkit,18,18,rule_assigned_readme_scope,https://raw.githubusercontent.com/rdkit/rdkit/4fc0ffa70991d55a8098742f8ea34f2e84495049/README.md
refgenie/refgenie,4,4,rule_assigned_readme_scope,https://raw.githubusercontent.com/refgenie/refgenie/f6aa8748b5e4d00248aff32c6481b09bdb4f4401/README.md
rformassspectrometry/metabocoreutils,1,1,rule_assigned_readme_scope,https://raw.githubusercontent.com/rformassspectrometry/metabocoreutils/1e25732196a281aea891b040bfe6efe07841411e/README.md
rformassspectrometry/mscoreutils,1,1,rule_assigned_readme_scope,https://raw.githubusercontent.com/rformassspectrometry/mscoreutils/5fef3519649ee7ffd80e2ae23a95165fc8cb338a/README.md
rformassspectrometry/msexperiment,1,1,rule_assigned_readme_scope,https://raw.githubusercontent.com/rformassspectrometry/msexperiment/19ec01c78b2d24cd2a13b7cb1228eb28958eafeb/README.md
rformassspectrometry/msfeatures,1,1,rule_assigned_readme_scope,https://raw.githubusercontent.com/rformassspectrometry/msfeatures/e8548f333b1b09978f0c28548c3520645fa8b655/README.md
rformassspectrometry/protgenerics,1,1,rule_assigned_readme_scope,https://raw.githubusercontent.com/rformassspectrometry/protgenerics/4def12d90e7de2581755aeabe115599d12cd1ea1/README.md
rformassspectrometry/psmatch,3,3,rule_assigned_readme_scope,https://raw.githubusercontent.com/rformassspectrometry/psmatch/ff1b83c66e28c7c6e93c55ee456ad92772ba2afb/README.md
rformassspectrometry/qfeatures,6,6,rule_assigned_readme_scope,https://raw.githubusercontent.com/rformassspectrometry/qfeatures/c4b3bb93ec0b824a52d2f20ea05d5b15a26d7c52/README.md
rformassspectrometry/spectra,3,3,rule_assigned_readme_scope,https://raw.githubusercontent.com/rformassspectrometry/spectra/6870c3bf15f8282e75a4b7797db0a0964c3b0de6/README.md
rglab/cytoml,4,4,rule_assigned_readme_scope,https://raw.githubusercontent.com/rglab/cytoml/36d4df34f0ea6bcd04ba2fb32afaddb17bb14330/README.md
rglab/flowstats,1,1,readme_unavailable,
rglab/ggcyto,9,9,rule_assigned_readme_scope,https://raw.githubusercontent.com/rglab/ggcyto/2484d0d88328e9ff72d36f422dd4eaef9755b571/README.md
rglab/mast,4,4,rule_assigned_readme_scope,https://raw.githubusercontent.com/rglab/mast/d46c1d16951b0689b6d18e5f90f8d7f1f0b06910/README.md
richard-peng-xia/awesome-multimodal-in-medical-imaging,0,0,rule_assigned_readme_scope,https://raw.githubusercontent.com/richard-peng-xia/awesome-multimodal-in-medical-imaging/b20f7cd5f7a8328d452197c2eefe9a9bda87d115/README.md
rmaphoh/retfound,2,2,rule_assigned_readme_scope,https://raw.githubusercontent.com/rmaphoh/retfound/ae9a9ecf37857cf47b8aa9f87cd6f710d75db287/README.md
rnabioco/escapepod-rs,0,0,rule_assigned_readme_scope,https://raw.githubusercontent.com/rnabioco/escapepod-rs/ecf004eb6946b384f7aa4956d53d6649d19ea366/README.md
rordenlab/dcm2niix,0,0,rule_assigned_readme_scope,https://raw.githubusercontent.com/rordenlab/dcm2niix/8282dbf7d37d34b29ef008061622a44077e24707/README.md
rosettacommons/atomworks,1,1,rule_assigned_readme_scope,https://raw.githubusercontent.com/rosettacommons/atomworks/fcf7af8c127e0de62a460dab5230c649a25a78d4/README.md
rpomponio/neuroharmonize,0,0,rule_assigned_readme_scope,https://raw.githubusercontent.com/rpomponio/neuroharmonize/89ef77fa44c7c5f11113e22f766cc66a9776af71/README.md
rrwick/bandage,0,0,rule_assigned_readme_scope,https://raw.githubusercontent.com/rrwick/bandage/c89b9cffca3dcf010720b18e57c0454247aa9837/README.md
rrwick/unicycler,0,0,rule_assigned_readme_scope,https://raw.githubusercontent.com/rrwick/unicycler/1429301eb24df9162f3c9386e8522f942594ae42/README.md
rust-bio/rust-bio,0,0,rule_assigned_readme_scope,https://raw.githubusercontent.com/rust-bio/rust-bio/841f86f61525f0771aad2284ac3e9f7abae800c4/README.md
rust-bio/rust-bio-tools,0,0,rule_assigned_readme_scope,https://raw.githubusercontent.com/rust-bio/rust-bio-tools/0b3940c3c498b8350a8a0933268a94447a714371/README.md
ryanwangzf/medclip,2,2,rule_assigned_readme_scope,https://raw.githubusercontent.com/ryanwangzf/medclip/9c3396f20d5d54e4fae241b8cb06ca45848e98c9/README.md
s-andrews/fastqc,0,0,rule_assigned_readme_scope,https://raw.githubusercontent.com/s-andrews/fastqc/87fb3364a2f37115833d678648926d41e184f0b1/README.md
saezlab/decoupler,6,6,rule_assigned_readme_scope,https://raw.githubusercontent.com/saezlab/decoupler/9b471f1f6b1c1c1f357544f5c5ad0515ae7f43b8/README.md
saezlab/omnipath,0,0,rule_assigned_readme_scope,https://raw.githubusercontent.com/saezlab/omnipath/516a9b2ca1b18670879d71be95d883e00ce659f4/README.rst
saezlab/omnipathr,9,9,rule_assigned_readme_scope,https://raw.githubusercontent.com/saezlab/omnipathr/3e1139172d3036ffd772ebb945bc5e338ac63fde/README.md
saezlab/progeny,1,1,rule_assigned_readme_scope,https://raw.githubusercontent.com/saezlab/progeny/cad6be0514c3248b9465e48f1cfd2f6a4c3dfb6f/README.md
sage-bionetworks/synapsepythonclient,0,0,rule_assigned_readme_scope,https://raw.githubusercontent.com/sage-bionetworks/synapsepythonclient/e203fe7c7c19f91a67c0782e46b46d9bb9b80ac8/README.md
saigegit/saige,0,0,rule_assigned_readme_scope,https://raw.githubusercontent.com/saigegit/saige/365deeff9149fc2b5a66da8fa3799637bcb30af3/README.md
sales-lab/graphite,2,2,readme_unavailable,
salesforce/progen,0,0,rule_assigned_readme_scope,https://raw.githubusercontent.com/salesforce/progen/c27a419c234a0997923761e1fe7daffcebf0eaf5/README.md
samtools/bcftools,0,0,rule_assigned_readme_scope,https://raw.githubusercontent.com/samtools/bcftools/edf7fd96c5da562ecfd99fb7f9e4b9eb597aeae8/README.md
samtools/htslib,0,0,rule_assigned_readme_scope,https://raw.githubusercontent.com/samtools/htslib/7c5e3e7ebcdf90c8f96afd8a06d75ffa5603e417/README.md
samtools/samtools,0,0,rule_assigned_readme_scope,https://raw.githubusercontent.com/samtools/samtools/ae87484212b3e3db7ea279995fd231f5c5b4a0cc/README.md
satijalab/seurat,69,69,rule_assigned_readme_scope,https://raw.githubusercontent.com/satijalab/seurat/586015abde10618ecb32d3fe632267a83317a08d/README.md
sbg/sevenbridges-python,0,0,rule_assigned_readme_scope,https://raw.githubusercontent.com/sbg/sevenbridges-python/ed3de94bab744a33f614111c1845af68b5433c54/README.md
scalableminds/webknossos-libs,0,0,rule_assigned_readme_scope,https://raw.githubusercontent.com/scalableminds/webknossos-libs/a4bff37081ae614af2f44df99b537325512df954/README.md
schrodinger/pymol-open-source,0,0,rule_assigned_readme_scope,https://raw.githubusercontent.com/schrodinger/pymol-open-source/5e8bfca5a7f5dc4d5e7f84fa1d15af707cc86e69/README.md
scikit-bio/scikit-bio,0,0,rule_assigned_readme_scope,https://raw.githubusercontent.com/scikit-bio/scikit-bio/af581fbd1516c512164ffb58152e1eab216d6bc5/README.rst
scipipe/scipipe,0,0,rule_assigned_readme_scope,https://raw.githubusercontent.com/scipipe/scipipe/4d29035e8538d7d5362227eff037a1dd22d1e186/README.md
scorpiolea/aice,11,11,rule_assigned_readme_scope,https://raw.githubusercontent.com/scorpiolea/aice/8c5ee176763f68511a1568725813034dc6063858/README.md
scverse/anndata,7,7,rule_assigned_readme_scope,https://raw.githubusercontent.com/scverse/anndata/c2c1c373ca5f5f817f8b9599706e3cb2108f5e36/README.md
scverse/anndatar,6,6,rule_assigned_readme_scope,https://raw.githubusercontent.com/scverse/anndatar/243bfa78c2f6a5b48051f5dc76fdc3409264398b/README.md
scverse/decoupler,0,0,rule_assigned_readme_scope,https://raw.githubusercontent.com/scverse/decoupler/3132edcb5845323e18529a61646d946ce3ab0e74/README.md
scverse/decoupler-tutorials,9,9,rule_assigned_readme_scope,https://raw.githubusercontent.com/scverse/decoupler-tutorials/b4fd6a2c9f19be3c990879d6ef0efe70b0334f04/README.md
scverse/gget,0,0,rule_assigned_readme_scope,https://raw.githubusercontent.com/scverse/gget/f6de8a92cb5fd021a182ec612013f94cc2d675c0/README.md
scverse/liana,0,0,rule_assigned_readme_scope,https://raw.githubusercontent.com/scverse/liana/08590dbd45e90576fb0a8dcb9d1dbb139900bb34/README.md
scverse/liana-tutorials,14,14,rule_assigned_readme_scope,https://raw.githubusercontent.com/scverse/liana-tutorials/128df1cd30420496a721ec1d963e6f2a88094a97/README.md
scverse/mudata,4,4,rule_assigned_readme_scope,https://raw.githubusercontent.com/scverse/mudata/2a9eb2f1407a0f62bcba4ef76f2c57089c297e48/README.md
scverse/muon,1,1,rule_assigned_readme_scope,https://raw.githubusercontent.com/scverse/muon/cd96e9a36443aa869d29048f4094910db87250b9/README.md
scverse/muon-tutorials,12,12,rule_assigned_readme_scope,https://raw.githubusercontent.com/scverse/muon-tutorials/b899c49542e8a4648387ee09304881c28b0d0b95/README.md
scverse/pydeseq2,0,0,rule_assigned_readme_scope,https://raw.githubusercontent.com/scverse/pydeseq2/2ca3b74c9b2b994b44c071f17ec76ad1cf1595e9/README.md
scverse/scanpy,11,11,rule_assigned_readme_scope,https://raw.githubusercontent.com/scverse/scanpy/8c1463d5d97272d5811ad3f4efb57483e23b4c7e/README.md
scverse/scvi-tools,0,0,rule_assigned_readme_scope,https://raw.githubusercontent.com/scverse/scvi-tools/fa9470f9b59f47a1df1677eda44161ac14845db3/README.md
scverse/scvi-tutorials,65,65,assistant_individual_readme_review,https://raw.githubusercontent.com/scverse/scvi-tutorials/7447cffde4699bc21aecdf6937f916789db1f686/README.md
scverse/squidpy,0,0,rule_assigned_readme_scope,https://raw.githubusercontent.com/scverse/squidpy/69a3beaabbc953d9a9e6b3b2cf9fb7801c173cca/README.md
scverse/squidpy-tutorials,50,50,assistant_individual_readme_review,https://raw.githubusercontent.com/scverse/squidpy-tutorials/4984ce95c7b9858ac8be8b662a32e86316d3870e/README.rst
seandavi/awesome-single-cell,0,0,readme_unavailable,
seandavi/geoquery,6,6,rule_assigned_readme_scope,https://raw.githubusercontent.com/seandavi/geoquery/cb12423bf2691af82f742fc10f891835e8bab3ce/README.md
seandavi/methylumi,2,2,rule_assigned_readme_scope,https://raw.githubusercontent.com/seandavi/methylumi/4232eaf043694b8b8e2bfe1095f03185be39a8af/README.md
sebriois/biomart,0,0,rule_assigned_readme_scope,https://raw.githubusercontent.com/sebriois/biomart/813da30fb499dda58a97a6f25238fec633400d46/README.md
seguid/seguid-python,0,0,rule_assigned_readme_scope,https://raw.githubusercontent.com/seguid/seguid-python/e00bccf870e156ca4e09e6ff856f7ffbf1793e1a/README.md
seguid/seguid.org,7,7,rule_assigned_readme_scope,https://raw.githubusercontent.com/seguid/seguid.org/01c4924d043f693214299812751e61f3ca804f75/README.md
seq-lang/seq,0,0,rule_assigned_readme_scope,https://raw.githubusercontent.com/seq-lang/seq/0c275584163c172e5e7f20562c314991ed3bcf37/README.md
seqeralabs/docs,0,0,rule_assigned_readme_scope,https://raw.githubusercontent.com/seqeralabs/docs/90c1eda4b3fc267e54c85e7b050519a411ca8ef3/README.md
seung-lab/cloud-volume,0,0,rule_assigned_readme_scope,https://raw.githubusercontent.com/seung-lab/cloud-volume/8edb5823bb1c7769a92f2b138274ee8b50b2b9a2/README.md
seung-lab/connected-components-3d,0,0,rule_assigned_readme_scope,https://raw.githubusercontent.com/seung-lab/connected-components-3d/dbe7aef1082bad0f24537fa68531af7d6ed64457/README.md
sfikas/medical-imaging-datasets,0,0,rule_assigned_readme_scope,https://raw.githubusercontent.com/sfikas/medical-imaging-datasets/42dbb18030604d659b86bbc659429de03504ebea/README.md
shenwei356/awesome,0,0,rule_assigned_readme_scope,https://raw.githubusercontent.com/shenwei356/awesome/611e21ba5214b8d5c5d026d8597d0c1938a2efaf/README.md
shenwei356/seqkit,0,0,rule_assigned_readme_scope,https://raw.githubusercontent.com/shenwei356/seqkit/48d70213e9a8066cd4554cbffa81f2094f9c768c/README.md
sib-swiss/training-collection,0,0,readme_unavailable,
single-cell-data/tiledb-soma,5,5,rule_assigned_readme_scope,https://raw.githubusercontent.com/single-cell-data/tiledb-soma/7b2480031d4f6d8bab2afdc4e79db80d4ed9ace3/README.md
singler-inc/singler,1,1,rule_assigned_readme_scope,https://raw.githubusercontent.com/singler-inc/singler/36f72d9d0bdc27b95ed553d907edc39e1b069cc1/README.md
sjczheng/epidish,1,1,rule_assigned_readme_scope,https://raw.githubusercontent.com/sjczheng/epidish/816f01d78464e4f9d5dace5bf4467d6ea7edc3b6/README.md
skyeav/tablassert,0,0,rule_assigned_readme_scope,https://raw.githubusercontent.com/skyeav/tablassert/3956ea0d59c1a81547a11d1decedcd2510815835/README.md
slicer/slicer,0,0,rule_assigned_readme_scope,https://raw.githubusercontent.com/slicer/slicer/4e1fdba309173e088d8467432a14c9d84f0313f7/README.md
slowkow/harmonypy,0,0,rule_assigned_readme_scope,https://raw.githubusercontent.com/slowkow/harmonypy/dbd0984705530761f1e0a11ab5744345935437a0/README.md
smart-on-fhir/client-py,0,0,rule_assigned_readme_scope,https://raw.githubusercontent.com/smart-on-fhir/client-py/ee5ea26774d52d5397ebb98a1d64819c279887c4/README.md
smgogarten/gwastools,3,3,rule_assigned_readme_scope,https://raw.githubusercontent.com/smgogarten/gwastools/45e582c6161fa2dc78a31c70e10a6b1b9c28d745/README.md
smirarab/pasta,0,0,rule_assigned_readme_scope,https://raw.githubusercontent.com/smirarab/pasta/24c7adce978617f4050e2feb60a5eb99f4ae3e46/README.md
smirarab/sepp,0,0,rule_assigned_readme_scope,https://raw.githubusercontent.com/smirarab/sepp/ae9a28d543bf88004a4f859479524e62e3460c67/README.md
snakemake/snakemake,7,7,rule_assigned_readme_scope,https://raw.githubusercontent.com/snakemake/snakemake/5bf5e21b0d0e7e65e247c1f2c61c1a4f74a1a752/README.md
snakemake/snakemake-interface-common,0,0,rule_assigned_readme_scope,https://raw.githubusercontent.com/snakemake/snakemake-interface-common/f480f18976d99dc4601192c96050621170ff027b/README.md
snakemake/snakemake-interface-executor-plugins,0,0,rule_assigned_readme_scope,https://raw.githubusercontent.com/snakemake/snakemake-interface-executor-plugins/05712ed6f1932522a616e16b504040a423404c0e/README.md
snakemake/snakemake-interface-logger-plugins,0,0,rule_assigned_readme_scope,https://raw.githubusercontent.com/snakemake/snakemake-interface-logger-plugins/f27aaf181f38c5d79ccf2e5b30308fe630937b6d/README.md
snakemake/snakemake-interface-report-plugins,0,0,rule_assigned_readme_scope,https://raw.githubusercontent.com/snakemake/snakemake-interface-report-plugins/12ce5cbbf0b5a5b6daad9a610191432e4e5fa5de/README.md
snakemake/snakemake-interface-scheduler-plugins,0,0,rule_assigned_readme_scope,https://raw.githubusercontent.com/snakemake/snakemake-interface-scheduler-plugins/c5fd4f49fb6fdcf484b9150a672700c93530b56a/README.md
snakemake/snakemake-interface-storage-plugins,0,0,rule_assigned_readme_scope,https://raw.githubusercontent.com/snakemake/snakemake-interface-storage-plugins/042c6accc0a1c7afe9d450994074248d1c306ee8/README.md
snap-stanford/biomni,4,4,rule_assigned_readme_scope,https://raw.githubusercontent.com/snap-stanford/biomni/400c1f366b96a35ca253e13c9b06c5076af41d65/README.md
sneumann/mzr,1,1,rule_assigned_readme_scope,https://raw.githubusercontent.com/sneumann/mzr/27a98e6316d5424541d17378cbead1a347b41a38/README.md
sneumann/rdisop,2,2,rule_assigned_readme_scope,https://raw.githubusercontent.com/sneumann/rdisop/524de2a63ccdf635711f192b1dafe3ae504022e5/README.md
sneumann/xcms,4,4,rule_assigned_readme_scope,https://raw.githubusercontent.com/sneumann/xcms/088a3c1494331241bbe0910551954356a43b0288/README.md
soedinglab/hh-suite,0,0,rule_assigned_readme_scope,https://raw.githubusercontent.com/soedinglab/hh-suite/43095e46ada4ec2a8a47d47ef5ad7e38b1429f7b/README.md
soedinglab/mmseqs2,2,2,rule_assigned_readme_scope,https://raw.githubusercontent.com/soedinglab/mmseqs2/3b6aa9c87b347a1f49863d43b0fba2e80a169f4b/README.md
soft-matter/trackpy,0,1,rule_assigned_readme_scope,https://raw.githubusercontent.com/soft-matter/trackpy/186fa02f048ef0902b6f9804874b701345a22398/README.md
sokrypton/colabdesign,28,28,rule_assigned_readme_scope,https://raw.githubusercontent.com/sokrypton/colabdesign/e31a56fe1d9b4de25c8697f3a28b75892941cc72/README.md
sokrypton/colabfold,27,27,rule_assigned_readme_scope,https://raw.githubusercontent.com/sokrypton/colabfold/efbf31c37cedb38cd09c69c1b991910a9866480e/README.md
somalogic/canopy,1,1,readme_unavailable,
songlab-cal/tape,0,0,rule_assigned_readme_scope,https://raw.githubusercontent.com/songlab-cal/tape/6d345c2b2bbf52cd32cf179325c222afd92aec7e/README.md
sortmerna/sortmerna,0,0,rule_assigned_readme_scope,https://raw.githubusercontent.com/sortmerna/sortmerna/1a2a7f14b286144b132264e8fcf7eb9c6556bede/README.md
sourmash-bio/sourmash,6,6,rule_assigned_readme_scope,https://raw.githubusercontent.com/sourmash-bio/sourmash/19d061df70dd495cb4f7e676d7882ba7f4d1bc87/README.md
souvikmajumder26/multi-agent-medical-assistant,0,0,rule_assigned_readme_scope,https://raw.githubusercontent.com/souvikmajumder26/multi-agent-medical-assistant/dee00a4df4d7142186c30bf2893406a0074faa51/README.md
spacetx/starfish,9,9,rule_assigned_readme_scope,https://raw.githubusercontent.com/spacetx/starfish/1fb00cbcd9d7e408fc8106ec8b800642e7fee071/README.rst
spikeinterface/spikeinterface,0,0,rule_assigned_readme_scope,https://raw.githubusercontent.com/spikeinterface/spikeinterface/93c612f51cca09ecafe2c23a283132cf0ad57869/README.md
spikeinterface/spiketutorials,11,11,rule_assigned_readme_scope,https://raw.githubusercontent.com/spikeinterface/spiketutorials/561e67f5e03e98b3b0798111cbc50877679951a6/README.md
sqjin/cellchat,6,6,rule_assigned_readme_scope,https://raw.githubusercontent.com/sqjin/cellchat/e4f68625b074247d619c2e488d33970cc531e17c/README.md
ssandrews/smoldyn,23,23,rule_assigned_readme_scope,https://raw.githubusercontent.com/ssandrews/smoldyn/a6a71a8c2e335b48e9c28cb455e5329e7748f61a/README.md
stamatak/standard-raxml,0,0,rule_assigned_readme_scope,https://raw.githubusercontent.com/stamatak/standard-raxml/36ec36110631c34692abcd4f24ca7b3e2fea742a/README.md
star-fusion/star-fusion,0,0,rule_assigned_readme_scope,https://raw.githubusercontent.com/star-fusion/star-fusion/2e701b64867b89d719d3c6a275fc6f5586820993/README.md
statomics/tradeseq,5,5,assistant_individual_readme_review,https://raw.githubusercontent.com/statOmics/tradeSeq/02a9050674d8f0c0ebae8688fa9326dd76360d7d/README.md
steineggerlab/foldseek,2,2,rule_assigned_readme_scope,https://raw.githubusercontent.com/steineggerlab/foldseek/463739e0014a1549a527de589102cde98f802f37/README.md
stephenturner/oneliners,0,0,rule_assigned_readme_scope,https://raw.githubusercontent.com/stephenturner/oneliners/676a7eb1dd6d4f710a7080760acce14ec42aac58/README.md
storeylab/qvalue,1,1,rule_assigned_readme_scope,https://raw.githubusercontent.com/storeylab/qvalue/e8614232f05dd3db0951fafe3b2a33b8284b2aff/README.md
stuart-lab/signac,19,19,rule_assigned_readme_scope,https://raw.githubusercontent.com/stuart-lab/signac/12d1ff82774890b08e55b3101f36fab83e674b88/README.md
suyashkumar/dicom,0,0,rule_assigned_readme_scope,https://raw.githubusercontent.com/suyashkumar/dicom/8ae5137aa164e11a1ffb53b10778cba6cd910a87/README.md
swansonk14/admet_ai,0,0,rule_assigned_readme_scope,https://raw.githubusercontent.com/swansonk14/admet_ai/c65bf0418e19c65d7228f9e40da5d0152aade756/README.md
swharden/pyabf,9,9,rule_assigned_readme_scope,https://raw.githubusercontent.com/swharden/pyabf/3ad9cd6f2cdfe79bc1978736ab46314866ca1c4c/README.md
swolock/scrublet,6,6,rule_assigned_readme_scope,https://raw.githubusercontent.com/swolock/scrublet/67f8ecbad14e8e1aa9c89b43dac6638cebe38640/README.md
tanghaibao/goatools,24,24,rule_assigned_readme_scope,https://raw.githubusercontent.com/tanghaibao/goatools/4cd1c71bca876d545c2a7e8714ac907019e0649c/README.md
tanghaibao/jcvi,0,0,rule_assigned_readme_scope,https://raw.githubusercontent.com/tanghaibao/jcvi/a44fa61b52639a54b5ecc096d1407d2eca8fcc8f/README.md
taokz/biomedgpt,0,0,rule_assigned_readme_scope,https://raw.githubusercontent.com/taokz/biomedgpt/2c739bd0aa3e010da1a417d9e8591fafcfd1e4b5/README.md
tatami-inc/beachmat,1,1,rule_assigned_readme_scope,https://raw.githubusercontent.com/tatami-inc/beachmat/7fe7dc234ea2fe69bf8f4c711525428539033652/README.md
teichlab/celltypist,3,3,rule_assigned_readme_scope,https://raw.githubusercontent.com/teichlab/celltypist/fe357564a6625d3b1732a022fd39f18e55696e80/README.md
templateflow/python-client,0,0,rule_assigned_readme_scope,https://raw.githubusercontent.com/templateflow/python-client/c7e51a4b9eca5df00c29f028a910be03a495bd25/README.rst
templateflow/templateflow-notebooks,3,3,rule_assigned_readme_scope,https://raw.githubusercontent.com/templateflow/templateflow-notebooks/9aa5a65503d3943f9aa01d1417aa34424c772432/README.md
tgirke/systempiper,6,6,rule_assigned_readme_scope,https://raw.githubusercontent.com/tgirke/systempiper/09f23b61865bbbbfdb5dfda5d8280827bf31b658/README.md
thackl/gggenomes,5,5,rule_assigned_readme_scope,https://raw.githubusercontent.com/thackl/gggenomes/752e0e19da04b6813f0524d784843901ac64dcb2/README.md
theislab/destiny,6,6,rule_assigned_readme_scope,https://raw.githubusercontent.com/theislab/destiny/01df106eb1f9566a27abdc92c67f3647b24de879/README.md
theislab/scib,0,0,rule_assigned_readme_scope,https://raw.githubusercontent.com/theislab/scib/cd67913396b4c0430710b3d90f1d1841f5fa4468/README.md
theislab/scvelo,0,0,rule_assigned_readme_scope,https://raw.githubusercontent.com/theislab/scvelo/f63c0e70596ced2f1bee8cf07e8ab66037cf86b2/README.md
theislab/scvelo_notebooks,14,14,rule_assigned_readme_scope,https://raw.githubusercontent.com/theislab/scvelo_notebooks/2425e7fa35871a47d5b5d7d8e52c5a12c59b9395/README.rst
theislab/single-cell-best-practices,62,62,rule_assigned_readme_scope,https://raw.githubusercontent.com/theislab/single-cell-best-practices/34deaba9b90a0f97bff5466c8b3de78ad7481346/README.md
theislab/single-cell-tutorial,8,8,rule_assigned_readme_scope,https://raw.githubusercontent.com/theislab/single-cell-tutorial/12a86e1277bd1a97f1ecc22533fcdbe843a56dc1/README.md
theislab/zellkonverter,1,1,rule_assigned_readme_scope,https://raw.githubusercontent.com/theislab/zellkonverter/3cbe1b2dded4968de83339ea15f93a6e9516e2ac/README.md
thelovelab/deseq2,3,3,assistant_individual_readme_review,
thelovelab/tximeta,1,1,rule_assigned_readme_scope,https://raw.githubusercontent.com/thelovelab/tximeta/9425e9d5b940d5ad6edd2d0023dc2f594b8f095a/README.md
thelovelab/tximport,1,1,rule_assigned_readme_scope,https://raw.githubusercontent.com/thelovelab/tximport/2c532670e2f58139a7ebc3a57fd2ccf22d5b8cdf/README.md
thetahealth/mirobody,0,0,rule_assigned_readme_scope,https://raw.githubusercontent.com/thetahealth/mirobody/47340208f1b514fb173733afa98dc8d6f9a84364/README.md
tidyomics/plyranges,2,2,rule_assigned_readme_scope,https://raw.githubusercontent.com/tidyomics/plyranges/5e88325af35a70f4377af8da797f2eaaa0e34488/README.md
timolassmann/kalign,0,0,rule_assigned_readme_scope,https://raw.githubusercontent.com/timolassmann/kalign/c9651d043b5777385476514136a66d467870152e/README.md
tlambert03/ome-types,0,0,rule_assigned_readme_scope,https://raw.githubusercontent.com/tlambert03/ome-types/c9c5438558d0e764fba7167feae582a8642fe85a/README.md
tobetz/legomicroscope,0,0,rule_assigned_readme_scope,https://raw.githubusercontent.com/tobetz/legomicroscope/0e6623f4b63189a9c3a7b7cf77c4ef41cf0bd191/README.md
torchio-project/torchio,0,0,rule_assigned_readme_scope,https://raw.githubusercontent.com/torchio-project/torchio/ced7e41bf796f709bfd9ba58abf2d1828c99d7e3/README.md
torchmd/torchmd,1,1,rule_assigned_readme_scope,https://raw.githubusercontent.com/torchmd/torchmd/09484183e34af78bb69b27a0149aeccf1318dbc7/README.md
torognes/vsearch,0,0,rule_assigned_readme_scope,https://raw.githubusercontent.com/torognes/vsearch/e15512569533c6366d0dbb294b29abe1523b5809/README.md
transdecoder/transdecoder,0,0,rule_assigned_readme_scope,https://raw.githubusercontent.com/transdecoder/transdecoder/66d47124da1e536db6d6891a0816fb019aa6049c/README.md
trinityrnaseq/trinityrnaseq,0,0,rule_assigned_readme_scope,https://raw.githubusercontent.com/trinityrnaseq/trinityrnaseq/653e43a777390bb5cde27d6f27673dadfe1c7115/README.md
tseemann/barrnap,0,0,rule_assigned_readme_scope,https://raw.githubusercontent.com/tseemann/barrnap/041901a01d9b4408444a2447e331979b1a633420/README.md
tseemann/mlst,0,0,rule_assigned_readme_scope,https://raw.githubusercontent.com/tseemann/mlst/950abcc0bd855d148d59fda10bf560e269fe30d8/README.md
tseemann/prokka,0,0,rule_assigned_readme_scope,https://raw.githubusercontent.com/tseemann/prokka/045d3c5f8a1a54a873d76eb4b6c8f85d4fb82944/README.md
tskit-dev/msprime,1,1,assistant_individual_readme_review,https://raw.githubusercontent.com/tskit-dev/msprime/45cfa59d828757352f7ab1a55c19b55102d40d22/README.md
tskit-dev/tskit,1,1,rule_assigned_readme_scope,https://raw.githubusercontent.com/tskit-dev/tskit/0e38fc3d3c98ba35f4c84ed0be359d539bf75724/README.md
tskit-dev/tskit-build-examples,0,0,rule_assigned_readme_scope,https://raw.githubusercontent.com/tskit-dev/tskit-build-examples/c2294e241b669cff69e6399b7c1c718668f11418/README.md
ubod/msa,1,1,rule_assigned_readme_scope,https://raw.githubusercontent.com/ubod/msa/c07a1e4fa646df33b5094a1cb30705abf690f524/README.md
ucsc-lowelab/trnascan-se,0,0,rule_assigned_readme_scope,https://raw.githubusercontent.com/ucsc-lowelab/trnascan-se/c18a50bc30efd06b9311c6825b4bec4c72be757d/README
ucscgenomebrowser/kent,1,1,rule_assigned_readme_scope,https://raw.githubusercontent.com/ucscgenomebrowser/kent/49e53454d32ce13f5af4ece42112423534102fdd/README
uni-medical/sam-med3d,0,0,rule_assigned_readme_scope,https://raw.githubusercontent.com/uni-medical/sam-med3d/f3de1fa10da98e46f49f176773d2b1e306ba131f/readme.md
usadellab/trimmomatic,0,0,rule_assigned_readme_scope,https://raw.githubusercontent.com/usadellab/trimmomatic/ef98d6252abeae80cfee36acf9e0e1055097da0b/README.md
usda-ars-gbru/itsxpress,0,0,rule_assigned_readme_scope,https://raw.githubusercontent.com/usda-ars-gbru/itsxpress/c70a3ea744483e1968922dbfe68cb5682d1be535/README.rst
uw-ipd/tmol,17,17,rule_assigned_readme_scope,https://raw.githubusercontent.com/uw-ipd/tmol/c525537d21998e97754197aff002c3cdcc25c898/README.md
uwpr/comet,0,0,rule_assigned_readme_scope,https://raw.githubusercontent.com/uwpr/comet/603fdca28d25750a7437f976f3f5b5cf69955bf3/README.md
vandijklab/cell2sentence,11,11,rule_assigned_readme_scope,https://raw.githubusercontent.com/vandijklab/cell2sentence/a6efaf079f98491d4723ced44b929936b94368aa/README.md
vanheeringen-lab/genomepy,0,0,rule_assigned_readme_scope,https://raw.githubusercontent.com/vanheeringen-lab/genomepy/572a684b1c2cc97c38862923ecedd80c50bfdd19/README.md
varlociraptor/varlociraptor,0,0,rule_assigned_readme_scope,https://raw.githubusercontent.com/varlociraptor/varlociraptor/7fae288288ae284cf35e945ec277218e2b6e5fb5/README.md
vcflib/vcflib,0,0,rule_assigned_readme_scope,https://raw.githubusercontent.com/vcflib/vcflib/b118a9bfd99b07da9d40d0bd8b3c2bdc4523b568/README.md
vcftools/vcftools,0,0,rule_assigned_readme_scope,https://raw.githubusercontent.com/vcftools/vcftools/1f87a83402ffd17ea2723a456b7edf5d80b4a22c/README.md
veg/hyphy,0,0,rule_assigned_readme_scope,https://raw.githubusercontent.com/veg/hyphy/21994d48a5bdd8dc9037ebde048ba85a27eee15e/README.md
velocyto-team/velocyto-notebooks,6,6,rule_assigned_readme_scope,https://raw.githubusercontent.com/velocyto-team/velocyto-notebooks/68dd031f91b22bb8f8afda79b0037eb7b6ad862b/README.md
velocyto-team/velocyto.py,0,0,rule_assigned_readme_scope,https://raw.githubusercontent.com/velocyto-team/velocyto.py/56efe891ec3d383d83ad45360f58350c12824c4d/README.md
vgteam/vg,0,0,rule_assigned_readme_scope,https://raw.githubusercontent.com/vgteam/vg/d08602f3855d5eb5ca406a388b01d2cd12c002d5/README.md
viennarna/viennarna,0,0,rule_assigned_readme_scope,https://raw.githubusercontent.com/viennarna/viennarna/1ffec79f5e258896160f7362ced8263450f371dc/README.md
virus-evolution/gofasta,0,0,rule_assigned_readme_scope,https://raw.githubusercontent.com/virus-evolution/gofasta/53de1e3de0fd3de0bd3b284c48d4ef5d00c162c2/README.md
vjcitn/roc,1,1,readme_unavailable,
voutcn/megahit,0,0,rule_assigned_readme_scope,https://raw.githubusercontent.com/voutcn/megahit/c77d45c1f516e4f4a90c255c5c6d0c8ba27c017f/README.md
vsbuffalo/bds-files,0,0,rule_assigned_readme_scope,https://raw.githubusercontent.com/vsbuffalo/bds-files/ec3cec93587b0c9f36b5216b5c907dca13876082/README.md
waldronlab/multiassayexperiment,5,5,rule_assigned_readme_scope,https://raw.githubusercontent.com/waldronlab/multiassayexperiment/a1764de323ff619f63ecba160e588c7beed73be2/README.md
waldronlab/tcgautils,1,1,rule_assigned_readme_scope,https://raw.githubusercontent.com/waldronlab/tcgautils/48aa352190750354aaa86e51bcab53879beda79b/README.md
wallnerlab/dockq,0,0,rule_assigned_readme_scope,https://raw.githubusercontent.com/wallnerlab/dockq/75db7ab4f6b824c70d120c5f620582e164ed5479/README.md
wdecoster/nanoget,0,0,rule_assigned_readme_scope,https://raw.githubusercontent.com/wdecoster/nanoget/6493f7979032d5f47cbc6312b5f81f850cb27f8a/README.md
wdecoster/nanoplot,0,0,rule_assigned_readme_scope,https://raw.githubusercontent.com/wdecoster/nanoplot/71af721be406cdcfcb1b974fe1db8e96f9e93c9e/README.md
weecology/deepforest,4,4,assistant_individual_readme_review,https://raw.githubusercontent.com/weecology/DeepForest/be14411e35720bb0b3a1e8d2dca09666e0343d3e/README.md
weizhongli/cdhit,0,0,rule_assigned_readme_scope,https://raw.githubusercontent.com/weizhongli/cdhit/4f6720f573d3d9d4c835793a05f09e098003bfe9/README
whatshap/whatshap,0,0,rule_assigned_readme_scope,https://raw.githubusercontent.com/whatshap/whatshap/1dedacf80fa2097e9a9e33edc567c51a7ba5fb56/README.md
whitews/flowio,1,1,rule_assigned_readme_scope,https://raw.githubusercontent.com/whitews/flowio/83d28a22d42235c10d17afb017250ee208afed95/README.md
whitews/flowutils,0,0,rule_assigned_readme_scope,https://raw.githubusercontent.com/whitews/flowutils/b3aa2708eb25953e4e4dd9f9edcba3d503297e50/README.md
xiaoqi-zhao-dlut/msnet-m2snet,0,0,rule_assigned_readme_scope,https://raw.githubusercontent.com/xiaoqi-zhao-dlut/msnet-m2snet/0fadc3fe43ceaf4afe6cf154fdb9ab9af375004e/README.md
xinario/awesome-gan-for-medical-imaging,0,0,rule_assigned_readme_scope,https://raw.githubusercontent.com/xinario/awesome-gan-for-medical-imaging/d08fd6513d42a49ce195d7d261b82e14dbddbf14/README.md
yangkky/machine-learning-for-proteins,0,0,readme_unavailable,
yatisht/usher,0,0,rule_assigned_readme_scope,https://raw.githubusercontent.com/yatisht/usher/ac9c982d937c3bc43e2c16a0b73d30cf2b937118/README.md
yichizhang98/sam4mis,0,0,rule_assigned_readme_scope,https://raw.githubusercontent.com/yichizhang98/sam4mis/745e76e429402ea2508d0510b6bf39926538751e/README.md
yuanyueli/msentropy,0,0,rule_assigned_readme_scope,https://raw.githubusercontent.com/yuanyueli/msentropy/e10cda250ed97f93086623688389b530653100d5/README.md
yulab-smu/chipseeker,2,2,rule_assigned_readme_scope,https://raw.githubusercontent.com/yulab-smu/chipseeker/f87bb15bd4f07ab68169d0d012883e8e912eae81/README.md
yulab-smu/clusterprofiler,4,4,rule_assigned_readme_scope,https://raw.githubusercontent.com/yulab-smu/clusterprofiler/d10e74853722ca5f3fb3a0c3466c4649e0fedada/README.md
yulab-smu/dose,3,3,rule_assigned_readme_scope,https://raw.githubusercontent.com/yulab-smu/dose/639a5cceada083afa422b5a6d72f26ad343e9138/README.md
yulab-smu/enrichplot,2,2,rule_assigned_readme_scope,https://raw.githubusercontent.com/yulab-smu/enrichplot/572e6add5507616d9ebd2267669e4a754691e3fa/README.md
yulab-smu/ggtree,2,2,rule_assigned_readme_scope,https://raw.githubusercontent.com/yulab-smu/ggtree/68bb5532c1b0ed9283f2ca7b9b0df57c40d49b79/README.md
yulab-smu/ggtreeextra,2,2,rule_assigned_readme_scope,https://raw.githubusercontent.com/yulab-smu/ggtreeextra/b353b67109d84f344f63b5607567357a5c1a58e2/README.md
yulab-smu/gosemsim,2,2,rule_assigned_readme_scope,https://raw.githubusercontent.com/yulab-smu/gosemsim/b9a965bf6776fe3a0871803070ef7aa85d2adeec/README.md
yulab-smu/reactomepa,2,2,rule_assigned_readme_scope,https://raw.githubusercontent.com/yulab-smu/reactomepa/d5b21d5c5caaec6693f84ec634b9c2b0dde28ca9/README.md
yulab-smu/treeio,2,2,rule_assigned_readme_scope,https://raw.githubusercontent.com/yulab-smu/treeio/2cbfece4545788b64e9af274b258a4033bea8a9a/README.md
zaeleus/noodles,0,0,rule_assigned_readme_scope,https://raw.githubusercontent.com/zaeleus/noodles/cb5f8c19dfe3bb52a60afa6af1282b24c83c9170/README.md
zeehio/massspecwavelet,2,2,readme_unavailable,
zengflab/sure,0,0,rule_assigned_readme_scope,https://raw.githubusercontent.com/zengflab/sure/00ff4e98d5d845880c4fedcc34846ef6b35defbc/README.md
zhanghao-njmu/scp,1,1,rule_assigned_readme_scope,https://raw.githubusercontent.com/zhanghao-njmu/scp/b9b0eb7a7bf2c2c4b2262e73e09d7ebd515c7da0/README.md
zhengxwen/gdsfmt,1,1,rule_assigned_readme_scope,https://raw.githubusercontent.com/zhengxwen/gdsfmt/0cb94b90d7e98ab0fbdb985817c5fa1d7db4f841/README.md
zhengxwen/seqarray,3,3,rule_assigned_readme_scope,https://raw.githubusercontent.com/zhengxwen/seqarray/f85a2d64afebd83b1720280d4c1b820cab8dbf10/README.md
zhengxwen/snprelate,1,1,rule_assigned_readme_scope,https://raw.githubusercontent.com/zhengxwen/snprelate/434eb7dc8f6e9cec9ac13850e3e5a7f7f6b5dfab/README.md
zqfang/gseapy,2,2,rule_assigned_readme_scope,https://raw.githubusercontent.com/zqfang/gseapy/6e6f0e29ce3b407a7fb19bc6a9a73ee0015263fa/README.rst
zwdzwd/sesame,5,5,rule_assigned_readme_scope,https://raw.githubusercontent.com/zwdzwd/sesame/7dc700fe1a960d7d716fc53a50e508b64f0eaef6/README.md
eyurtsev/kor,11,0,rule_assigned_readme_scope,https://raw.githubusercontent.com/eyurtsev/kor/f6dc65546c3a9aed53f26f0cbd3ad518a2c48504/README.md
brunk-lab/digital-upskilling-bioscience,2,0,assistant_individual_readme_review,https://raw.githubusercontent.com/Brunk-Lab/Digital-Upskilling-BioScience/3ea7943222925bd8977af8046ff2f6451135fbe8/README.md
wolf5996/scanpy-done-right,1,0,assistant_individual_readme_review,https://raw.githubusercontent.com/wolf5996/scanpy-done-right/64034862dc8c7fe31b5321b2fdda0604d76495b2/README.md
wur-bioinformatics/exploratory-data-analysis,1,0,assistant_individual_readme_review,https://raw.githubusercontent.com/wur-bioinformatics/exploratory-data-analysis/3480d294d2bdba9702a68bd8e4f95ec002fd31ca/README.md
saeyslab/flowsom,1,0,assistant_individual_readme_review,https://raw.githubusercontent.com/saeyslab/FlowSOM/013247af703e8426cd5d244db34cc88c66f8014d/README.md
microbiome/outreach,1,0,assistant_individual_readme_review,https://raw.githubusercontent.com/microbiome/outreach/ab143c2bf2c9cfd309d2c090a95c197f6df9a94f/README.md
alleninstitute/openscope_databook,1,0,assistant_individual_readme_review,https://raw.githubusercontent.com/AllenInstitute/openscope_databook/eebe00fc15654772249a4cee53e0e3eba55ef413/README.md
microsoft/genomicsnotebook,1,0,assistant_individual_readme_review,https://raw.githubusercontent.com/microsoft/genomicsnotebook/e91b69768c74c7f9a277194e95b7c30631c142f5/README.md
scverse/scirpy,1,0,assistant_individual_readme_review,https://raw.githubusercontent.com/scverse/scirpy/998c66a4338f4a5413d5e03dbc46d0dc048db574/README.md
epirecipes/epicookbook,1,0,assistant_individual_readme_review,https://raw.githubusercontent.com/epirecipes/epicookbook/56ce40238692724f2ce4d37fbb068195462fcda3/README.md
markrobinsonuzh/cytofworkflow,1,0,assistant_individual_readme_review,https://raw.githubusercontent.com/markrobinsonuzh/cytofWorkflow/779417a55c1d05ee2beaef77dd28b2d389d8d7b2/README.md
ltla/csawusersguide,1,0,assistant_individual_readme_review,
vegandevs/vegan,1,0,assistant_individual_readme_review,https://raw.githubusercontent.com/vegandevs/vegan/472ede98f9953a086e1b05ec82657a46608ff554/README.md
ltla/csawbook,1,0,assistant_individual_readme_review,https://raw.githubusercontent.com/LTLA/csawBook/be2ba01297d731f4c5d11ba877d94a81ad638e48/README.md
recep2244/protein-ml-zero-to-hero,1,0,assistant_individual_readme_review,https://raw.githubusercontent.com/recep2244/protein-ml-zero-to-hero/c6b5f8aaf7c2931c65531b6f8500b1b3e6cd668b/README.md
