source_id,source_type,primary_domain,manual_topic,scope_note,evidence_urls
bioconductor:alabaster.matrix,Infrastructure,Computing infrastructure,Scientific storage and I/O,,https://bioconductor.org/packages/3.23/bioc/html/alabaster.matrix.html
bioconductor:alabaster.ranges,Infrastructure,Computing infrastructure,Scientific storage and I/O,,https://bioconductor.org/packages/3.23/bioc/html/alabaster.ranges.html
bioconductor:alabaster.sce,Infrastructure,Single-cell & spatial omics,Single-cell containers and storage,,https://bioconductor.org/packages/3.23/bioc/html/alabaster.sce.html
bioconductor:alabaster.schemas,Infrastructure,Computing infrastructure,Scientific storage and I/O,,https://bioconductor.org/packages/3.23/bioc/html/alabaster.schemas.html
bioconductor:alabaster.se,Infrastructure,Computing infrastructure,Scientific storage and I/O,,https://bioconductor.org/packages/3.23/bioc/html/alabaster.se.html
bioconductor:annotate,Software,Genome assembly & annotation,Gene prediction and genome annotation,,https://bioconductor.org/packages/3.23/bioc/html/annotate.html;https://github.com/bioconda/bioconda-recipes/tree/254ba2d4bcda7fe6ed2baa586bac6c35885a4b10/recipes/bioconductor-annotate
bioconductor:apeglm,Software,Gene expression,Bulk differential expression,,https://bioconductor.org/packages/3.23/bioc/html/apeglm.html;https://github.com/bioconda/bioconda-recipes/tree/254ba2d4bcda7fe6ed2baa586bac6c35885a4b10/recipes/bioconductor-apeglm
bioconductor:aucell,Software,Single-cell & spatial omics,Single-cell gene-set activity,,https://bioconductor.org/packages/3.23/bioc/html/AUCell.html
bioconductor:basilisk.utils,Infrastructure,Computing infrastructure,Parallel computing and package infrastructure,,https://bioconductor.org/packages/3.23/bioc/html/basilisk.utils.html
bioconductor:batchelor,Software,Single-cell & spatial omics,Single-cell preprocessing,,https://bioconductor.org/packages/3.23/bioc/html/batchelor.html
bioconductor:beadarray,Software,Gene expression,Microarray processing and normalization,,https://bioconductor.org/packages/3.23/bioc/html/beadarray.html
bioconductor:biocneighbors,Infrastructure,Computing infrastructure,Bioconductor containers and operations,,https://bioconductor.org/packages/3.23/bioc/html/BiocNeighbors.html;https://github.com/bioconda/bioconda-recipes/tree/254ba2d4bcda7fe6ed2baa586bac6c35885a4b10/recipes/bioconductor-biocneighbors
bioconductor:biocversion,Infrastructure,Computing infrastructure,Parallel computing and package infrastructure,,https://bioconductor.org/packages/3.23/bioc/html/BiocVersion.html
bioconductor:biovizbase,Software,Computing infrastructure,Statistics and visualization for biology,,https://bioconductor.org/packages/3.23/bioc/html/biovizBase.html
bioconductor:bluster,Infrastructure,Computing infrastructure,Bioconductor containers and operations,,https://bioconductor.org/packages/3.23/bioc/html/bluster.html
bioconductor:category,Software,Systems biology & ontologies,Pathway and gene-set analysis,,https://bioconductor.org/packages/3.23/bioc/html/Category.html
bioconductor:champ,Software,Gene regulation,DNA methylation,,https://bioconductor.org/packages/3.23/bioc/html/ChAMP.html
bioconductor:chippeakanno,Software,Gene regulation,Chromatin signal processing,,https://bioconductor.org/packages/3.23/bioc/html/ChIPpeakAnno.html
bioconductor:chipseq,Software,Gene regulation,Chromatin signal processing,,https://bioconductor.org/packages/3.23/bioc/html/chipseq.html
bioconductor:chromvar,Software,Gene regulation,Chromatin signal processing,,https://bioconductor.org/packages/3.23/bioc/html/chromVAR.html
bioconductor:consensusclusterplus,Software,Computing infrastructure,Statistics and visualization for biology,,https://bioconductor.org/packages/3.23/bioc/html/ConsensusClusterPlus.html
bioconductor:cytolib,Infrastructure,General biology & multi-omics,Flow cytometry formats,,https://bioconductor.org/packages/3.23/bioc/html/cytolib.html
bioconductor:decipher,Software,Sequence processing,Sequence similarity and alignment,,https://bioconductor.org/packages/3.23/bioc/html/DECIPHER.html;https://github.com/bioconda/bioconda-recipes/tree/254ba2d4bcda7fe6ed2baa586bac6c35885a4b10/recipes/bioconductor-decipher
bioconductor:dexseq,Software,Gene expression,Differential exon usage,,https://bioconductor.org/packages/3.23/bioc/html/DEXSeq.html
bioconductor:diffbind,Software,Gene regulation,Chromatin signal processing,,https://bioconductor.org/packages/3.23/bioc/html/DiffBind.html;https://github.com/bioconda/bioconda-recipes/tree/254ba2d4bcda7fe6ed2baa586bac6c35885a4b10/recipes/bioconductor-diffbind
bioconductor:dir.expiry,Infrastructure,Computing infrastructure,Parallel computing and package infrastructure,,https://bioconductor.org/packages/3.23/bioc/html/dir.expiry.html
bioconductor:dittoseq,Software,Single-cell & spatial omics,Single-cell analysis and annotation,,https://bioconductor.org/packages/3.23/bioc/html/dittoSeq.html
bioconductor:dmrcate,Software,Gene regulation,DNA methylation,,https://bioconductor.org/packages/3.23/bioc/html/DMRcate.html
bioconductor:dnacopy,Software,Genetic variation,Copy-number analysis,,https://bioconductor.org/packages/3.23/bioc/html/DNAcopy.html;https://github.com/bioconda/bioconda-recipes/tree/254ba2d4bcda7fe6ed2baa586bac6c35885a4b10/recipes/bioconductor-dnacopy
bioconductor:dropletutils,Software,Single-cell & spatial omics,Single-cell preprocessing,,https://bioconductor.org/packages/3.23/bioc/html/DropletUtils.html
bioconductor:dss,Software,Gene regulation,DNA methylation,,https://bioconductor.org/packages/3.23/bioc/html/DSS.html
bioconductor:dyndoc,Infrastructure,Computing infrastructure,Statistics and visualization for biology,,https://bioconductor.org/packages/3.23/bioc/html/DynDoc.html
bioconductor:edger,Software,Gene expression,Bulk differential expression,,https://bioconductor.org/packages/3.23/bioc/html/edgeR.html;https://github.com/bioconda/bioconda-recipes/tree/254ba2d4bcda7fe6ed2baa586bac6c35885a4b10/recipes/bioconductor-edger
bioconductor:flowclust,Software,General biology & multi-omics,Flow cytometry analysis,,https://bioconductor.org/packages/3.23/bioc/html/flowClust.html
bioconductor:flowcore,Infrastructure,General biology & multi-omics,Flow cytometry formats,,https://bioconductor.org/packages/3.23/bioc/html/flowCore.html
bioconductor:flowsom,Software,General biology & multi-omics,Flow cytometry analysis,,https://bioconductor.org/packages/3.23/bioc/html/FlowSOM.html
bioconductor:flowviz,Software,General biology & multi-omics,Flow cytometry analysis,,https://bioconductor.org/packages/3.23/bioc/html/flowViz.html
bioconductor:flowworkspace,Infrastructure,General biology & multi-omics,Flow cytometry formats,,https://bioconductor.org/packages/3.23/bioc/html/flowWorkspace.html
bioconductor:gcrma,Software,Gene expression,Microarray processing and normalization,,https://bioconductor.org/packages/3.23/bioc/html/gcrma.html
bioconductor:genefilter,Software,Gene expression,Bulk differential expression,,https://bioconductor.org/packages/3.23/bioc/html/genefilter.html;https://github.com/bioconda/bioconda-recipes/tree/254ba2d4bcda7fe6ed2baa586bac6c35885a4b10/recipes/bioconductor-genefilter
bioconductor:geneoverlap,Software,Systems biology & ontologies,Pathway and gene-set analysis,,https://bioconductor.org/packages/3.23/bioc/html/GeneOverlap.html
bioconductor:geneplotter,Software,Computing infrastructure,Statistics and visualization for biology,,https://bioconductor.org/packages/3.23/bioc/html/geneplotter.html;https://github.com/bioconda/bioconda-recipes/tree/254ba2d4bcda7fe6ed2baa586bac6c35885a4b10/recipes/bioconductor-geneplotter
bioconductor:genie3,Software,Gene regulation,Regulatory network inference,,https://bioconductor.org/packages/3.23/bioc/html/GENIE3.html
bioconductor:genomeinfodbdata,Data resource,Genome assembly & annotation,Genome reference access,"Bioconductor annotation-data package, distinct from software package GenomeInfoDb.",https://github.com/bioconda/bioconda-recipes/tree/254ba2d4bcda7fe6ed2baa586bac6c35885a4b10/recipes/bioconductor-genomeinfodbdata
bioconductor:globalancova,Software,Systems biology & ontologies,Pathway and gene-set analysis,,https://bioconductor.org/packages/3.23/bioc/html/GlobalAncova.html
bioconductor:globaltest,Software,Systems biology & ontologies,Pathway and gene-set analysis,,https://bioconductor.org/packages/3.23/bioc/html/globaltest.html
bioconductor:go.db,Data resource,Systems biology & ontologies,Biological identifiers and ontologies,,https://github.com/bioconda/bioconda-recipes/tree/254ba2d4bcda7fe6ed2baa586bac6c35885a4b10/recipes/bioconductor-go.db
bioconductor:gostats,Software,Systems biology & ontologies,Pathway and gene-set analysis,,https://bioconductor.org/packages/3.23/bioc/html/GOstats.html
bioconductor:graph,Infrastructure,Computing infrastructure,Statistics and visualization for biology,,https://bioconductor.org/packages/3.23/bioc/html/graph.html
bioconductor:greylistchip,Software,Gene regulation,Chromatin signal processing,,https://bioconductor.org/packages/3.23/bioc/html/GreyListChIP.html
bioconductor:gseabase,Software,Systems biology & ontologies,Pathway and gene-set analysis,,https://bioconductor.org/packages/3.23/bioc/html/GSEABase.html
bioconductor:ihw,Software,Computing infrastructure,Statistics and visualization for biology,,https://bioconductor.org/packages/3.23/bioc/html/IHW.html
bioconductor:impute,Software,Gene expression,Microarray processing and normalization,,https://bioconductor.org/packages/3.23/bioc/html/impute.html
bioconductor:interactionset,Software,Gene regulation,Chromosome conformation,,https://bioconductor.org/packages/3.23/bioc/html/InteractionSet.html
bioconductor:interactivedisplaybase,Infrastructure,Computing infrastructure,Statistics and visualization for biology,,https://bioconductor.org/packages/3.23/bioc/html/interactiveDisplayBase.html
bioconductor:kegggraph,Software,Systems biology & ontologies,Pathway and gene-set analysis,,https://bioconductor.org/packages/3.23/bioc/html/KEGGgraph.html
bioconductor:limma,Software,Gene expression,Bulk differential expression,,https://bioconductor.org/packages/3.23/bioc/html/limma.html;https://github.com/bioconda/bioconda-recipes/tree/254ba2d4bcda7fe6ed2baa586bac6c35885a4b10/recipes/bioconductor-limma
bioconductor:lumi,Software,Gene expression,Microarray processing and normalization,,https://bioconductor.org/packages/3.23/bioc/html/lumi.html
bioconductor:marray,Software,Gene expression,Microarray processing and normalization,,https://bioconductor.org/packages/3.23/bioc/html/marray.html
bioconductor:mfuzz,Software,General biology & multi-omics,Multi-omics integration,,https://bioconductor.org/packages/3.23/bioc/html/Mfuzz.html
bioconductor:microrna,Software,Gene regulation,MicroRNA target analysis,,https://bioconductor.org/packages/3.23/bioc/html/microRNA.html
bioconductor:minet,Software,Systems biology & ontologies,Biological networks and metabolism,,https://bioconductor.org/packages/3.23/bioc/html/minet.html
bioconductor:missmethyl,Software,Gene regulation,DNA methylation,,https://bioconductor.org/packages/3.23/bioc/html/missMethyl.html
bioconductor:mlinterfaces,Infrastructure,Computing infrastructure,Statistics and visualization for biology,,https://bioconductor.org/packages/3.23/bioc/html/MLInterfaces.html
bioconductor:monocle,Software,Single-cell & spatial omics,Cell trajectories and differentiation,,https://bioconductor.org/packages/3.23/bioc/html/monocle.html
bioconductor:motifdb,Data resource,Gene regulation,Sequence motifs and visualization,,https://bioconductor.org/packages/3.23/bioc/html/MotifDb.html
bioconductor:motifmatchr,Software,Gene regulation,Sequence motifs and visualization,,https://bioconductor.org/packages/3.23/bioc/html/motifmatchr.html
bioconductor:motifstack,Software,Gene regulation,Sequence motifs and visualization,,https://bioconductor.org/packages/3.23/bioc/html/motifStack.html
bioconductor:msstats,Software,Proteomics,Mass spectrometry analysis,,https://bioconductor.org/packages/3.23/bioc/html/MSstats.html
bioconductor:multidataset,Infrastructure,General biology & multi-omics,Multi-omics integration,,https://bioconductor.org/packages/3.23/bioc/html/MultiDataSet.html
bioconductor:multtest,Software,Computing infrastructure,Statistics and visualization for biology,,https://bioconductor.org/packages/3.23/bioc/html/multtest.html
bioconductor:mzid,Software,Proteomics,Mass spectrometry interfaces,,https://bioconductor.org/packages/3.23/bioc/html/mzID.html
bioconductor:ncdfflow,Infrastructure,General biology & multi-omics,Flow cytometry formats,,https://bioconductor.org/packages/3.23/bioc/html/ncdfFlow.html
bioconductor:oligoclasses,Infrastructure,Gene expression,Microarray containers,,https://bioconductor.org/packages/3.23/bioc/html/oligoClasses.html
bioconductor:opencyto,Software,General biology & multi-omics,Flow cytometry analysis,,https://bioconductor.org/packages/3.23/bioc/html/openCyto.html
bioconductor:org.hs.eg.db,Data resource,Genome assembly & annotation,Gene prediction and genome annotation,,https://github.com/bioconda/bioconda-recipes/tree/254ba2d4bcda7fe6ed2baa586bac6c35885a4b10/recipes/bioconductor-org.hs.eg.db
bioconductor:organismdbi,Software,Genome assembly & annotation,Gene prediction and genome annotation,,https://bioconductor.org/packages/3.23/bioc/html/OrganismDbi.html
bioconductor:quantiseqr,Software,Immunology,Tumor immune deconvolution,,https://bioconductor.org/packages/3.23/bioc/html/quantiseqr.html
bioconductor:rbgl,Infrastructure,Computing infrastructure,Statistics and visualization for biology,,https://bioconductor.org/packages/3.23/bioc/html/RBGL.html
bioconductor:regioner,Software,Gene regulation,Regulatory element conservation and enrichment,,https://bioconductor.org/packages/3.23/bioc/html/regioneR.html
bioconductor:reportingtools,Infrastructure,Computing infrastructure,Statistics and visualization for biology,,https://bioconductor.org/packages/3.23/bioc/html/ReportingTools.html
bioconductor:rgraphviz,Infrastructure,Computing infrastructure,Statistics and visualization for biology,,https://bioconductor.org/packages/3.23/bioc/html/Rgraphviz.html
bioconductor:ropls,Software,Metabolomics,Metabolomics processing and statistics,"Multivariate omics methods with metabolomics use; primary assignment is metabolomics, but methods also apply to other omics.",https://bioconductor.org/packages/3.23/bioc/html/ropls.html
bioconductor:rprotobuflib,Infrastructure,Computing infrastructure,Parallel computing and package infrastructure,,https://bioconductor.org/packages/3.23/bioc/html/RProtoBufLib.html
bioconductor:rsubread,Software,Sequence processing,Read and sequence alignment,,https://bioconductor.org/packages/3.23/bioc/html/Rsubread.html
bioconductor:rtracklayer,Software,Genome assembly & annotation,Genomic intervals and coordinates,,https://bioconductor.org/packages/3.23/bioc/html/rtracklayer.html;https://github.com/bioconda/bioconda-recipes/tree/254ba2d4bcda7fe6ed2baa586bac6c35885a4b10/recipes/bioconductor-rtracklayer
bioconductor:safe,Software,Systems biology & ontologies,Pathway and gene-set analysis,,https://bioconductor.org/packages/3.23/bioc/html/safe.html
bioconductor:scater,Software,Single-cell & spatial omics,Single-cell analysis and annotation,,https://bioconductor.org/packages/3.23/bioc/html/scater.html
bioconductor:scds,Software,Single-cell & spatial omics,Single-cell preprocessing,,https://bioconductor.org/packages/3.23/bioc/html/scds.html
bioconductor:scuttle,Software,Single-cell & spatial omics,Single-cell analysis and annotation,,https://bioconductor.org/packages/3.23/bioc/html/scuttle.html;https://github.com/bioconda/bioconda-recipes/tree/254ba2d4bcda7fe6ed2baa586bac6c35885a4b10/recipes/bioconductor-scuttle
bioconductor:seqpattern,Software,Gene regulation,Sequence motifs and visualization,,https://bioconductor.org/packages/3.23/bioc/html/seqPattern.html
bioconductor:siggenes,Software,Gene expression,Bulk differential expression,,https://bioconductor.org/packages/3.23/bioc/html/siggenes.html
bioconductor:singlecellexperiment,Infrastructure,Single-cell & spatial omics,Single-cell containers and storage,,https://bioconductor.org/packages/3.23/bioc/html/SingleCellExperiment.html;https://github.com/bioconda/bioconda-recipes/tree/254ba2d4bcda7fe6ed2baa586bac6c35885a4b10/recipes/bioconductor-singlecellexperiment
bioconductor:snpstats,Software,Genetic variation,Association and population genetics,,https://bioconductor.org/packages/3.23/bioc/html/snpStats.html
bioconductor:spia,Software,Systems biology & ontologies,Pathway and gene-set analysis,,https://bioconductor.org/packages/3.23/bioc/html/SPIA.html
bioconductor:stringdb,Software,Systems biology & ontologies,Biological networks and metabolism,,https://bioconductor.org/packages/3.23/bioc/html/STRINGdb.html
bioconductor:survcomp,Software,Biomedical text & clinical data,Survival analysis,,https://bioconductor.org/packages/3.23/bioc/html/survcomp.html
bioconductor:sva,Software,Gene expression,Batch effect adjustment,,https://bioconductor.org/packages/3.23/bioc/html/sva.html
bioconductor:tkwidgets,Infrastructure,Computing infrastructure,Statistics and visualization for biology,,https://bioconductor.org/packages/3.23/bioc/html/tkWidgets.html
bioconductor:trackviewer,Software,Genome assembly & annotation,Genome track visualization,,https://bioconductor.org/packages/3.23/bioc/html/trackViewer.html
bioconductor:treesummarizedexperiment,Infrastructure,Phylogenetics & evolution,Phylogenetic trees and visualization,,https://bioconductor.org/packages/3.23/bioc/html/TreeSummarizedExperiment.html;https://github.com/bioconda/bioconda-recipes/tree/254ba2d4bcda7fe6ed2baa586bac6c35885a4b10/recipes/bioconductor-treesummarizedexperiment
bioconductor:variantannotation,Software,Genetic variation,Variant formats and annotation,,https://bioconductor.org/packages/3.23/bioc/html/VariantAnnotation.html
bioconductor:viper,Software,Gene regulation,Regulatory network inference,,https://bioconductor.org/packages/3.23/bioc/html/viper.html
bioconductor:watermelon,Software,Gene regulation,DNA methylation,,https://bioconductor.org/packages/3.23/bioc/html/wateRmelon.html
bioconductor:widgettools,Infrastructure,Computing infrastructure,Statistics and visualization for biology,,https://bioconductor.org/packages/3.23/bioc/html/widgetTools.html
bioconductor:zlibbioc,Infrastructure,Computing infrastructure,Scientific storage and I/O,,https://bioconductor.org/packages/3.23/bioc/html/zlibbioc.html;https://github.com/bioconda/bioconda-recipes/tree/254ba2d4bcda7fe6ed2baa586bac6c35885a4b10/recipes/bioconductor-zlibbioc
github:3dmol/3dmol.js,Software,Protein structure & biophysics,Molecular structures and visualization,,https://pypi.org/pypi/py3dmol/json;https://github.com/3dmol/3Dmol.js
github:4dn-dcic/pairix,Software,Gene regulation,Chromosome conformation,,https://raw.githubusercontent.com/bioconda/bioconda-recipes/254ba2d4bcda7fe6ed2baa586bac6c35885a4b10/recipes/pairix/meta.yaml
github:a-r-j/graphein,Software,Protein structure & biophysics,Molecular structures and visualization,,https://github.com/a-r-j/graphein
github:abacus-gene/paml,Software,Phylogenetics & evolution,Phylogenetic inference,,https://raw.githubusercontent.com/bioconda/bioconda-recipes/254ba2d4bcda7fe6ed2baa586bac6c35885a4b10/recipes/paml/meta.yaml;https://github.com/abacus-gene/paml
github:abhishektiwari/hbat,Software,Protein structure & biophysics,Molecular structures and visualization,,https://pypi.org/pypi/hbat/json;https://github.com/abhishektiwari/hbat
github:ablab/quast,Software,Genome assembly & annotation,Assembly and annotation quality assessment,,https://raw.githubusercontent.com/bioconda/bioconda-recipes/254ba2d4bcda7fe6ed2baa586bac6c35885a4b10/recipes/quast/meta.yaml;https://github.com/ablab/quast
github:ablab/spades,Software,Genome assembly & annotation,Genome assembly,,https://raw.githubusercontent.com/bioconda/bioconda-recipes/254ba2d4bcda7fe6ed2baa586bac6c35885a4b10/recipes/spades/meta.yaml;https://github.com/ablab/spades
github:adalca/medical-datasets,Resource index,Bioimaging,Medical imaging resources,,https://github.com/adalca/medical-datasets
github:aertslab/rcistarget,Software,Gene regulation,Sequence motifs and visualization,,https://bioconductor.org/packages/3.23/bioc/html/RcisTarget.html
github:agemagician/prottrans,Research implementation,Protein structure & biophysics,Protein models and design,,https://github.com/agemagician/ProtTrans
github:aim-harvard/pyradiomics,Software,Bioimaging,Biological and medical image analysis,,https://github.com/AIM-Harvard/pyradiomics
github:aipoch/medical-research-skills,Agent instructions,Biomedical text & clinical data,Medical research instructions,,https://github.com/aipoch/medical-research-skills/blob/main/README.md;https://github.com/aipoch/medical-research-skills
github:al2na/methylkit,Software,Gene regulation,DNA methylation,,https://bioconductor.org/packages/3.23/bioc/html/methylKit.html
github:albarqouni/deep-learning-for-medical-applications,Resource index,Bioimaging,Medical imaging resources,,https://github.com/albarqouni/Deep-Learning-for-Medical-Applications
github:alchemistry/alchemlyb,Software,Protein structure & biophysics,Molecular simulation and trajectory analysis,,https://pypi.org/pypi/alchemlyb/json;https://github.com/alchemistry/alchemlyb
github:alexdobin/star,Software,Sequence processing,Read and sequence alignment,,https://raw.githubusercontent.com/bioconda/bioconda-recipes/254ba2d4bcda7fe6ed2baa586bac6c35885a4b10/recipes/star/meta.yaml;https://github.com/alexdobin/STAR
github:alexg9010/fastseg,Software,Genetic variation,Copy-number analysis,,https://bioconductor.org/packages/3.23/bioc/html/fastseg.html
github:allenai/scispacy,Software,Biomedical text & clinical data,Biomedical language processing,,https://pypi.org/pypi/scispacy/json;https://github.com/allenai/scispacy
github:alserglab/fgsea,Software,Systems biology & ontologies,Pathway and gene-set analysis,,https://bioconductor.org/packages/3.23/bioc/html/fgsea.html;https://github.com/alserglab/fgsea
github:althonos/pronto,Software,Systems biology & ontologies,Biological identifiers and ontologies,,https://pypi.org/pypi/pronto/json;https://github.com/althonos/pronto
github:althonos/pyfamsa,Software,Sequence processing,Sequence similarity and alignment,,https://pypi.org/pypi/pyfamsa/json;https://github.com/althonos/pyfamsa
github:althonos/pyhmmer,Software,Sequence processing,Sequence similarity and alignment,,https://pypi.org/pypi/pyhmmer/json;https://github.com/althonos/pyhmmer
github:althonos/pyrodigal,Software,Genome assembly & annotation,Gene prediction and genome annotation,,https://pypi.org/pypi/pyrodigal/json;https://github.com/althonos/pyrodigal
github:althonos/scoring-matrices,Software,Sequence processing,Sequence similarity and alignment,,https://pypi.org/pypi/scoring-matrices/json;https://github.com/althonos/scoring-matrices
github:alyssafrazee/ballgown,Software,Gene expression,Bulk differential expression,,https://bioconductor.org/packages/3.23/bioc/html/ballgown.html
github:amirhossein-kz/awesome-diffusion-models-in-medical-imaging,Resource index,Bioimaging,Medical imaging resources,,https://github.com/amirhossein-kz/Awesome-Diffusion-Models-in-Medical-Imaging
github:analyticalmonk/awesome-neuroscience,Resource index,Neuroscience & behavior,Neuroscience teaching and resources,,https://github.com/analyticalmonk/awesome-neuroscience
github:angeloucn/min_max_similarity,Research implementation,Bioimaging,Medical image segmentation,,https://github.com/AngeLouCN/Min_Max_Similarity
github:antigenomics/arda,Software,Immunology,Immune receptor annotation,,https://pypi.org/pypi/arda-mapper/json;https://github.com/antigenomics/arda
github:antigenomics/vdjtools,Software,Immunology,Immune receptor annotation,,https://pypi.org/pypi/vdjtools/json;https://github.com/antigenomics/vdjtools
github:antsx/ants,Software,Neuroscience & behavior,Neuroimaging,,https://github.com/ANTsX/ANTs
github:antsx/antspy,Software,Bioimaging,Biological and medical image analysis,,https://github.com/ANTsX/ANTsPy
github:aoles/ebimage,Software,Bioimaging,Biological and medical image analysis,,https://bioconductor.org/packages/3.23/bioc/html/EBImage.html;https://github.com/aoles/EBImage
github:applied-bioinformatics/an-introduction-to-applied-bioinformatics,Tutorial/course,General biology & multi-omics,Biological teaching and discovery resources,,https://github.com/applied-bioinformatics/An-Introduction-To-Applied-Bioinformatics
github:aqlaboratory/openfold-3,Research implementation,Protein structure & biophysics,Protein models and design,,https://github.com/aqlaboratory/openfold-3
github:aqlaboratory/proteinnet,Data resource,Protein structure & biophysics,Structure modeling evaluation and data,,https://github.com/aqlaboratory/proteinnet
github:ariloytynoja/prank-msa,Software,Sequence processing,Sequence similarity and alignment,,https://raw.githubusercontent.com/bioconda/bioconda-recipes/254ba2d4bcda7fe6ed2baa586bac6c35885a4b10/recipes/prank/meta.yaml
github:arpcard/rgi,Software,Microbiome & metagenomics,Microbial typing and pathogen detection,,https://raw.githubusercontent.com/bioconda/bioconda-recipes/254ba2d4bcda7fe6ed2baa586bac6c35885a4b10/recipes/rgi/meta.yaml
github:arq5x/bedtools2,Software,Genome assembly & annotation,Genomic intervals and coordinates,,https://raw.githubusercontent.com/bioconda/bioconda-recipes/254ba2d4bcda7fe6ed2baa586bac6c35885a4b10/recipes/bedtools/meta.yaml;https://github.com/arq5x/bedtools2
github:artifactdb/alabaster.base,Infrastructure,Computing infrastructure,Scientific storage and I/O,,https://bioconductor.org/packages/3.23/bioc/html/alabaster.base.html;https://github.com/ArtifactDB/alabaster.base
github:artifactdb/gypsum-r,Infrastructure,Computing infrastructure,Scientific storage and I/O,,https://bioconductor.org/packages/3.23/bioc/html/gypsum.html;https://github.com/ArtifactDB/gypsum-R
github:arvados/arvados,Infrastructure,Computing infrastructure,Bioinformatics workflow platforms,,https://raw.githubusercontent.com/bioconda/bioconda-recipes/254ba2d4bcda7fe6ed2baa586bac6c35885a4b10/recipes/arvados-python-client/meta.yaml
github:asntech/pyjaspar,Software,Gene regulation,Sequence motifs and visualization,,https://pypi.org/pypi/pyjaspar/json;https://github.com/asntech/pyjaspar
github:asoplata/open-computational-neuroscience-resources,Resource index,Neuroscience & behavior,Neuroscience teaching and resources,,https://github.com/asoplata/open-computational-neuroscience-resources
github:aspirincode/papers-for-molecular-design-using-dl,Resource index,Cheminformatics & drug discovery,Molecular design literature,"Mixed molecular and materials design literature index; substantial molecular design coverage, with full-repository stars.",https://github.com/AspirinCode/papers-for-molecular-design-using-DL/blob/main/README.md;https://github.com/AspirinCode/papers-for-molecular-design-using-DL
github:astrazeneca/chemicalx,Software,Cheminformatics & drug discovery,Molecular property and interaction prediction,,https://github.com/AstraZeneca/chemicalx
github:atks/vt,Software,Genetic variation,Variant formats and annotation,,https://raw.githubusercontent.com/bioconda/bioconda-recipes/254ba2d4bcda7fe6ed2baa586bac6c35885a4b10/recipes/vt/meta.yaml
github:awslabs/dgl-lifesci,Software,Cheminformatics & drug discovery,Molecular property and interaction prediction,,https://github.com/awslabs/dgl-lifesci
github:backofenlab/intarna,Software,RNA structure,RNA interaction prediction,,https://raw.githubusercontent.com/bioconda/bioconda-recipes/254ba2d4bcda7fe6ed2baa586bac6c35885a4b10/recipes/intarna/meta.yaml
github:bactopia/bactopia,Workflow,Microbiome & metagenomics,Microbial typing and pathogen detection,,https://raw.githubusercontent.com/bioconda/bioconda-recipes/254ba2d4bcda7fe6ed2baa586bac6c35885a4b10/recipes/bactopia/meta.yaml
github:baranzinilab/kg_rag,Research implementation,Biomedical text & clinical data,Biomedical language processing,,https://github.com/BaranziniLab/KG_RAG/blob/main/README.md;https://github.com/BaranziniLab/KG_RAG
github:bayer-group/tiffslide,Software,Bioimaging,Image processing and viewing,,https://pypi.org/pypi/tiffslide/json;https://github.com/Bayer-Group/tiffslide
github:bbuchfink/diamond,Software,Sequence processing,Sequence similarity and alignment,,https://raw.githubusercontent.com/bioconda/bioconda-recipes/254ba2d4bcda7fe6ed2baa586bac6c35885a4b10/recipes/diamond/meta.yaml;https://github.com/bbuchfink/diamond
github:bbushnell/bbtools,Software,Sequence processing,Read processing and quality control,,https://raw.githubusercontent.com/bioconda/bioconda-recipes/254ba2d4bcda7fe6ed2baa586bac6c35885a4b10/recipes/bbmap/meta.yaml;https://github.com/bbushnell/BBTools
github:bcbio/bcbio-nextgen,Workflow,Genetic variation,Variant calling and phasing,,https://raw.githubusercontent.com/bioconda/bioconda-recipes/254ba2d4bcda7fe6ed2baa586bac6c35885a4b10/recipes/bcbio-nextgen/meta.yaml;https://github.com/bcbio/bcbio-nextgen
github:bebop/poly,Software,General biology & multi-omics,Synthetic biology and cloning,,https://github.com/bebop/poly
github:beckschen/transunet,Research implementation,Bioimaging,Medical image segmentation,,https://github.com/Beckschen/TransUNet
github:bedops/bedops,Software,Genome assembly & annotation,Genomic intervals and coordinates,,https://raw.githubusercontent.com/bioconda/bioconda-recipes/254ba2d4bcda7fe6ed2baa586bac6c35885a4b10/recipes/bedops/meta.yaml;https://github.com/bedops/bedops
github:benilton/oligo,Software,Gene expression,Microarray processing and normalization,,https://bioconductor.org/packages/3.23/bioc/html/oligo.html;https://github.com/benilton/oligo
github:benjjneb/dada2,Software,Microbiome & metagenomics,Community profiling and diversity,,https://bioconductor.org/packages/3.23/bioc/html/dada2.html;https://github.com/bioconda/bioconda-recipes/tree/254ba2d4bcda7fe6ed2baa586bac6c35885a4b10/recipes/bioconductor-dada2;https://github.com/benjjneb/dada2
github:benjjneb/decontam,Software,Microbiome & metagenomics,Microbial contamination detection,,https://bioconductor.org/packages/3.23/bioc/html/decontam.html;https://github.com/bioconda/bioconda-recipes/tree/254ba2d4bcda7fe6ed2baa586bac6c35885a4b10/recipes/bioconductor-decontam
github:benlangmead/bowtie,Software,Sequence processing,Read and sequence alignment,,https://raw.githubusercontent.com/bioconda/bioconda-recipes/254ba2d4bcda7fe6ed2baa586bac6c35885a4b10/recipes/bowtie/meta.yaml;https://github.com/BenLangmead/bowtie
github:benlangmead/bowtie2,Software,Sequence processing,Read and sequence alignment,,https://raw.githubusercontent.com/bioconda/bioconda-recipes/254ba2d4bcda7fe6ed2baa586bac6c35885a4b10/recipes/bowtie2/meta.yaml;https://github.com/BenLangmead/bowtie2
github:bernatgel/karyoploter,Software,Genome assembly & annotation,Genome track visualization,,https://bioconductor.org/packages/3.23/bioc/html/karyoploteR.html
github:bids-standard/pybids,Software,Neuroscience & behavior,Neuroimaging,,https://pypi.org/pypi/pybids/json;https://github.com/bids-standard/pybids
github:bigdatagenomics/adam,Infrastructure,Computing infrastructure,Bioinformatics workflow platforms,,https://github.com/bigdatagenomics/adam
github:bihealth/vcfpy,Software,Genetic variation,Variant formats and annotation,,https://raw.githubusercontent.com/bioconda/bioconda-recipes/254ba2d4bcda7fe6ed2baa586bac6c35885a4b10/recipes/vcfpy/meta.yaml
github:bimsbbioinfo/genomation,Software,Gene regulation,Chromatin signal processing,,https://bioconductor.org/packages/3.23/bioc/html/genomation.html
github:biobakery/maaslin2,Software,Microbiome & metagenomics,Community profiling and diversity,,https://bioconductor.org/packages/3.23/bioc/html/Maaslin2.html
github:biobakery/metaphlan,Software,Microbiome & metagenomics,Community profiling and diversity,,https://raw.githubusercontent.com/bioconda/bioconda-recipes/254ba2d4bcda7fe6ed2baa586bac6c35885a4b10/recipes/metaphlan/meta.yaml;https://github.com/biobakery/MetaPhlAn
github:biocommons/biocommons.seqrepo,Software,Sequence processing,Alignment files and sequencing formats,,https://pypi.org/pypi/biocommons-seqrepo/json;https://github.com/biocommons/biocommons.seqrepo
github:biocommons/bioutils,Software,Sequence processing,Sequence manipulation,,https://pypi.org/pypi/bioutils/json;https://github.com/biocommons/bioutils
github:biocommons/eutils,Software,General biology & multi-omics,Biological database access,,https://pypi.org/pypi/eutils/json;https://github.com/biocommons/eutils
github:biocommons/hgvs,Software,Genetic variation,Variant formats and annotation,,https://pypi.org/pypi/hgvs/json;https://github.com/biocommons/hgvs
github:bioconda/bioconda-recipes,Infrastructure,Computing infrastructure,Parallel computing and package infrastructure,"Distribution and installation recipes. Package score is for the Bioconductor data-package helper, not the whole repository.",https://github.com/bioconda/bioconda-recipes/tree/254ba2d4bcda7fe6ed2baa586bac6c35885a4b10/recipes/bioconductor-data-packages;https://github.com/bioconda/bioconda-recipes
github:bioconda/bioconda-utils,Infrastructure,Computing infrastructure,Parallel computing and package infrastructure,,https://raw.githubusercontent.com/bioconda/bioconda-recipes/254ba2d4bcda7fe6ed2baa586bac6c35885a4b10/recipes/bioconda-utils/meta.yaml;https://github.com/bioconda/bioconda-utils
github:bioconductor/annotationdbi,Software,Genome assembly & annotation,Gene prediction and genome annotation,,https://bioconductor.org/packages/3.23/bioc/html/AnnotationDbi.html;https://github.com/bioconda/bioconda-recipes/tree/254ba2d4bcda7fe6ed2baa586bac6c35885a4b10/recipes/bioconductor-annotationdbi;https://github.com/Bioconductor/AnnotationDbi
github:bioconductor/annotationfilter,Software,Genome assembly & annotation,Gene prediction and genome annotation,,https://bioconductor.org/packages/3.23/bioc/html/AnnotationFilter.html;https://github.com/Bioconductor/AnnotationFilter
github:bioconductor/annotationforge,Software,Genome assembly & annotation,Gene prediction and genome annotation,,https://bioconductor.org/packages/3.23/bioc/html/AnnotationForge.html
github:bioconductor/annotationhub,Software,General biology & multi-omics,Biological database access,,https://bioconductor.org/packages/3.23/bioc/html/AnnotationHub.html;https://github.com/Bioconductor/AnnotationHub
github:bioconductor/biobase,Infrastructure,Computing infrastructure,Bioconductor containers and operations,,https://bioconductor.org/packages/3.23/bioc/html/Biobase.html;https://github.com/bioconda/bioconda-recipes/tree/254ba2d4bcda7fe6ed2baa586bac6c35885a4b10/recipes/bioconductor-biobase;https://github.com/Bioconductor/Biobase
github:bioconductor/biocbaseutils,Infrastructure,Computing infrastructure,Parallel computing and package infrastructure,,https://bioconductor.org/packages/3.23/bioc/html/BiocBaseUtils.html;https://github.com/Bioconductor/BiocBaseUtils
github:bioconductor/bioccheck,Infrastructure,Computing infrastructure,Parallel computing and package infrastructure,,https://bioconductor.org/packages/3.23/bioc/html/BiocCheck.html
github:bioconductor/biocfilecache,Infrastructure,Computing infrastructure,Parallel computing and package infrastructure,,https://bioconductor.org/packages/3.23/bioc/html/BiocFileCache.html;https://github.com/Bioconductor/BiocFileCache
github:bioconductor/biocgenerics,Infrastructure,Computing infrastructure,Bioconductor containers and operations,,https://bioconductor.org/packages/3.23/bioc/html/BiocGenerics.html;https://github.com/bioconda/bioconda-recipes/tree/254ba2d4bcda7fe6ed2baa586bac6c35885a4b10/recipes/bioconductor-biocgenerics;https://github.com/Bioconductor/BiocGenerics
github:bioconductor/biocio,Infrastructure,Computing infrastructure,Scientific storage and I/O,,https://bioconductor.org/packages/3.23/bioc/html/BiocIO.html;https://github.com/Bioconductor/BiocIO
github:bioconductor/biocparallel,Infrastructure,Computing infrastructure,Parallel computing and package infrastructure,,https://bioconductor.org/packages/3.23/bioc/html/BiocParallel.html;https://github.com/bioconda/bioconda-recipes/tree/254ba2d4bcda7fe6ed2baa586bac6c35885a4b10/recipes/bioconductor-biocparallel;https://github.com/Bioconductor/BiocParallel
github:bioconductor/biocstyle,Infrastructure,Computing infrastructure,Parallel computing and package infrastructure,,https://bioconductor.org/packages/3.23/bioc/html/BiocStyle.html;https://github.com/Bioconductor/BiocStyle
github:bioconductor/biocviews,Infrastructure,Computing infrastructure,Parallel computing and package infrastructure,,https://bioconductor.org/packages/3.23/bioc/html/biocViews.html;https://github.com/Bioconductor/biocViews
github:bioconductor/biostrings,Software,Sequence processing,Sequence manipulation,,https://bioconductor.org/packages/3.23/bioc/html/Biostrings.html;https://github.com/bioconda/bioconda-recipes/tree/254ba2d4bcda7fe6ed2baa586bac6c35885a4b10/recipes/bioconductor-biostrings;https://github.com/Bioconductor/Biostrings
github:bioconductor/bsgenome,Software,Genome assembly & annotation,Gene prediction and genome annotation,,https://bioconductor.org/packages/3.23/bioc/html/BSgenome.html;https://github.com/Bioconductor/BSgenome
github:bioconductor/cigarillo,Software,Sequence processing,Alignment files and sequencing formats,,https://bioconductor.org/packages/3.23/bioc/html/cigarillo.html;https://github.com/Bioconductor/cigarillo
github:bioconductor/delayedarray,Infrastructure,Computing infrastructure,Bioconductor containers and operations,,https://bioconductor.org/packages/3.23/bioc/html/DelayedArray.html;https://github.com/bioconda/bioconda-recipes/tree/254ba2d4bcda7fe6ed2baa586bac6c35885a4b10/recipes/bioconductor-delayedarray;https://github.com/Bioconductor/DelayedArray
github:bioconductor/experimenthub,Software,General biology & multi-omics,Biological database access,,https://bioconductor.org/packages/3.23/bioc/html/ExperimentHub.html;https://github.com/Bioconductor/ExperimentHub
github:bioconductor/genomeinfodb,Software,Genome assembly & annotation,Genomic intervals and coordinates,,https://bioconductor.org/packages/3.23/bioc/html/GenomeInfoDb.html;https://github.com/bioconda/bioconda-recipes/tree/254ba2d4bcda7fe6ed2baa586bac6c35885a4b10/recipes/bioconductor-genomeinfodb;https://github.com/Bioconductor/GenomeInfoDb
github:bioconductor/genomicalignments,Software,Sequence processing,Alignment files and sequencing formats,,https://bioconductor.org/packages/3.23/bioc/html/GenomicAlignments.html;https://github.com/bioconda/bioconda-recipes/tree/254ba2d4bcda7fe6ed2baa586bac6c35885a4b10/recipes/bioconductor-genomicalignments;https://github.com/Bioconductor/GenomicAlignments
github:bioconductor/genomicdatacommons,Software,General biology & multi-omics,Biological database access,,https://bioconductor.org/packages/3.23/bioc/html/GenomicDataCommons.html
github:bioconductor/genomicfeatures,Software,Genome assembly & annotation,Gene prediction and genome annotation,,https://bioconductor.org/packages/3.23/bioc/html/GenomicFeatures.html;https://github.com/bioconda/bioconda-recipes/tree/254ba2d4bcda7fe6ed2baa586bac6c35885a4b10/recipes/bioconductor-genomicfeatures;https://github.com/Bioconductor/GenomicFeatures
github:bioconductor/genomicfiles,Infrastructure,Computing infrastructure,Scientific storage and I/O,,https://bioconductor.org/packages/3.23/bioc/html/GenomicFiles.html
github:bioconductor/genomicranges,Software,Genome assembly & annotation,Genomic intervals and coordinates,,https://bioconductor.org/packages/3.23/bioc/html/GenomicRanges.html;https://github.com/bioconda/bioconda-recipes/tree/254ba2d4bcda7fe6ed2baa586bac6c35885a4b10/recipes/bioconductor-genomicranges;https://github.com/Bioconductor/GenomicRanges
github:bioconductor/h5mread,Infrastructure,Computing infrastructure,Scientific storage and I/O,,https://bioconductor.org/packages/3.23/bioc/html/h5mread.html;https://github.com/Bioconductor/h5mread
github:bioconductor/hdf5array,Infrastructure,Computing infrastructure,Scientific storage and I/O,,https://bioconductor.org/packages/3.23/bioc/html/HDF5Array.html;https://github.com/bioconda/bioconda-recipes/tree/254ba2d4bcda7fe6ed2baa586bac6c35885a4b10/recipes/bioconductor-hdf5array;https://github.com/Bioconductor/HDF5Array
github:bioconductor/iranges,Infrastructure,Computing infrastructure,Bioconductor containers and operations,,https://bioconductor.org/packages/3.23/bioc/html/IRanges.html;https://github.com/bioconda/bioconda-recipes/tree/254ba2d4bcda7fe6ed2baa586bac6c35885a4b10/recipes/bioconductor-iranges;https://github.com/Bioconductor/IRanges
github:bioconductor/keggrest,Software,Systems biology & ontologies,Pathway and gene-set analysis,,https://bioconductor.org/packages/3.23/bioc/html/KEGGREST.html;https://github.com/bioconda/bioconda-recipes/tree/254ba2d4bcda7fe6ed2baa586bac6c35885a4b10/recipes/bioconductor-keggrest;https://github.com/Bioconductor/KEGGREST
github:bioconductor/matrixgenerics,Infrastructure,Computing infrastructure,Bioconductor containers and operations,,https://bioconductor.org/packages/3.23/bioc/html/MatrixGenerics.html;https://github.com/bioconda/bioconda-recipes/tree/254ba2d4bcda7fe6ed2baa586bac6c35885a4b10/recipes/bioconductor-matrixgenerics;https://github.com/Bioconductor/MatrixGenerics
github:bioconductor/pwalign,Software,Sequence processing,Sequence similarity and alignment,,https://bioconductor.org/packages/3.23/bioc/html/pwalign.html;https://github.com/Bioconductor/pwalign
github:bioconductor/raggedexperiment,Infrastructure,Computing infrastructure,Scientific storage and I/O,,https://bioconductor.org/packages/3.23/bioc/html/RaggedExperiment.html
github:bioconductor/rhtslib,Infrastructure,Sequence processing,Alignment files and sequencing formats,,https://bioconductor.org/packages/3.23/bioc/html/Rhtslib.html;https://github.com/bioconda/bioconda-recipes/tree/254ba2d4bcda7fe6ed2baa586bac6c35885a4b10/recipes/bioconductor-rhtslib;https://github.com/Bioconductor/Rhtslib
github:bioconductor/rsamtools,Software,Sequence processing,Alignment files and sequencing formats,,https://bioconductor.org/packages/3.23/bioc/html/Rsamtools.html;https://github.com/bioconda/bioconda-recipes/tree/254ba2d4bcda7fe6ed2baa586bac6c35885a4b10/recipes/bioconductor-rsamtools;https://github.com/Bioconductor/Rsamtools
github:bioconductor/s4arrays,Infrastructure,Computing infrastructure,Bioconductor containers and operations,,https://bioconductor.org/packages/3.23/bioc/html/S4Arrays.html;https://github.com/bioconda/bioconda-recipes/tree/254ba2d4bcda7fe6ed2baa586bac6c35885a4b10/recipes/bioconductor-s4arrays;https://github.com/Bioconductor/S4Arrays
github:bioconductor/s4vectors,Infrastructure,Computing infrastructure,Bioconductor containers and operations,,https://bioconductor.org/packages/3.23/bioc/html/S4Vectors.html;https://github.com/bioconda/bioconda-recipes/tree/254ba2d4bcda7fe6ed2baa586bac6c35885a4b10/recipes/bioconductor-s4vectors;https://github.com/Bioconductor/S4Vectors
github:bioconductor/seqinfo,Software,Genome assembly & annotation,Genomic intervals and coordinates,,https://bioconductor.org/packages/3.23/bioc/html/Seqinfo.html;https://github.com/Bioconductor/Seqinfo
github:bioconductor/shortread,Software,Sequence processing,Alignment files and sequencing formats,,https://bioconductor.org/packages/3.23/bioc/html/ShortRead.html;https://github.com/bioconda/bioconda-recipes/tree/254ba2d4bcda7fe6ed2baa586bac6c35885a4b10/recipes/bioconductor-shortread;https://github.com/Bioconductor/ShortRead
github:bioconductor/sparsearray,Infrastructure,Computing infrastructure,Bioconductor containers and operations,,https://bioconductor.org/packages/3.23/bioc/html/SparseArray.html;https://github.com/bioconda/bioconda-recipes/tree/254ba2d4bcda7fe6ed2baa586bac6c35885a4b10/recipes/bioconductor-sparsearray;https://github.com/Bioconductor/SparseArray
github:bioconductor/summarizedexperiment,Infrastructure,Computing infrastructure,Bioconductor containers and operations,,https://bioconductor.org/packages/3.23/bioc/html/SummarizedExperiment.html;https://github.com/bioconda/bioconda-recipes/tree/254ba2d4bcda7fe6ed2baa586bac6c35885a4b10/recipes/bioconductor-summarizedexperiment;https://github.com/Bioconductor/SummarizedExperiment
github:bioconductor/txdbmaker,Software,Genome assembly & annotation,Gene prediction and genome annotation,,https://bioconductor.org/packages/3.23/bioc/html/txdbmaker.html;https://github.com/Bioconductor/txdbmaker
github:bioconductor/ucsc.utils,Software,Genome assembly & annotation,Genome reference access,,https://bioconductor.org/packages/3.23/bioc/html/UCSC.utils.html;https://github.com/Bioconductor/UCSC.utils
github:bioconductor/uniprot.ws,Software,Proteomics,Protein database access,,https://bioconductor.org/packages/3.23/bioc/html/UniProt.ws.html
github:bioconductor/xvector,Infrastructure,Computing infrastructure,Bioconductor containers and operations,,https://bioconductor.org/packages/3.23/bioc/html/XVector.html;https://github.com/bioconda/bioconda-recipes/tree/254ba2d4bcda7fe6ed2baa586bac6c35885a4b10/recipes/bioconductor-xvector;https://github.com/Bioconductor/XVector
github:biocontainers/containers,Infrastructure,Computing infrastructure,Parallel computing and package infrastructure,,https://github.com/BioContainers/containers
github:biocore/biom-format,Software,Microbiome & metagenomics,Community observation formats,,https://pypi.org/pypi/biom-format/json;https://github.com/biocore/biom-format
github:biocore/deblur,Software,Microbiome & metagenomics,Community profiling and diversity,,https://raw.githubusercontent.com/bioconda/bioconda-recipes/254ba2d4bcda7fe6ed2baa586bac6c35885a4b10/recipes/deblur/meta.yaml;https://github.com/biocore/deblur
github:biocore/gneiss,Software,Microbiome & metagenomics,Community profiling and diversity,,https://raw.githubusercontent.com/bioconda/bioconda-recipes/254ba2d4bcda7fe6ed2baa586bac6c35885a4b10/recipes/gneiss/meta.yaml
github:biocore/improved-octo-waddle,Software,Phylogenetics & evolution,Phylogenetic trees and visualization,General tree representation retained for explicit jplace phylogenetic fragment-insertion functionality.,https://github.com/biocore/improved-octo-waddle/blob/master/README.md;https://raw.githubusercontent.com/bioconda/bioconda-recipes/254ba2d4bcda7fe6ed2baa586bac6c35885a4b10/recipes/iow/meta.yaml
github:biocore/unifrac,Software,Microbiome & metagenomics,Community profiling and diversity,,https://raw.githubusercontent.com/bioconda/bioconda-recipes/254ba2d4bcda7fe6ed2baa586bac6c35885a4b10/recipes/unifrac/meta.yaml;https://github.com/biocore/unifrac
github:biocore/unifrac-binaries,Software,Microbiome & metagenomics,Community profiling and diversity,Contains the native C++ UniFrac implementation; distinct from the independently maintained Python interface repository in the first hundred.,https://github.com/biocore/unifrac-binaries/blob/main/README.md;https://raw.githubusercontent.com/bioconda/bioconda-recipes/254ba2d4bcda7fe6ed2baa586bac6c35885a4b10/recipes/unifrac-binaries/meta.yaml
github:biocpy/biocframe,Infrastructure,Computing infrastructure,Scientific storage and I/O,,https://pypi.org/pypi/biocframe/json;https://github.com/BiocPy/biocframe
github:biocpy/biocutils,Infrastructure,Computing infrastructure,Parallel computing and package infrastructure,,https://pypi.org/pypi/biocutils/json;https://github.com/BiocPy/biocutils
github:biod/sambamba,Software,Sequence processing,Alignment files and sequencing formats,,https://raw.githubusercontent.com/bioconda/bioconda-recipes/254ba2d4bcda7fe6ed2baa586bac6c35885a4b10/recipes/sambamba/meta.yaml;https://github.com/biod/sambamba
github:biofam/mofa2,Software,General biology & multi-omics,Multi-omics integration,,https://bioconductor.org/packages/3.23/bioc/html/MOFA2.html
github:bioinformaticsfmrp/tcgabiolinks,Software,General biology & multi-omics,Multi-omics integration,Cancer multi-omics data access/analysis; cancer is recorded in the source description rather than used as a separate organ-specific taxonomy axis.,https://bioconductor.org/packages/3.23/bioc/html/TCGAbiolinks.html;https://github.com/BioinformaticsFMRP/TCGAbiolinks
github:bioio-devs/aicspylibczi,Software,Bioimaging,Image metadata and plugins,,https://pypi.org/pypi/aicspylibczi/json;https://github.com/bioio-devs/aicspylibczi
github:bioio-devs/bioio,Software,Bioimaging,Image metadata and plugins,,https://pypi.org/pypi/bioio/json;https://github.com/bioio-devs/bioio
github:biolink/biolink-model,Infrastructure,Systems biology & ontologies,Biological identifiers and ontologies,,https://pypi.org/pypi/biolink-model/json
github:biolink/biolink-model-toolkit,Software,Systems biology & ontologies,Biological identifiers and ontologies,,https://github.com/biolink/biolink-model-toolkit/blob/master/README.md;https://pypi.org/pypi/bmt/json;https://github.com/biolink/biolink-model-toolkit
github:biopandas/biopandas,Software,Protein structure & biophysics,Molecular structures and visualization,,https://pypi.org/pypi/biopandas/json;https://github.com/BioPandas/biopandas
github:biopragmatics/bioregistry,Software,Systems biology & ontologies,Biological identifiers and ontologies,,https://pypi.org/pypi/bioregistry/json;https://github.com/biopragmatics/bioregistry
github:biopragmatics/bioversions,Software,General biology & multi-omics,Biological database access,,https://pypi.org/pypi/bioversions/json;https://github.com/biopragmatics/bioversions
github:biopython/biopython,Software,General biology & multi-omics,General biological analysis libraries,,https://raw.githubusercontent.com/conda-forge/biopython-feedstock/08272f2fd511e3106e9808b5ba5add1848e96815/recipe/meta.yaml;https://pypi.org/pypi/biopython/json;https://github.com/biopython/biopython
github:biothings/biothings_client.py,Software,Systems biology & ontologies,Biological identifiers and ontologies,,https://pypi.org/pypi/biothings-client/json;https://github.com/biothings/biothings_client.py
github:biothings/mygene.py,Software,Systems biology & ontologies,Biological identifiers and ontologies,,https://pypi.org/pypi/mygene/json;https://github.com/biothings/mygene.py
github:biothings/myvariant.py,Software,Genetic variation,Variant formats and annotation,,https://pypi.org/pypi/myvariant/json;https://github.com/biothings/myvariant.py
github:biotite-dev/biotite,Software,General biology & multi-omics,General biological analysis libraries,"General molecular-biology library spans sequence, structure and simulation; primary label is deliberately broad.",https://pypi.org/pypi/biotite/json;https://github.com/biotite-dev/biotite
github:biotite-dev/hydride,Software,Protein structure & biophysics,Molecular structures and visualization,,https://pypi.org/pypi/hydride/json;https://github.com/biotite-dev/hydride
github:birollab/abyss,Software,Genome assembly & annotation,Genome assembly,,https://raw.githubusercontent.com/bioconda/bioconda-recipes/254ba2d4bcda7fe6ed2baa586bac6c35885a4b10/recipes/abyss/meta.yaml;https://github.com/BirolLab/abyss
github:bjmt/universalmotif,Software,Gene regulation,Sequence motifs and visualization,,https://bioconductor.org/packages/3.23/bioc/html/universalmotif.html
github:black0017/medicalzoopytorch,Software,Bioimaging,Medical image segmentation,,https://github.com/black0017/MedicalZooPytorch
github:bmbolstad/affyio,Software,Gene expression,Microarray processing and normalization,,https://bioconductor.org/packages/3.23/bioc/html/affyio.html;https://github.com/bmbolstad/affyio
github:bmbolstad/affyplm,Software,Gene expression,Microarray processing and normalization,,https://bioconductor.org/packages/3.23/bioc/html/affyPLM.html
github:bmbolstad/preprocesscore,Software,Gene expression,Microarray processing and normalization,,https://bioconductor.org/packages/3.23/bioc/html/preprocessCore.html;https://github.com/bmbolstad/preprocessCore
github:booritas/slideio,Software,Bioimaging,Image processing and viewing,,https://pypi.org/pypi/slideio/json;https://github.com/Booritas/slideio
github:borchlab/screpertoire,Software,Immunology,Immune receptor annotation,,https://bioconductor.org/packages/3.23/bioc/html/scRepertoire.html
github:bowang-lab/medrax,Research implementation,Bioimaging,Medical image reasoning,,https://github.com/bowang-lab/MedRAX
github:bowang-lab/medsam,Research implementation,Bioimaging,Medical image segmentation,,https://github.com/bowang-lab/MedSAM
github:bowang-lab/medsam2,Research implementation,Bioimaging,Medical image segmentation,,https://github.com/bowang-lab/MedSAM2
github:bowang-lab/scgpt,Research implementation,Single-cell & spatial omics,Single-cell analysis and annotation,,https://github.com/bowang-lab/scGPT
github:bowang-lab/u-mamba,Research implementation,Bioimaging,Medical image segmentation,,https://github.com/bowang-lab/U-Mamba
github:bp-kelley/descriptastorus,Software,Cheminformatics & drug discovery,Molecular representations and descriptors,,https://pypi.org/pypi/descriptastorus/json;https://github.com/bp-kelley/descriptastorus
github:bradyajohnston/molecularnodes,Software,Protein structure & biophysics,Molecular structures and visualization,,https://github.com/BradyAJohnston/MolecularNodes
github:braindecode/braindecode,Software,Neuroscience & behavior,Neural recording and signal analysis,,https://pypi.org/pypi/braindecode/json;https://github.com/braindecode/braindecode
github:brainflow-dev/brainflow,Software,Neuroscience & behavior,Neural recording and signal analysis,,https://github.com/brainflow-dev/brainflow
github:brainglobe/brainrender,Software,Neuroscience & behavior,Neuroanatomy and connectomics,,https://github.com/brainglobe/brainrender
github:brainpy/brainpy,Software,Neuroscience & behavior,Neural simulation,,https://github.com/brainpy/BrainPy
github:brentp/cyvcf2,Software,Genetic variation,Variant formats and annotation,,https://raw.githubusercontent.com/bioconda/bioconda-recipes/254ba2d4bcda7fe6ed2baa586bac6c35885a4b10/recipes/cyvcf2/meta.yaml;https://pypi.org/pypi/cyvcf2/json;https://github.com/brentp/cyvcf2
github:brentp/mosdepth,Software,Sequence processing,Read processing and quality control,,https://raw.githubusercontent.com/bioconda/bioconda-recipes/254ba2d4bcda7fe6ed2baa586bac6c35885a4b10/recipes/mosdepth/meta.yaml
github:brian-team/brian2,Software,Neuroscience & behavior,Neural simulation,,https://pypi.org/pypi/brian2/json;https://github.com/brian-team/brian2
github:broadinstitute/cromwell,Infrastructure,Computing infrastructure,Bioinformatics workflow platforms,,https://github.com/broadinstitute/cromwell
github:broadinstitute/gatk,Software,Genetic variation,Variant calling and phasing,,https://raw.githubusercontent.com/bioconda/bioconda-recipes/254ba2d4bcda7fe6ed2baa586bac6c35885a4b10/recipes/gatk4/meta.yaml;https://github.com/broadinstitute/gatk
github:broadinstitute/infercnv,Software,Genetic variation,Copy-number analysis,,https://bioconductor.org/packages/3.23/bioc/html/infercnv.html;https://github.com/broadinstitute/infercnv
github:broadinstitute/picard,Software,Sequence processing,Alignment files and sequencing formats,,https://raw.githubusercontent.com/bioconda/bioconda-recipes/254ba2d4bcda7fe6ed2baa586bac6c35885a4b10/recipes/picard/meta.yaml;https://github.com/broadinstitute/picard
github:bwa-mem2/bwa-mem2,Software,Sequence processing,Read and sequence alignment,,https://github.com/bwa-mem2/bwa-mem2
github:bxlab/bx-python,Software,Sequence processing,Sequence manipulation,,https://raw.githubusercontent.com/bioconda/bioconda-recipes/254ba2d4bcda7fe6ed2baa586bac6c35885a4b10/recipes/bx-python/meta.yaml;https://pypi.org/pypi/bx-python/json;https://github.com/bxlab/bx-python
github:caiyuanhao1998/sax-nerf,Research implementation,Bioimaging,Optical tomography,Mixed anatomical and object CT reconstruction. Whole-repository stars include nonbiological applications.,https://github.com/caiyuanhao1998/SAX-NeRF
github:campbio/celda,Software,Single-cell & spatial omics,Single-cell analysis and annotation,,https://bioconductor.org/packages/3.23/bioc/html/celda.html
github:carmonalab/ucell,Software,Single-cell & spatial omics,Single-cell gene-set activity,,https://bioconductor.org/packages/3.23/bioc/html/UCell.html
github:cbcrg/tcoffee,Software,Sequence processing,Sequence similarity and alignment,,https://raw.githubusercontent.com/bioconda/bioconda-recipes/254ba2d4bcda7fe6ed2baa586bac6c35885a4b10/recipes/t-coffee/meta.yaml
github:cbioportal/cbioportal,Software,General biology & multi-omics,Multi-omics integration,,https://github.com/cBioPortal/cbioportal
github:cbluebenchmark/cblue,Software,Biomedical text & clinical data,Biomedical language processing,,https://github.com/CBLUEbenchmark/CBLUE
github:cbouy/mols2grid,Software,Cheminformatics & drug discovery,Molecular representations and descriptors,,https://github.com/cbouy/mols2grid;https://pypi.org/pypi/mols2grid/json
github:ccp4/ccp4i2,Software,Protein structure & biophysics,Molecular structures and visualization,,https://pypi.org/pypi/ccp4i2/json;https://github.com/ccp4/ccp4i2
github:ccpem/mrcfile,Software,Protein structure & biophysics,Molecular structures and visualization,,https://pypi.org/pypi/mrcfile/json;https://github.com/ccpem/mrcfile
github:ccsb-scripps/autodock-vina,Software,Cheminformatics & drug discovery,Molecular docking,,https://pypi.org/pypi/vina/json;https://github.com/ccsb-scripps/AutoDock-Vina
github:cellprofiler/cellprofiler,Software,Bioimaging,Biological and medical image analysis,,https://github.com/CellProfiler/CellProfiler
github:cellprofiler/centrosome,Software,Bioimaging,Biological and medical image analysis,CellProfiler image-processing dependency; retained as bioimaging support without claiming a distinct scientific subdomain.,https://github.com/CellProfiler/centrosome/blob/master/README.rst;https://pypi.org/pypi/centrosome/json;https://github.com/CellProfiler/centrosome
github:cgatoxford/umi-tools,Software,Sequence processing,Read processing and quality control,,https://raw.githubusercontent.com/bioconda/bioconda-recipes/254ba2d4bcda7fe6ed2baa586bac6c35885a4b10/recipes/umi_tools/meta.yaml;https://github.com/CGATOxford/UMI-tools
github:cgohlke/molmass,Software,Cheminformatics & drug discovery,Molecular representations and descriptors,"Cross-domain molecular chemistry utility; retained alongside molecular descriptor tools, not treated as a distinct biological subdomain.",https://pypi.org/pypi/molmass/json;https://github.com/cgohlke/molmass
github:chainer/chainer-chemistry,Software,Cheminformatics & drug discovery,Molecular property and interaction prediction,,https://github.com/chainer/chainer-chemistry
github:chanzuckerberg/cellxgene,Software,Single-cell & spatial omics,Single-cell analysis and annotation,,https://github.com/chanzuckerberg/cellxgene
github:chanzuckerberg/cellxgene-census,Software,Single-cell & spatial omics,Single-cell atlases and resource discovery,,https://pypi.org/pypi/cellxgene-census/json;https://github.com/chanzuckerberg/cellxgene-census
github:chanzuckerberg/miniwdl,Infrastructure,Computing infrastructure,Bioinformatics workflow platforms,,https://pypi.org/pypi/miniwdl/json;https://github.com/chanzuckerberg/miniwdl
github:chapmanb/bcbb,Software,General biology & multi-omics,General biological analysis libraries,,https://raw.githubusercontent.com/bioconda/bioconda-recipes/254ba2d4bcda7fe6ed2baa586bac6c35885a4b10/recipes/bcbio-gff/meta.yaml;https://github.com/chapmanb/bcbb
github:chemfiles/chemfiles.py,Software,Protein structure & biophysics,Molecular simulation and trajectory analysis,,https://pypi.org/pypi/chemfiles/json;https://github.com/chemfiles/chemfiles.py
github:chemosim-lab/prolif,Software,Cheminformatics & drug discovery,Molecular representations and descriptors,,https://pypi.org/pypi/prolif/json;https://github.com/chemosim-lab/ProLIF
github:chemprop/chemprop,Software,Cheminformatics & drug discovery,Molecular property and interaction prediction,,https://pypi.org/pypi/chemprop/json;https://github.com/chemprop/chemprop
github:chhylp123/hifiasm,Software,Genome assembly & annotation,Genome assembly,,https://github.com/chhylp123/hifiasm
github:choderalab/pymbar,Software,Protein structure & biophysics,Molecular simulation and trajectory analysis,,https://pypi.org/pypi/pymbar/json;https://github.com/choderalab/pymbar
github:cidarlab/cello,Software,General biology & multi-omics,Synthetic biology and cloning,,https://github.com/CIDARLAB/cello
github:clawbio/clawbio,Agent instructions,General biology & multi-omics,Biological agent instructions,,https://github.com/ClawBio/ClawBio
github:clbarnes/transformnd,Software,Neuroscience & behavior,Neuroimaging,General coordinate-transform interface retained as a documented component derived from the NAVIS neuroanatomy ecosystem; borderline.,https://github.com/clbarnes/transformnd/blob/main/README.md;https://pypi.org/pypi/transformnd/json;https://github.com/clbarnes/transformnd
github:clinical-genomics/cg,Infrastructure,Computing infrastructure,Bioinformatics workflow platforms,,https://pypi.org/pypi/cg/json;https://github.com/Clinical-Genomics/cg
github:cmu-delphi/delphi-epidata,Software,Biomedical text & clinical data,Medical data access and representation,,https://pypi.org/pypi/delphi-epidata/json;https://github.com/cmu-delphi/delphi-epidata
github:cokelaer/bioservices,Software,General biology & multi-omics,Biological database access,,https://pypi.org/pypi/bioservices/json;https://github.com/cokelaer/bioservices
github:combine-lab/salmon,Software,Gene expression,Expression quantification and transcript assembly,,https://raw.githubusercontent.com/bioconda/bioconda-recipes/254ba2d4bcda7fe6ed2baa586bac6c35885a4b10/recipes/salmon/meta.yaml;https://github.com/COMBINE-lab/salmon
github:common-workflow-language/cwl-upgrader,Infrastructure,Computing infrastructure,Bioinformatics workflow platforms,,https://pypi.org/pypi/cwl-upgrader/json;https://github.com/common-workflow-language/cwl-upgrader
github:common-workflow-language/cwltool,Infrastructure,Computing infrastructure,Bioinformatics workflow platforms,,https://pypi.org/pypi/cwltool/json;https://github.com/common-workflow-language/cwltool
github:commontk/ctk,Infrastructure,Bioimaging,Image processing and viewing,,https://github.com/commontk/CTK
github:compomics/peptide-shaker,Software,Proteomics,Mass spectrometry analysis,,https://raw.githubusercontent.com/bioconda/bioconda-recipes/254ba2d4bcda7fe6ed2baa586bac6c35885a4b10/recipes/peptide-shaker/meta.yaml;https://github.com/CompOmics/peptide-shaker
github:compomics/searchgui,Software,Proteomics,Mass spectrometry analysis,,https://raw.githubusercontent.com/bioconda/bioconda-recipes/254ba2d4bcda7fe6ed2baa586bac6c35885a4b10/recipes/searchgui/meta.yaml;https://github.com/CompOmics/searchgui
github:computational-cell-analytics/micro-sam,Software,Bioimaging,Biological and medical image analysis,,https://github.com/computational-cell-analytics/micro-sam
github:const-ae/glmgampoi,Software,Gene expression,Bulk differential expression,,https://bioconductor.org/packages/3.23/bioc/html/glmGamPoi.html;https://github.com/const-ae/glmGamPoi
github:const-ae/sparsematrixstats,Infrastructure,Computing infrastructure,Bioconductor containers and operations,,https://bioconductor.org/packages/3.23/bioc/html/sparseMatrixStats.html;https://github.com/bioconda/bioconda-recipes/tree/254ba2d4bcda7fe6ed2baa586bac6c35885a4b10/recipes/bioconductor-sparsematrixstats;https://github.com/const-ae/sparseMatrixStats
github:copasi/basico,Software,Systems biology & ontologies,Biochemical reaction and diffusion simulation,,https://pypi.org/pypi/copasi-basico/json;https://github.com/copasi/basico
github:cornerstonejs/cornerstone,Software,Bioimaging,Image processing and viewing,,https://github.com/cornerstonejs/cornerstone
github:cornerstonejs/cornerstone3d,Software,Bioimaging,Image processing and viewing,,https://github.com/cornerstonejs/cornerstone3D
github:cov-lineages/pango-designation,Data resource,Phylogenetics & evolution,Pathogen evolution and surveillance,,https://raw.githubusercontent.com/bioconda/bioconda-recipes/254ba2d4bcda7fe6ed2baa586bac6c35885a4b10/recipes/pango-designation/meta.yaml
github:crazyhottommy/getting-started-with-genomics-tools-and-resources,Tutorial/course,General biology & multi-omics,Biological teaching and discovery resources,,https://github.com/crazyhottommy/getting-started-with-genomics-tools-and-resources
github:cthoyt/ols-client,Software,Systems biology & ontologies,Biological identifiers and ontologies,,https://pypi.org/pypi/ols-client/json;https://github.com/cthoyt/ols-client
github:cytoscape/rcy3,Software,Systems biology & ontologies,Biological networks and metabolism,,https://bioconductor.org/packages/3.23/bioc/html/RCy3.html
github:daehwankimlab/hisat2,Software,Sequence processing,Read and sequence alignment,,https://raw.githubusercontent.com/bioconda/bioconda-recipes/254ba2d4bcda7fe6ed2baa586bac6c35885a4b10/recipes/hisat2/meta.yaml;https://github.com/DaehwanKimLab/hisat2
github:daler/gffutils,Software,Genome assembly & annotation,Gene prediction and genome annotation,,https://raw.githubusercontent.com/bioconda/bioconda-recipes/254ba2d4bcda7fe6ed2baa586bac6c35885a4b10/recipes/gffutils/meta.yaml;https://pypi.org/pypi/gffutils/json;https://github.com/daler/gffutils
github:daler/pybedtools,Software,Genome assembly & annotation,Genomic intervals and coordinates,,https://raw.githubusercontent.com/bioconda/bioconda-recipes/254ba2d4bcda7fe6ed2baa586bac6c35885a4b10/recipes/pybedtools/meta.yaml;https://pypi.org/pypi/pybedtools/json;https://github.com/daler/pybedtools
github:dandi/dandi-cli,Software,Neuroscience & behavior,Neural data access,,https://pypi.org/pypi/dandi/json;https://github.com/dandi/dandi-cli
github:danforthcenter/plantcv,Software,Bioimaging,Biological and medical image analysis,Image-based plant phenotyping; primary group is bioimaging. Primary labels cannot describe all cross-cutting applications.,https://github.com/danforthcenter/plantcv
github:danielecook/awesome-bioinformatics,Resource index,General biology & multi-omics,Biological teaching and discovery resources,,https://github.com/danielecook/Awesome-Bioinformatics
github:databio/pypiper,Infrastructure,Computing infrastructure,Bioinformatics workflow platforms,,https://pypi.org/pypi/piper/json;https://github.com/databio/pypiper
github:databiosphere/toil,Infrastructure,Computing infrastructure,Bioinformatics workflow platforms,,https://pypi.org/pypi/toil/json;https://github.com/DataBiosphere/toil
github:datajoint/datajoint-python,Infrastructure,Computing infrastructure,Bioinformatics workflow platforms,General scientific workflow infrastructure with documented neuroscience Elements pipelines; broad ecosystem-support inclusion.,https://pypi.org/pypi/datajoint/json;https://github.com/datajoint/datajoint-python
github:datamol-io/datamol,Software,Cheminformatics & drug discovery,Molecular representations and descriptors,,https://pypi.org/pypi/datamol/json;https://github.com/datamol-io/datamol
github:datapplab/gage,Software,Systems biology & ontologies,Pathway and gene-set analysis,,https://bioconductor.org/packages/3.23/bioc/html/gage.html
github:datapplab/pathview,Software,Systems biology & ontologies,Pathway and gene-set analysis,,https://bioconductor.org/packages/3.23/bioc/html/pathview.html;https://github.com/datapplab/pathview
github:dauparas/proteinmpnn,Research implementation,Protein structure & biophysics,Protein models and design,,https://github.com/dauparas/ProteinMPNN
github:davidemms/orthofinder,Software,Phylogenetics & evolution,Phylogenetic orthology inference,,https://github.com/davidemms/OrthoFinder
github:davislaboratory/singscore,Software,Systems biology & ontologies,Pathway and gene-set analysis,,https://bioconductor.org/packages/3.23/bioc/html/singscore.html
github:dc-analysis/dclab,Software,General biology & multi-omics,Cell mechanics and cytometry,,https://pypi.org/pypi/dclab/json;https://github.com/DC-analysis/dclab
github:deepchem/deepchem,Software,Cheminformatics & drug discovery,Molecular property and interaction prediction,,https://github.com/deepchem/deepchem
github:deepgraphlearning/torchdrug,Software,Cheminformatics & drug discovery,Drug discovery machine learning,,https://github.com/DeepGraphLearning/torchdrug
github:deeplabcut/deeplabcut,Software,Neuroscience & behavior,Behavior and experimental psychology,,https://github.com/DeepLabCut/DeepLabCut
github:deepmedic/deepmedic,Research implementation,Bioimaging,Medical image segmentation,,https://github.com/deepmedic/deepmedic
github:deepmodeling/unimol_tools,Software,Cheminformatics & drug discovery,Molecular property and interaction prediction,,https://github.com/deepmodeling/unimol_tools;https://pypi.org/pypi/unimol-tools/json
github:deeptools/deeptools,Software,Gene regulation,Chromatin signal processing,,https://raw.githubusercontent.com/bioconda/bioconda-recipes/254ba2d4bcda7fe6ed2baa586bac6c35885a4b10/recipes/deeptools/meta.yaml;https://github.com/deeptools/deepTools
github:deeptools/deeptools_intervals,Software,Genome assembly & annotation,Genomic intervals and coordinates,,https://pypi.org/pypi/deeptoolsintervals/json;https://github.com/deeptools/deeptools_intervals
github:deeptools/hicexplorer,Software,Gene regulation,Chromosome conformation,,https://raw.githubusercontent.com/bioconda/bioconda-recipes/254ba2d4bcda7fe6ed2baa586bac6c35885a4b10/recipes/hicexplorer/meta.yaml
github:deeptools/py2bit,Software,Genome assembly & annotation,Genomic intervals and coordinates,,https://raw.githubusercontent.com/bioconda/bioconda-recipes/254ba2d4bcda7fe6ed2baa586bac6c35885a4b10/recipes/py2bit/meta.yaml;https://pypi.org/pypi/py2bit/json;https://github.com/deeptools/py2bit
github:deeptools/pybigwig,Software,Gene regulation,Chromatin signal processing,,https://raw.githubusercontent.com/bioconda/bioconda-recipes/254ba2d4bcda7fe6ed2baa586bac6c35885a4b10/recipes/pybigwig/meta.yaml;https://pypi.org/pypi/pybigwig/json;https://github.com/deeptools/pyBigWig
github:deeptools/pygenometracks,Software,Genome assembly & annotation,Genome track visualization,,https://github.com/deeptools/pyGenomeTracks
github:dereneaton/ipyrad,Software,Phylogenetics & evolution,Comparative phylogenetic data,,https://raw.githubusercontent.com/bioconda/bioconda-recipes/254ba2d4bcda7fe6ed2baa586bac6c35885a4b10/recipes/ipyrad/meta.yaml
github:derrickwood/kraken2,Software,Microbiome & metagenomics,Community profiling and diversity,,https://raw.githubusercontent.com/bioconda/bioconda-recipes/254ba2d4bcda7fe6ed2baa586bac6c35885a4b10/recipes/kraken2/meta.yaml;https://github.com/DerrickWood/kraken2
github:deweylab/rsem,Software,Gene expression,Expression quantification and transcript assembly,,https://raw.githubusercontent.com/bioconda/bioconda-recipes/254ba2d4bcda7fe6ed2baa586bac6c35885a4b10/recipes/rsem/meta.yaml
github:dhimmel/obonet,Software,Systems biology & ontologies,Biological identifiers and ontologies,,https://pypi.org/pypi/obonet/json;https://github.com/dhimmel/obonet
github:dib-lab/khmer,Software,Sequence processing,Sequence manipulation,,https://github.com/dib-lab/khmer
github:dib-lab/screed,Software,Sequence processing,Alignment files and sequencing formats,,https://pypi.org/pypi/screed/json;https://github.com/dib-lab/screed
github:digital-chemistry-laboratory/morfeus,Software,Cheminformatics & drug discovery,Molecular representations and descriptors,Cross-domain molecular descriptors and steric/electronic properties; chemical catalyst applications also present.,https://pypi.org/pypi/morfeus-ml/json;https://github.com/digital-chemistry-laboratory/morfeus
github:dillontsmith/leabra,Software,Neuroscience & behavior,Neural simulation,Explicit cognitive-neuroscience framework and biological neuron modeling; retained separately from general neuromorphic training frameworks.,https://pypi.org/pypi/leabra-psyneulink/json;https://github.com/dillontsmith/leabra
github:dipy/dipy,Software,Neuroscience & behavior,Neuroimaging,,https://github.com/dipy/dipy
github:diseaseneurogenomics/variancepartition,Software,Gene expression,Expression normalization and variation,,https://bioconductor.org/packages/3.23/bioc/html/variancePartition.html
github:dlce-eva/commonnexus,Software,Phylogenetics & evolution,Comparative phylogenetic data,,https://github.com/dlce-eva/commonnexus;https://pypi.org/pypi/commonnexus/json
github:dltk/dltk,Software,Bioimaging,Biological and medical image analysis,,https://github.com/DLTK/DLTK
github:dmis-lab/biobert,Research implementation,Biomedical text & clinical data,Biomedical language processing,,https://github.com/dmis-lab/biobert
github:dnanexus/dx-toolkit,Infrastructure,Computing infrastructure,Bioinformatics workflow platforms,,https://raw.githubusercontent.com/bioconda/bioconda-recipes/254ba2d4bcda7fe6ed2baa586bac6c35885a4b10/recipes/dxpy/meta.yaml;https://github.com/dnanexus/dx-toolkit
github:dpeerlab/palantir,Software,Single-cell & spatial omics,Cell trajectories and differentiation,,https://pypi.org/pypi/palantir/json;https://github.com/dpeerlab/Palantir
github:dridk/pyvcf3,Software,Genetic variation,Variant formats and annotation,,https://raw.githubusercontent.com/bioconda/bioconda-recipes/254ba2d4bcda7fe6ed2baa586bac6c35885a4b10/recipes/pyvcf3/meta.yaml;https://pypi.org/pypi/pyvcf3/json;https://github.com/dridk/PyVCF3
github:drighelli/spatialexperiment,Infrastructure,Single-cell & spatial omics,Single-cell containers and storage,,https://bioconductor.org/packages/3.23/bioc/html/SpatialExperiment.html;https://github.com/drighelli/SpatialExperiment
github:drisso/edaseq,Software,Gene expression,Expression normalization and variation,,https://bioconductor.org/packages/3.23/bioc/html/EDASeq.html
github:drisso/ruvseq,Software,Gene expression,Expression normalization and variation,,https://bioconductor.org/packages/3.23/bioc/html/RUVSeq.html
github:drisso/zinbwave,Software,Single-cell & spatial omics,Single-cell integration and representation,,https://bioconductor.org/packages/3.23/bioc/html/zinbwave.html
github:drrdom/pmapper,Software,Cheminformatics & drug discovery,Molecular representations and descriptors,,https://pypi.org/pypi/pmapper/json;https://github.com/DrrDom/pmapper
github:durrantlab/dimorphite_dl,Software,Cheminformatics & drug discovery,Molecular representations and descriptors,,https://pypi.org/pypi/dimorphite-dl/json;https://github.com/durrantlab/dimorphite_dl
github:ebi-gene-expression-group/scanpy-scripts,Workflow,Single-cell & spatial omics,Single-cell analysis and annotation,,https://raw.githubusercontent.com/bioconda/bioconda-recipes/254ba2d4bcda7fe6ed2baa586bac6c35885a4b10/recipes/scanpy-scripts/meta.yaml
github:ebivariation/eva-sub-cli,Software,Genetic variation,Variant formats and annotation,,https://raw.githubusercontent.com/bioconda/bioconda-recipes/254ba2d4bcda7fe6ed2baa586bac6c35885a4b10/recipes/eva-sub-cli/meta.yaml
github:ecogenomics/gtdbtk,Software,Microbiome & metagenomics,Community profiling and diversity,,https://raw.githubusercontent.com/bioconda/bioconda-recipes/254ba2d4bcda7fe6ed2baa586bac6c35885a4b10/recipes/gtdbtk/meta.yaml;https://github.com/Ecogenomics/GTDBTk
github:eddyrivaslab/hmmer,Software,Sequence processing,Sequence similarity and alignment,,https://raw.githubusercontent.com/bioconda/bioconda-recipes/254ba2d4bcda7fe6ed2baa586bac6c35885a4b10/recipes/hmmer/meta.yaml;https://github.com/EddyRivasLab/hmmer
github:eddyrivaslab/infernal,Software,RNA structure,RNA homology and covariance models,,https://raw.githubusercontent.com/bioconda/bioconda-recipes/254ba2d4bcda7fe6ed2baa586bac6c35885a4b10/recipes/infernal/meta.yaml;https://github.com/EddyRivasLab/infernal
github:edinburgh-genome-foundry/dnafeaturesviewer,Software,Genome assembly & annotation,Genome track visualization,,https://github.com/Edinburgh-Genome-Foundry/DnaFeaturesViewer
github:ega-archive/crypt4gh,Infrastructure,Computing infrastructure,Scientific storage and I/O,,https://pypi.org/pypi/crypt4gh/json;https://github.com/EGA-archive/crypt4gh
github:eggnogdb/eggnog-mapper,Software,Genome assembly & annotation,Gene prediction and genome annotation,,https://github.com/eggnogdb/eggnog-mapper
github:ei-corebioinformatics/portcullis,Software,Gene expression,Transcript and splicing analysis,,https://raw.githubusercontent.com/bioconda/bioconda-recipes/254ba2d4bcda7fe6ed2baa586bac6c35885a4b10/recipes/portcullis/meta.yaml
github:electrostatics/mmcif_pdbx,Software,Protein structure & biophysics,Molecular structures and visualization,,https://pypi.org/pypi/mmcif-pdbx/json;https://github.com/Electrostatics/mmcif_pdbx
github:electrostatics/pdb2pqr,Software,Protein structure & biophysics,Protonation and electrostatic preparation,,https://pypi.org/pypi/pdb2pqr/json
github:ellisdg/3dunetcnn,Software,Bioimaging,Medical image segmentation,,https://github.com/ellisdg/3DUnetCNN
github:ensembl/ensembl-vep,Software,Genetic variation,Variant formats and annotation,,https://raw.githubusercontent.com/bioconda/bioconda-recipes/254ba2d4bcda7fe6ed2baa586bac6c35885a4b10/recipes/ensembl-vep/meta.yaml;https://github.com/Ensembl/ensembl-vep
github:epam/indigo,Software,Cheminformatics & drug discovery,Molecular representations and descriptors,,https://pypi.org/pypi/epam-indigo/json;https://github.com/epam/Indigo
github:epam/ketcher,Software,Cheminformatics & drug discovery,Molecular representations and descriptors,,https://github.com/epam/ketcher
github:eselkin/awesome-computational-neuroscience,Resource index,Neuroscience & behavior,Neuroscience teaching and resources,,https://github.com/eselkin/awesome-computational-neuroscience
github:etal/cnvkit,Software,Genetic variation,Copy-number analysis,,https://raw.githubusercontent.com/bioconda/bioconda-recipes/254ba2d4bcda7fe6ed2baa586bac6c35885a4b10/recipes/cnvkit/meta.yaml;https://github.com/etal/cnvkit
github:etetoolkit/ete,Software,Phylogenetics & evolution,Phylogenetic trees and visualization,,https://pypi.org/pypi/ete3/json;https://github.com/etetoolkit/ete
github:evanyeyeye/rainbow,Software,Metabolomics,Mass spectra and chemical composition,"Cross-domain chromatography and mass-spectrometry formats; assigned metabolomics, also applicable to proteomics and analytical chemistry.",https://pypi.org/pypi/rainbow-api/json;https://github.com/evanyeyeye/rainbow
github:evo-design/evo,Research implementation,General biology & multi-omics,Genomic foundation models,Genome and molecular sequence modeling spans several biological domains; broad primary label avoids treating it as a protein-only tool.,https://github.com/evo-design/evo
github:eyurtsev/fcsparser,Software,General biology & multi-omics,Flow cytometry formats,Current PyPI project_urls incorrectly point to eyurtsev/kor. The package description links its worked example and documentation to eyurtsev/fcsparser.,https://pypi.org/pypi/fcsparser/json
github:facebookresearch/esm,Research implementation,Protein structure & biophysics,Protein models and design,,https://github.com/facebookresearch/esm
github:facebookresearch/fastmri,Software,Bioimaging,MRI reconstruction,,https://github.com/facebookresearch/fastMRI
github:fahadshamshad/awesome-transformers-in-medical-imaging,Resource index,Bioimaging,Medical imaging resources,,https://github.com/fahadshamshad/awesome-transformers-in-medical-imaging
github:fastdatascience/drug_named_entity_recognition,Software,Biomedical text & clinical data,Biomedical language processing,,https://pypi.org/pypi/drug-named-entity-recognition/json;https://github.com/fastdatascience/drug_named_entity_recognition
github:fastdatascience/medical_named_entity_recognition,Software,Biomedical text & clinical data,Biomedical language processing,,https://pypi.org/pypi/medical-named-entity-recognition/json;https://github.com/fastdatascience/medical_named_entity_recognition
github:fastlmm/bed-reader,Software,Genetic variation,Association and population genetics,,https://pypi.org/pypi/bed-reader/json;https://github.com/fastlmm/bed-reader
github:fastlmm/pysnptools,Software,Genetic variation,Association and population genetics,,https://pypi.org/pypi/pysnptools/json;https://github.com/fastlmm/PySnpTools
github:fastobo/fastobo-py,Software,Systems biology & ontologies,Biological identifiers and ontologies,,https://pypi.org/pypi/fastobo/json;https://github.com/fastobo/fastobo-py
github:federicomarini/goseq,Software,Systems biology & ontologies,Pathway and gene-set analysis,,https://bioconductor.org/packages/3.23/bioc/html/goseq.html
github:federicomarini/topgo,Software,Systems biology & ontologies,Pathway and gene-set analysis,,https://bioconductor.org/packages/3.23/bioc/html/topGO.html
github:felixkrueger/trimgalore,Workflow,Sequence processing,Read processing and quality control,,https://raw.githubusercontent.com/bioconda/bioconda-recipes/254ba2d4bcda7fe6ed2baa586bac6c35885a4b10/recipes/trim-galore/meta.yaml;https://github.com/FelixKrueger/TrimGalore
github:fideus-labs/ngff-zarr,Infrastructure,Bioimaging,Image metadata and plugins,,https://pypi.org/pypi/ngff-zarr/json;https://github.com/fideus-labs/ngff-zarr
github:fieldtrip/fieldtrip,Software,Neuroscience & behavior,Neural recording and signal analysis,,https://github.com/fieldtrip/fieldtrip
github:fnndsc/ami,Software,Bioimaging,Image processing and viewing,,https://github.com/FNNDSC/ami
github:fo-dicom/fo-dicom,Infrastructure,Bioimaging,Image metadata and plugins,,https://github.com/fo-dicom/fo-dicom
github:fooof-tools/fooof,Software,Neuroscience & behavior,Neural recording and signal analysis,,https://pypi.org/pypi/fooof/json;https://pypi.org/pypi/specparam/json;https://github.com/fooof-tools/fooof
github:forlilab/meeko,Software,Cheminformatics & drug discovery,Molecular docking,,https://pypi.org/pypi/meeko/json;https://github.com/forlilab/Meeko
github:frederickhuanglin/ancombc,Software,Microbiome & metagenomics,Community profiling and diversity,,https://bioconductor.org/packages/3.23/bioc/html/ANCOMBC.html
github:freebayes/freebayes,Software,Genetic variation,Variant calling and phasing,,https://raw.githubusercontent.com/bioconda/bioconda-recipes/254ba2d4bcda7fe6ed2baa586bac6c35885a4b10/recipes/freebayes/meta.yaml;https://github.com/freebayes/freebayes
github:freedomintelligence/awesome-ai4med,Resource index,Biomedical text & clinical data,Medical AI resources,,https://github.com/FreedomIntelligence/Awesome-AI4Med
github:freesurfer/freesurfer,Software,Neuroscience & behavior,Neuroimaging,,https://github.com/freesurfer/freesurfer
github:fritzsedlazeck/sniffles,Software,Genetic variation,Variant calling and phasing,,https://github.com/fritzsedlazeck/Sniffles
github:fudan-generative-vision/dynamicpdb,Data resource,Protein structure & biophysics,Structure modeling evaluation and data,,https://github.com/fudan-generative-vision/dynamicPDB
github:fulcrumgenomics/fgbio,Software,Sequence processing,Alignment files and sequencing formats,,https://raw.githubusercontent.com/bioconda/bioconda-recipes/254ba2d4bcda7fe6ed2baa586bac6c35885a4b10/recipes/fgbio/meta.yaml;https://github.com/fulcrumgenomics/fgbio
github:ga4gh/vrs-python,Software,Genetic variation,Variant formats and annotation,,https://github.com/ga4gh/vrs-python;https://pypi.org/pypi/ga4gh-vrs/json
github:gaius-augustus/augustus,Software,Genome assembly & annotation,Gene prediction and genome annotation,,https://raw.githubusercontent.com/bioconda/bioconda-recipes/254ba2d4bcda7fe6ed2baa586bac6c35885a4b10/recipes/augustus/meta.yaml;https://github.com/Gaius-Augustus/Augustus
github:galaxyproject/bioblend,Infrastructure,Computing infrastructure,Bioinformatics workflow platforms,,https://pypi.org/pypi/bioblend/json;https://github.com/galaxyproject/bioblend
github:galaxyproject/galaxy,Infrastructure,Computing infrastructure,Bioinformatics workflow platforms,,https://github.com/galaxyproject/galaxy
github:galaxyproject/galaxy-lib,Infrastructure,Computing infrastructure,Bioinformatics workflow platforms,,https://raw.githubusercontent.com/bioconda/bioconda-recipes/254ba2d4bcda7fe6ed2baa586bac6c35885a4b10/recipes/galaxy-lib/meta.yaml
github:gbif/pygbif,Software,Ecology & conservation,Biodiversity data access,,https://pypi.org/pypi/pygbif/json;https://github.com/gbif/pygbif
github:gcorso/diffdock,Research implementation,Cheminformatics & drug discovery,Molecular docking,,https://github.com/gcorso/DiffDock
github:ge11232002/cner,Software,Gene regulation,Regulatory element conservation and enrichment,,https://bioconductor.org/packages/3.23/bioc/html/CNEr.html
github:ge11232002/tfbstools,Software,Gene regulation,Sequence motifs and visualization,,https://bioconductor.org/packages/3.23/bioc/html/TFBSTools.html;https://github.com/ge11232002/TFBSTools
github:genenotebook/genenotebook,Software,Genome assembly & annotation,Comparative genome browsing,,https://raw.githubusercontent.com/bioconda/bioconda-recipes/254ba2d4bcda7fe6ed2baa586bac6c35885a4b10/recipes/genenotebook/meta.yaml;https://github.com/genenotebook/genenotebook
github:generatebio/chroma,Research implementation,Protein structure & biophysics,Protein models and design,,https://github.com/generatebio/chroma
github:genometools/genometools,Software,Genome assembly & annotation,Gene prediction and genome annotation,Genome annotation and sequence-analysis toolkit; same source as Bioconda genometools-genometools.,https://raw.githubusercontent.com/bioconda/bioconda-recipes/254ba2d4bcda7fe6ed2baa586bac6c35885a4b10/recipes/genometools-genometools/meta.yaml;https://github.com/genometools/genometools
github:genomoncology/biomcp,Software,Biomedical text & clinical data,Biomedical agent platform,Dedicated biomedical database interface retained; distinguished from general scientific agent runtimes.,https://pypi.org/pypi/biomcp-python/json;https://github.com/genomoncology/biomcp
github:ggloor/aldex_bioc,Software,Microbiome & metagenomics,Community profiling and diversity,,https://bioconductor.org/packages/3.23/bioc/html/ALDEx2.html
github:girke-lab/chemminer,Software,Cheminformatics & drug discovery,Cheminformatics analysis,,https://bioconductor.org/packages/3.23/bioc/html/ChemmineR.html
github:gmod/jbrowse-components,Software,Genome assembly & annotation,Genome track visualization,,https://raw.githubusercontent.com/bioconda/bioconda-recipes/254ba2d4bcda7fe6ed2baa586bac6c35885a4b10/recipes/jbrowse2/meta.yaml
github:gnina/gnina,Software,Cheminformatics & drug discovery,Molecular docking,,https://github.com/gnina/gnina
github:gogepp/genoboo,Software,Genome assembly & annotation,Comparative genome browsing,"Maintained fork of GeneNotebook; retained as a distinct source identity, without claiming a distinct biological topic.",https://raw.githubusercontent.com/bioconda/bioconda-recipes/254ba2d4bcda7fe6ed2baa586bac6c35885a4b10/recipes/genoboo/meta.yaml;https://github.com/gogepp/genoboo
github:gokceneraslan/awesome-deepbio,Resource index,General biology & multi-omics,Biological teaching and discovery resources,,https://github.com/gokceneraslan/awesome-deepbio
github:google-deepmind/alphafold,Research implementation,Protein structure & biophysics,Protein models and design,,https://github.com/google-deepmind/alphafold
github:google-deepmind/alphafold3,Research implementation,Protein structure & biophysics,Protein models and design,,https://github.com/google-deepmind/alphafold3
github:google-deepmind/alphagenome,Software,Gene regulation,Regulatory sequence modeling,,https://pypi.org/pypi/alphagenome/json;https://github.com/google-deepmind/alphagenome
github:google/deepvariant,Workflow,Genetic variation,Variant calling and phasing,,https://github.com/google/deepvariant
github:google/nucleus,Infrastructure,Computing infrastructure,Scientific storage and I/O,,https://github.com/google/nucleus
github:gpertea/stringtie,Software,Gene expression,Expression quantification and transcript assembly,,https://raw.githubusercontent.com/bioconda/bioconda-recipes/254ba2d4bcda7fe6ed2baa586bac6c35885a4b10/recipes/stringtie/meta.yaml;https://github.com/gpertea/stringtie
github:gptomics/bioskills,Agent instructions,General biology & multi-omics,Biological agent instructions,,https://github.com/GPTomics/bioSkills
github:graylab/dl4proteins-notebooks,Tutorial/course,Protein structure & biophysics,Protein modeling resources,,https://github.com/Graylab/DL4Proteins-notebooks
github:greenelab/deep-review,Review/article,General biology & multi-omics,Biology and medicine review,,https://github.com/greenelab/deep-review
github:gregoryfaust/samblaster,Software,Sequence processing,Read processing and quality control,,https://raw.githubusercontent.com/bioconda/bioconda-recipes/254ba2d4bcda7fe6ed2baa586bac6c35885a4b10/recipes/samblaster/meta.yaml
github:gromacs/gromacs,Software,Protein structure & biophysics,Molecular simulation and trajectory analysis,GitHub is the official public backup; development and issues use the linked GitLab repository. Keep the observed GitHub identity for this star ranking.,https://github.com/gromacs/gromacs
github:guma44/geoparse,Software,Gene expression,Expression data access,,https://pypi.org/pypi/geoparse/json;https://github.com/guma44/GEOparse
github:haddocking/pdb-tools,Software,Protein structure & biophysics,Molecular structures and visualization,,https://pypi.org/pypi/pdb-tools/json;https://github.com/haddocking/pdb-tools
github:hail-is/hail,Software,Genetic variation,Association and population genetics,,https://pypi.org/pypi/hail/json;https://github.com/hail-is/hail
github:hannesstark/boltzgen,Research implementation,Protein structure & biophysics,Protein models and design,,https://github.com/HannesStark/boltzgen
github:hansenlab/bsseq,Software,Gene regulation,DNA methylation,,https://bioconductor.org/packages/3.23/bioc/html/bsseq.html
github:hansenlab/minfi,Software,Gene regulation,DNA methylation,,https://bioconductor.org/packages/3.23/bioc/html/minfi.html;https://github.com/hansenlab/minfi
github:harvardinformatics/learning-bioinformatics-at-home,Resource index,General biology & multi-omics,Biological teaching and discovery resources,,https://github.com/harvardinformatics/learning-bioinformatics-at-home
github:hasindu2008/f5c,Software,Gene regulation,DNA methylation,,https://raw.githubusercontent.com/bioconda/bioconda-recipes/254ba2d4bcda7fe6ed2baa586bac6c35885a4b10/recipes/f5c/meta.yaml
github:hasindu2008/slow5tools,Software,Sequence processing,Alignment files and sequencing formats,,https://raw.githubusercontent.com/bioconda/bioconda-recipes/254ba2d4bcda7fe6ed2baa586bac6c35885a4b10/recipes/slow5tools/meta.yaml;https://github.com/hasindu2008/slow5tools
github:hazyresearch/hyena-dna,Research implementation,General biology & multi-omics,Genomic foundation models,,https://github.com/HazyResearch/hyena-dna
github:hcbravolab/metagenomeseq,Software,Microbiome & metagenomics,Community profiling and diversity,,https://bioconductor.org/packages/3.23/bioc/html/metagenomeSeq.html
github:hcbravolab/wrench,Software,Gene expression,Expression normalization and variation,,https://bioconductor.org/packages/3.23/bioc/html/Wrench.html
github:helenalc/muscat,Software,Single-cell & spatial omics,Single-cell analysis and annotation,,https://bioconductor.org/packages/3.23/bioc/html/muscat.html
github:henrikbengtsson/affxparser,Software,Gene expression,Microarray processing and normalization,,https://bioconductor.org/packages/3.23/bioc/html/affxparser.html
github:henrikbengtsson/aroma.light,Software,Gene expression,Microarray processing and normalization,,https://bioconductor.org/packages/3.23/bioc/html/aroma.light.html
github:henrikbengtsson/illuminaio,Software,Gene expression,Microarray processing and normalization,,https://bioconductor.org/packages/3.23/bioc/html/illuminaio.html;https://github.com/HenrikBengtsson/illuminaio
github:hilab-git/ssl4mis,Software,Bioimaging,Medical image segmentation,,https://github.com/HiLab-git/SSL4MIS
github:hredestig/pcamethods,Software,Computing infrastructure,Statistics and visualization for biology,,https://bioconductor.org/packages/3.23/bioc/html/pcaMethods.html;https://github.com/hredestig/pcaMethods
github:hsiaoyi0504/awesome-cheminformatics,Resource index,Cheminformatics & drug discovery,Cheminformatics resources,,https://github.com/hsiaoyi0504/awesome-cheminformatics
github:htseq/htseq,Software,Gene expression,Expression quantification and transcript assembly,,https://raw.githubusercontent.com/bioconda/bioconda-recipes/254ba2d4bcda7fe6ed2baa586bac6c35885a4b10/recipes/htseq/meta.yaml;https://github.com/htseq/htseq
github:huber-group-embl/biomart,Software,Genome assembly & annotation,Genome reference access,,https://bioconductor.org/packages/3.23/bioc/html/biomaRt.html;https://github.com/bioconda/bioconda-recipes/tree/254ba2d4bcda7fe6ed2baa586bac6c35885a4b10/recipes/bioconductor-biomart;https://github.com/Huber-group-EMBL/biomaRt
github:huber-group-embl/lpsymphony,Infrastructure,Computing infrastructure,Parallel computing and package infrastructure,"Generic integer-programming solver in Bioconductor; retained as ecosystem support, not a distinct biological analysis field.",https://bioconductor.org/packages/3.23/bioc/html/lpsymphony.html
github:huber-group-embl/rhdf5,Infrastructure,Computing infrastructure,Scientific storage and I/O,,https://bioconductor.org/packages/3.23/bioc/html/rhdf5.html;https://github.com/bioconda/bioconda-recipes/tree/254ba2d4bcda7fe6ed2baa586bac6c35885a4b10/recipes/bioconductor-rhdf5;https://github.com/Huber-group-EMBL/rhdf5
github:huber-group-embl/rhdf5filters,Infrastructure,Computing infrastructure,Scientific storage and I/O,,https://bioconductor.org/packages/3.23/bioc/html/rhdf5filters.html;https://github.com/bioconda/bioconda-recipes/tree/254ba2d4bcda7fe6ed2baa586bac6c35885a4b10/recipes/bioconductor-rhdf5filters;https://github.com/Huber-group-EMBL/rhdf5filters
github:huber-group-embl/rhdf5lib,Infrastructure,Computing infrastructure,Scientific storage and I/O,,https://bioconductor.org/packages/3.23/bioc/html/Rhdf5lib.html;https://github.com/bioconda/bioconda-recipes/tree/254ba2d4bcda7fe6ed2baa586bac6c35885a4b10/recipes/bioconductor-rhdf5lib;https://github.com/Huber-group-EMBL/Rhdf5lib
github:huber-group-embl/vsn,Software,Gene expression,Microarray processing and normalization,,https://bioconductor.org/packages/3.23/bioc/html/vsn.html;https://github.com/Huber-group-EMBL/vsn
github:hucaofighting/swin-unet,Research implementation,Bioimaging,Medical image segmentation,,https://github.com/HuCaoFighting/Swin-Unet
github:hussius/deeplearning-biology,Resource index,General biology & multi-omics,Biological teaching and discovery resources,,https://github.com/hussius/deeplearning-biology
github:hyattpd/prodigal,Software,Genome assembly & annotation,Gene prediction and genome annotation,,https://raw.githubusercontent.com/bioconda/bioconda-recipes/254ba2d4bcda7fe6ed2baa586bac6c35885a4b10/recipes/prodigal/meta.yaml;https://github.com/hyattpd/Prodigal
github:ibm/microscopy,Hardware project,Bioimaging,Microscopy hardware,,https://github.com/IBM/MicroscoPy
github:igvteam/igv,Software,Genome assembly & annotation,Genome track visualization,,https://github.com/igvteam/igv;https://raw.githubusercontent.com/bioconda/bioconda-recipes/254ba2d4bcda7fe6ed2baa586bac6c35885a4b10/recipes/igv/meta.yaml
github:igvteam/igv.js,Software,Genome assembly & annotation,Genome track visualization,,https://github.com/igvteam/igv.js
github:illumina/interop,Software,Sequence processing,Alignment files and sequencing formats,,https://raw.githubusercontent.com/bioconda/bioconda-recipes/254ba2d4bcda7fe6ed2baa586bac6c35885a4b10/recipes/illumina-interop/meta.yaml
github:imprintlab/medical-sam-adapter,Research implementation,Bioimaging,Medical image segmentation,,https://github.com/ImprintLab/Medical-SAM-Adapter
github:imprintlab/medical-sam2,Research implementation,Bioimaging,Medical image segmentation,,https://github.com/ImprintLab/Medical-SAM2
github:imprintlab/medsegdiff,Research implementation,Bioimaging,Medical image segmentation,,https://github.com/ImprintLab/MedSegDiff
github:insightsoftwareconsortium/itk,Software,Bioimaging,Image processing and viewing,,https://github.com/InsightSoftwareConsortium/ITK
github:instadeepai/nucleotide-transformer,Research implementation,General biology & multi-omics,Genomic foundation models,,https://github.com/instadeepai/nucleotide-transformer
github:intermine/intermine-ws-python,Software,General biology & multi-omics,Biological database access,,https://pypi.org/pypi/intermine/json
github:invesalius/invesalius3,Software,Bioimaging,Image processing and viewing,,https://github.com/invesalius/invesalius3
github:iobis/pyobis,Software,Ecology & conservation,Biodiversity data access,,https://github.com/iobis/pyobis;https://pypi.org/pypi/pyobis/json
github:iqtree/iqtree3,Software,Phylogenetics & evolution,Phylogenetic inference,,https://raw.githubusercontent.com/bioconda/bioconda-recipes/254ba2d4bcda7fe6ed2baa586bac6c35885a4b10/recipes/iqtree/meta.yaml;https://github.com/iqtree/iqtree3
github:isa-tools/isa-rwval,Infrastructure,Computing infrastructure,Experiment metadata and data sharing,,https://pypi.org/pypi/isa-rwval/json;https://github.com/ISA-tools/isa-rwval
github:iskandr/osteosarc,Data resource,Biomedical text & clinical data,Medical data access and representation,,https://pypi.org/pypi/osteosarc/json;https://github.com/iskandr/osteosarc
github:ivanek/gviz,Software,Genome assembly & annotation,Genome track visualization,,https://bioconductor.org/packages/3.23/bioc/html/Gviz.html;https://github.com/ivanek/Gviz
github:ivanek/seqlogo,Software,Gene regulation,Sequence motifs and visualization,,https://bioconductor.org/packages/3.23/bioc/html/seqLogo.html;https://github.com/ivanek/seqLogo
github:ivmartel/dwv,Software,Bioimaging,Image processing and viewing,,https://github.com/ivmartel/dwv
github:jackcurragh/rust,Software,Gene expression,Ribosome profiling,,https://pypi.org/pypi/rust/json;https://github.com/JackCurragh/RUST
github:jackh726/bigtools,Software,Gene regulation,Chromatin signal processing,,https://pypi.org/pypi/pybigtools/json;https://github.com/jackh726/bigtools
github:jamescasbon/pyvcf,Software,Genetic variation,Variant formats and annotation,,https://pypi.org/pypi/pyvcf/json;https://github.com/jamescasbon/PyVCF
github:jax-md/jax-md,Software,Protein structure & biophysics,Molecular simulation and trajectory analysis,Broad condensed-matter engine retained with documented protein-design applications; borderline scope. See README cited intrinsically disordered protein design work.,https://github.com/jax-md/jax-md/blob/main/README.md;https://github.com/jax-md/jax-md
github:jbkinney/logomaker,Software,Gene regulation,Sequence motifs and visualization,,https://pypi.org/pypi/logomaker/json;https://github.com/jbkinney/logomaker
github:jcruan519/vm-unet,Research implementation,Bioimaging,Medical image segmentation,,https://github.com/JCruan519/VM-UNet
github:jeetsukumaran/dendropy,Software,Phylogenetics & evolution,Phylogenetic trees and visualization,,https://raw.githubusercontent.com/bioconda/bioconda-recipes/254ba2d4bcda7fe6ed2baa586bac6c35885a4b10/recipes/dendropy/meta.yaml;https://pypi.org/pypi/dendropy/json;https://github.com/jeetsukumaran/DendroPy
github:jeffdaily/parasail-python,Software,Sequence processing,Sequence similarity and alignment,,https://raw.githubusercontent.com/bioconda/bioconda-recipes/254ba2d4bcda7fe6ed2baa586bac6c35885a4b10/recipes/parasail-python/meta.yaml;https://pypi.org/pypi/parasail/json;https://github.com/jeffdaily/parasail-python
github:jenojp/negspacy,Software,Biomedical text & clinical data,Biomedical language processing,,https://pypi.org/pypi/negspacy/json;https://github.com/jenojp/negspacy
github:jensengroup/propka,Software,Protein structure & biophysics,Protonation and electrostatic preparation,,https://github.com/jensengroup/propka/blob/master/README.md;https://pypi.org/pypi/propka/json
github:jeremymcrae/bgen,Software,Genetic variation,Variant formats and annotation,,https://pypi.org/pypi/bgen/json;https://github.com/jeremymcrae/bgen
github:jeremymcrae/liftover,Software,Genome assembly & annotation,Genomic intervals and coordinates,,https://pypi.org/pypi/liftover/json;https://github.com/jeremymcrae/liftover
github:jeya-maria-jose/medical-transformer,Research implementation,Bioimaging,Medical image segmentation,,https://github.com/jeya-maria-jose/Medical-Transformer
github:jfjlaros/barcode,Software,Sequence processing,Sequence manipulation,,https://pypi.org/pypi/barcode/json;https://github.com/jfjlaros/barcode
github:jfnavarro/taggd,Software,Single-cell & spatial omics,Spatial expression analysis,,https://pypi.org/pypi/taggd/json;https://github.com/jfnavarro/taggd
github:jinworks/cellchat,Software,Single-cell & spatial omics,Cell-cell communication,"Maintained CellChat repository. The older sqjin/CellChat source also remains in the recorded pool. Distinct repository identities are retained under the baseline policy, so this is not a count of independent scientific methods.",https://github.com/jinworks/CellChat
github:jmschrei/bpnet-lite,Software,Gene regulation,Regulatory sequence modeling,,https://pypi.org/pypi/bpnet-lite/json;https://github.com/jmschrei/bpnet-lite
github:jmschrei/ledidi,Software,Gene regulation,Regulatory sequence modeling,,https://pypi.org/pypi/ledidi/json;https://github.com/jmschrei/ledidi
github:jmschrei/memesuite-lite,Software,Gene regulation,Sequence motifs and visualization,,https://pypi.org/pypi/memelite/json;https://github.com/jmschrei/memesuite-lite
github:jmschrei/tangermeme,Software,Gene regulation,Regulatory sequence modeling,,https://pypi.org/pypi/tangermeme/json;https://github.com/jmschrei/tangermeme
github:joachimwolff/vardictjava,Software,Genetic variation,Variant calling and phasing,,https://raw.githubusercontent.com/bioconda/bioconda-recipes/254ba2d4bcda7fe6ed2baa586bac6c35885a4b10/recipes/vardict-java/meta.yaml
github:joey711/biomformat,Software,Microbiome & metagenomics,Community observation formats,,https://bioconductor.org/packages/3.23/bioc/html/biomformat.html;https://github.com/joey711/biomformat
github:joey711/phyloseq,Software,Microbiome & metagenomics,Community profiling and diversity,Microbial ecology is included in the microbiome domain; this does not establish coverage of general ecological modeling.,https://bioconductor.org/packages/3.23/bioc/html/phyloseq.html;https://github.com/joey711/phyloseq
github:johof/lungmask,Software,Bioimaging,Medical image segmentation,,https://github.com/JoHof/lungmask
github:jokergoo/complexheatmap,Software,Computing infrastructure,Statistics and visualization for biology,,https://bioconductor.org/packages/3.23/bioc/html/ComplexHeatmap.html;https://github.com/jokergoo/ComplexHeatmap
github:jokergoo/enrichedheatmap,Software,Gene regulation,Chromatin signal processing,,https://bioconductor.org/packages/3.23/bioc/html/EnrichedHeatmap.html
github:jokergoo/rgreat,Software,Systems biology & ontologies,Pathway and gene-set analysis,,https://bioconductor.org/packages/3.23/bioc/html/rGREAT.html
github:jokergoo/simona,Software,Systems biology & ontologies,Biological identifiers and ontologies,,https://bioconductor.org/packages/3.23/bioc/html/simona.html
github:jokergoo/simplifyenrichment,Software,Systems biology & ontologies,Pathway and gene-set analysis,,https://bioconductor.org/packages/3.23/bioc/html/simplifyEnrichment.html
github:jorainer/ensembldb,Software,Genome assembly & annotation,Gene prediction and genome annotation,,https://bioconductor.org/packages/3.23/bioc/html/ensembldb.html;https://github.com/jorainer/ensembldb
github:junma11/miccai-opensourcepapers,Resource index,Bioimaging,Medical imaging resources,,https://github.com/JunMa11/MICCAI-OpenSourcePapers
github:junma11/seglossodyssey,Software,Bioimaging,Medical image segmentation,,https://github.com/JunMa11/SegLossOdyssey
github:junma11/sota-medseg,Software,Bioimaging,Medical image segmentation,,https://github.com/JunMa11/SOTA-MedSeg
github:jvkersch/tmtools,Software,Protein structure & biophysics,Molecular structures and visualization,,https://pypi.org/pypi/tmtools/json;https://github.com/jvkersch/tmtools
github:jwohlwend/boltz,Research implementation,Protein structure & biophysics,Biomolecular interaction modeling,,https://github.com/jwohlwend/boltz
github:k-dense-ai/scientific-agent-skills,Agent instructions,General biology & multi-omics,Biological agent instructions,Cross-science collection retained for substantial original biological instructional content. Biological subset needs later inspection; repository stars cover the full collection.,https://github.com/K-Dense-AI/scientific-agent-skills/blob/main/README.md;https://github.com/K-Dense-AI/scientific-agent-skills
github:karel-brinda/samsift,Software,Sequence processing,Alignment files and sequencing formats,,https://raw.githubusercontent.com/bioconda/bioconda-recipes/254ba2d4bcda7fe6ed2baa586bac6c35885a4b10/recipes/samsift/meta.yaml
github:kblin/ncbi-genome-download,Software,Genome assembly & annotation,Genome reference access,,https://github.com/kblin/ncbi-genome-download
github:keiserlab/e3fp,Software,Cheminformatics & drug discovery,Molecular representations and descriptors,,https://pypi.org/pypi/e3fp/json;https://github.com/keiserlab/e3fp
github:kensho-technologies/sequence_align,Software,Sequence processing,Sequence similarity and alignment,General sequence-alignment implementation selected by the biological package screen. Biological sequence applicability is broader than a dedicated biological workflow; borderline inclusion.,https://pypi.org/pypi/sequence-align/json;https://github.com/kensho-technologies/sequence_align
github:kent-tokyo/chematic,Software,Cheminformatics & drug discovery,Molecular representations and descriptors,,https://pypi.org/pypi/chematic/json;https://github.com/kent-tokyo/chematic
github:kevinblighe/enhancedvolcano,Software,Gene expression,Bulk differential expression,,https://bioconductor.org/packages/3.23/bioc/html/EnhancedVolcano.html;https://github.com/kevinblighe/EnhancedVolcano
github:kevinblighe/pcatools,Software,Computing infrastructure,Statistics and visualization for biology,,https://bioconductor.org/packages/3.23/bioc/html/PCAtools.html
github:kexinhuang12345/deeppurpose,Software,Cheminformatics & drug discovery,Molecular property and interaction prediction,,https://github.com/kexinhuang12345/DeepPurpose
github:konstantint/pyliftover,Software,Genome assembly & annotation,Genomic intervals and coordinates,,https://pypi.org/pypi/pyliftover/json;https://github.com/konstantint/pyliftover
github:krishnaswamylab/scprep,Software,Single-cell & spatial omics,Single-cell preprocessing,,https://pypi.org/pypi/scprep/json;https://github.com/KrishnaswamyLab/scprep
github:kstreet13/slingshot,Software,Single-cell & spatial omics,Cell trajectories and differentiation,,https://bioconductor.org/packages/3.23/bioc/html/slingshot.html;https://github.com/kstreet13/slingshot
github:kyegomez/open-af3,Research implementation,Protein structure & biophysics,Protein models and design,Independent research implementation claiming AlphaFold3 architecture; no execution or scientific equivalence was validated.,https://github.com/kyegomez/Open-AF3
github:labsyspharm/scimap,Software,Single-cell & spatial omics,Single-cell analysis and annotation,,https://github.com/labsyspharm/scimap;https://pypi.org/pypi/scimap/json
github:laminlabs/bionty,Software,Systems biology & ontologies,Biological identifiers and ontologies,,https://pypi.org/pypi/bionty/json;https://github.com/laminlabs/bionty
github:laminlabs/lamindb,Infrastructure,Computing infrastructure,Scientific storage and I/O,,https://pypi.org/pypi/lamindb/json;https://pypi.org/pypi/lamindb-core/json;https://github.com/laminlabs/lamindb
github:lammps/lammps,Software,Protein structure & biophysics,Molecular simulation and trajectory analysis,Broad molecular/materials engine retained because official model documentation explicitly includes proteins and DNA; all repository stars cover the broader project.,https://github.com/lammps/lammps/blob/develop/README;https://pypi.org/pypi/lammps/json;https://github.com/lammps/lammps
github:lamortenera/bamsignals,Software,Gene regulation,Chromatin signal processing,,https://bioconductor.org/packages/3.23/bioc/html/bamsignals.html
github:latchbio/latch,Infrastructure,Computing infrastructure,Bioinformatics workflow platforms,,https://pypi.org/pypi/latch/json;https://github.com/latchbio/latch
github:lawremi/ggbio,Software,Genome assembly & annotation,Genome track visualization,,https://bioconductor.org/packages/3.23/bioc/html/ggbio.html
github:lbcb-sci/racon,Software,Genome assembly & annotation,Genome assembly,,https://raw.githubusercontent.com/bioconda/bioconda-recipes/254ba2d4bcda7fe6ed2baa586bac6c35885a4b10/recipes/racon/meta.yaml
github:lcolladotor/derfinder,Software,Gene expression,Bulk differential expression,,https://bioconductor.org/packages/3.23/bioc/html/derfinder.html
github:levitsky/pyteomics,Software,Proteomics,Mass spectrometry analysis,,https://pypi.org/pypi/pyteomics/json;https://github.com/levitsky/pyteomics
github:lgatto/msnbase,Software,Proteomics,Mass spectrometry analysis,,https://bioconductor.org/packages/3.23/bioc/html/MSnbase.html;https://github.com/lgatto/MSnbase
github:lgatto/proloc,Software,Proteomics,Protein localization analysis,,https://bioconductor.org/packages/3.23/bioc/html/pRoloc.html
github:lh3/bwa,Software,Sequence processing,Read and sequence alignment,,https://raw.githubusercontent.com/bioconda/bioconda-recipes/254ba2d4bcda7fe6ed2baa586bac6c35885a4b10/recipes/bwa/meta.yaml;https://github.com/lh3/bwa
github:lh3/minimap2,Software,Sequence processing,Read and sequence alignment,,https://raw.githubusercontent.com/bioconda/bioconda-recipes/254ba2d4bcda7fe6ed2baa586bac6c35885a4b10/recipes/minimap2/meta.yaml;https://pypi.org/pypi/mappy/json;https://github.com/lh3/minimap2
github:lh3/seqtk,Software,Sequence processing,Read processing and quality control,,https://raw.githubusercontent.com/bioconda/bioconda-recipes/254ba2d4bcda7fe6ed2baa586bac6c35885a4b10/recipes/seqtk/meta.yaml;https://github.com/lh3/seqtk
github:lh3/trimadap,Software,Sequence processing,Read processing and quality control,,https://raw.githubusercontent.com/bioconda/bioconda-recipes/254ba2d4bcda7fe6ed2baa586bac6c35885a4b10/recipes/trimadap/meta.yaml
github:libnano/primer3-py,Software,General biology & multi-omics,Experimental primer design,,https://pypi.org/pypi/primer3-py/json;https://github.com/libnano/primer3-py
github:libscran/rigraphlib,Infrastructure,Computing infrastructure,Parallel computing and package infrastructure,Generic graph library retained as dedicated Bioconductor/libscran ecosystem support; not a distinct biological analysis field.,https://bioconductor.org/packages/3.23/bioc/html/Rigraphlib.html
github:libscran/scrapper,Software,Single-cell & spatial omics,Single-cell analysis and annotation,,https://bioconductor.org/packages/3.23/bioc/html/scrapper.html
github:lieberinstitute/recount3,Software,Gene expression,Expression data access,,https://bioconductor.org/packages/3.23/bioc/html/recount3.html
github:liguowang/crossmap,Software,Genome assembly & annotation,Genomic intervals and coordinates,,https://github.com/liguowang/CrossMap;https://pypi.org/pypi/crossmap/json
github:linhandev/dataset,Resource index,Bioimaging,Medical imaging resources,,https://github.com/linhandev/dataset
github:linkml/prefixmaps,Software,Systems biology & ontologies,Biological identifiers and ontologies,"Cross-domain semantic utility retained for documented OBO, CHEBI and GEO identifier workflows. Borderline scope.",https://pypi.org/pypi/prefixmaps/json;https://github.com/linkml/prefixmaps
github:linnarsson-lab/loompy,Infrastructure,Single-cell & spatial omics,Single-cell containers and storage,,https://pypi.org/pypi/loompy/json;https://github.com/linnarsson-lab/loompy
github:lirongwu/awesome-protein-representation-learning,Resource index,Protein structure & biophysics,Protein modeling resources,,https://github.com/LirongWu/awesome-protein-representation-learning
github:lixiang117423/biopytools,Software,General biology & multi-omics,General biological analysis libraries,README describes a broad bioinformatics toolkit; repository description is blank. No candidate execution was performed.,https://github.com/lixiang117423/biopytools;https://pypi.org/pypi/biopytools/json
github:lmdu/pyfastx,Software,Sequence processing,Alignment files and sequencing formats,,https://raw.githubusercontent.com/bioconda/bioconda-recipes/254ba2d4bcda7fe6ed2baa586bac6c35885a4b10/recipes/pyfastx/meta.yaml;https://pypi.org/pypi/pyfastx/json;https://github.com/lmdu/pyfastx
github:lpdi-epfl/masif,Research implementation,Protein structure & biophysics,Protein models and design,,https://github.com/LPDI-EPFL/masif
github:ltla/assorthead,Infrastructure,Computing infrastructure,Parallel computing and package infrastructure,,https://bioconductor.org/packages/3.23/bioc/html/assorthead.html;https://github.com/LTLA/assorthead
github:ltla/basilisk,Infrastructure,Computing infrastructure,Parallel computing and package infrastructure,,https://bioconductor.org/packages/3.23/bioc/html/basilisk.html;https://github.com/LTLA/basilisk
github:ltla/biocmake,Infrastructure,Computing infrastructure,Parallel computing and package infrastructure,,https://bioconductor.org/packages/3.23/bioc/html/biocmake.html;https://github.com/LTLA/biocmake
github:ltla/biocsingular,Infrastructure,Computing infrastructure,Bioconductor containers and operations,,https://bioconductor.org/packages/3.23/bioc/html/BiocSingular.html;https://github.com/bioconda/bioconda-recipes/tree/254ba2d4bcda7fe6ed2baa586bac6c35885a4b10/recipes/bioconductor-biocsingular;https://github.com/LTLA/BiocSingular
github:ltla/metapod,Software,Gene expression,Bulk differential expression,,https://bioconductor.org/packages/3.23/bioc/html/metapod.html;https://github.com/LTLA/metapod
github:ltla/residualmatrix,Infrastructure,Computing infrastructure,Bioconductor containers and operations,,https://bioconductor.org/packages/3.23/bioc/html/ResidualMatrix.html;https://github.com/LTLA/ResidualMatrix
github:ltla/scaledmatrix,Infrastructure,Computing infrastructure,Bioconductor containers and operations,,https://bioconductor.org/packages/3.23/bioc/html/ScaledMatrix.html;https://github.com/bioconda/bioconda-recipes/tree/254ba2d4bcda7fe6ed2baa586bac6c35885a4b10/recipes/bioconductor-scaledmatrix;https://github.com/LTLA/ScaledMatrix
github:ltla/trajectoryutils,Software,Single-cell & spatial omics,Cell trajectories and differentiation,,https://bioconductor.org/packages/3.23/bioc/html/TrajectoryUtils.html;https://github.com/LTLA/TrajectoryUtils
github:lucasduclos/acoustooptictomography,Software,Bioimaging,Optical tomography,,https://pypi.org/pypi/aot-biomaps/json;https://github.com/LucasDuclos/AcoustoOpticTomography
github:lucidrains/alphafold3-pytorch,Research implementation,Protein structure & biophysics,Protein models and design,,https://github.com/lucidrains/alphafold3-pytorch
github:m3g/packmol,Software,Protein structure & biophysics,Molecular simulation and trajectory analysis,,https://pypi.org/pypi/packmol/json;https://github.com/m3g/packmol
github:maabuu/posebusters,Software,Cheminformatics & drug discovery,Molecular docking,,https://pypi.org/pypi/posebusters/json;https://github.com/maabuu/posebusters
github:macs3-project/macs,Software,Gene regulation,Chromatin signal processing,,https://raw.githubusercontent.com/bioconda/bioconda-recipes/254ba2d4bcda7fe6ed2baa586bac6c35885a4b10/recipes/macs2/meta.yaml;https://pypi.org/pypi/macs3/json;https://github.com/macs3-project/MACS
github:mapping-commons/sssom-py,Software,Systems biology & ontologies,Biological identifiers and ontologies,General ontology mapping format retained for documented phenotype-ontology mapping example. Borderline scope.,https://pypi.org/pypi/sssom/json;https://github.com/mapping-commons/sssom-py
github:marbl/mash,Software,Microbiome & metagenomics,Community profiling and diversity,,https://raw.githubusercontent.com/bioconda/bioconda-recipes/254ba2d4bcda7fe6ed2baa586bac6c35885a4b10/recipes/mash/meta.yaml;https://github.com/marbl/Mash
github:marcelm/cutadapt,Software,Sequence processing,Read processing and quality control,,https://raw.githubusercontent.com/bioconda/bioconda-recipes/254ba2d4bcda7fe6ed2baa586bac6c35885a4b10/recipes/cutadapt/meta.yaml;https://pypi.org/pypi/cutadapt/json;https://github.com/marcelm/cutadapt
github:marcelm/dnaio,Software,Sequence processing,Alignment files and sequencing formats,,https://raw.githubusercontent.com/bioconda/bioconda-recipes/254ba2d4bcda7fe6ed2baa586bac6c35885a4b10/recipes/dnaio/meta.yaml;https://pypi.org/pypi/dnaio/json;https://github.com/marcelm/dnaio
github:mareesat/gwa_tutorial,Tutorial/course,Genetic variation,Association and risk-score instruction,,https://github.com/MareesAT/GWA_tutorial
github:mariewelt/openchem,Software,Cheminformatics & drug discovery,Molecular design and generation,,https://github.com/Mariewelt/OpenChem
github:marionilab/milor,Software,Single-cell & spatial omics,Single-cell analysis and annotation,,https://bioconductor.org/packages/3.23/bioc/html/miloR.html
github:marionilab/scran,Software,Single-cell & spatial omics,Single-cell analysis and annotation,,https://bioconductor.org/packages/3.23/bioc/html/scran.html;https://github.com/MarioniLab/scran
github:marsilea-viz/marsilea,Software,Computing infrastructure,Statistics and visualization for biology,General composable plotting with documented single-cell and gene-expression examples; same treatment as ComplexHeatmap.,https://github.com/Marsilea-viz/marsilea/blob/main/README.md;https://pypi.org/pypi/marsilea/json;https://github.com/Marsilea-viz/marsilea
github:martinpacesa/bindcraft,Workflow,Protein structure & biophysics,Protein models and design,,https://github.com/martinpacesa/BindCraft
github:martinsos/edlib,Software,Sequence processing,Read and sequence alignment,,https://pypi.org/pypi/edlib/json;https://github.com/Martinsos/edlib
github:matchms/matchms,Software,Proteomics,Mass spectrometry analysis,,https://pypi.org/pypi/matchms/json;https://github.com/matchms/matchms
github:mateidavid/fast5,Software,Sequence processing,Alignment files and sequencing formats,,https://raw.githubusercontent.com/bioconda/bioconda-recipes/254ba2d4bcda7fe6ed2baa586bac6c35885a4b10/recipes/fast5/meta.yaml
github:matteolacki/isospec,Software,Metabolomics,Mass spectra and chemical composition,Cross-domain isotopic-distribution calculator; assigned metabolomics alongside mass-spectrum composition tools.,https://pypi.org/pypi/isospecpy/json
github:mattmacy/vnet.pytorch,Research implementation,Bioimaging,Medical image segmentation,,https://github.com/mattmacy/vnet.pytorch
github:maximilianh/cellbrowser,Software,Single-cell & spatial omics,Single-cell analysis and annotation,,https://raw.githubusercontent.com/bioconda/bioconda-recipes/254ba2d4bcda7fe6ed2baa586bac6c35885a4b10/recipes/ucsc-cell-browser/meta.yaml
github:mcs07/chemdataextractor,Software,Biomedical text & clinical data,Biomedical language processing,"Chemical literature extraction; primary biomedical-text group captures the activity, not exclusively biomedical scope.",https://github.com/mcs07/ChemDataExtractor;https://pypi.org/pypi/chemdataextractor/json
github:mcs07/pubchempy,Software,Cheminformatics & drug discovery,Molecular representations and descriptors,,https://pypi.org/pypi/pubchempy/json;https://github.com/mcs07/PubChemPy
github:mdanalysis/mdanalysis,Software,Protein structure & biophysics,Molecular simulation and trajectory analysis,,https://pypi.org/pypi/mdanalysis/json;https://github.com/MDAnalysis/mdanalysis
github:mdozmorov/scrna-seq_notes,Resource index,Single-cell & spatial omics,Single-cell analysis resources,,https://github.com/mdozmorov/scRNA-seq_notes
github:mdshw5/pyfaidx,Software,Sequence processing,Alignment files and sequencing formats,,https://raw.githubusercontent.com/bioconda/bioconda-recipes/254ba2d4bcda7fe6ed2baa586bac6c35885a4b10/recipes/pyfaidx/meta.yaml;https://pypi.org/pypi/pyfaidx/json;https://github.com/mdshw5/pyfaidx
github:mdtraj/mdtraj,Software,Protein structure & biophysics,Molecular simulation and trajectory analysis,,https://pypi.org/pypi/mdtraj/json;https://github.com/mdtraj/mdtraj
github:medical-event-data-standard/meds,Infrastructure,Biomedical text & clinical data,Medical data access and representation,,https://pypi.org/pypi/meds/json
github:medmnist/medmnist,Data resource,Bioimaging,Biomedical imaging datasets,,https://github.com/MedMNIST/MedMNIST
github:medspacy/quickumls,Software,Biomedical text & clinical data,Biomedical language processing,"Use the maintained medspacy/QuickUMLS fork named in the package description, not the stale upstream homepage.",https://github.com/medspacy/QuickUMLS/blob/master/README.md;https://pypi.org/pypi/medspacy-quickumls/json
github:metapub/metapub,Software,Biomedical text & clinical data,Biomedical literature access,,https://pypi.org/pypi/metapub/json
github:mfranberg/libplinkio,Software,Genetic variation,Variant formats and annotation,,https://pypi.org/pypi/plinkio/json;https://github.com/mfranberg/libplinkio
github:mic-dkfz/medicaldetectiontoolkit,Software,Bioimaging,Medical image detection and classification,,https://github.com/MIC-DKFZ/medicaldetectiontoolkit
github:mic-dkfz/nnunet,Software,Bioimaging,Biological and medical image analysis,,https://pypi.org/pypi/nnunetv2/json;https://github.com/MIC-DKFZ/nnUNet
github:microbiome/mia,Software,Microbiome & metagenomics,Community profiling and diversity,,https://bioconductor.org/packages/3.23/bioc/html/mia.html
github:microbiome/microbiome,Software,Microbiome & metagenomics,Community profiling and diversity,,https://bioconductor.org/packages/3.23/bioc/html/microbiome.html
github:microsoft/biodiversity,Resource index,Ecology & conservation,Wildlife monitoring and conservation resources,"Current README is a conservation-project hub linking to separately maintained detector, acoustic and wildlife repositories. Count as a resource index; downstream repositories are not added to this frozen ranking.",https://github.com/microsoft/Biodiversity/blob/main/README.md;https://github.com/microsoft/Biodiversity
github:microsoft/bioemu,Research implementation,Protein structure & biophysics,Protein models and design,,https://github.com/microsoft/bioemu
github:microsoft/biomedparse,Research implementation,Bioimaging,Medical image representations,,https://github.com/microsoft/BiomedParse
github:microsoft/evodiff,Research implementation,Protein structure & biophysics,Protein models and design,,https://github.com/microsoft/evodiff
github:microsoft/graphormer,Research implementation,Cheminformatics & drug discovery,Molecular property and interaction prediction,Broad molecular modeling retained for explicit drug-discovery scope; materials applications also present.,https://github.com/microsoft/Graphormer/blob/main/README.md;https://github.com/microsoft/Graphormer
github:mikolmogorov/flye,Software,Genome assembly & annotation,Genome assembly,,https://raw.githubusercontent.com/bioconda/bioconda-recipes/254ba2d4bcda7fe6ed2baa586bac6c35885a4b10/recipes/flye/meta.yaml
github:mims-harvard/primekg,Data resource,Biomedical text & clinical data,Biomedical knowledge graphs,,https://github.com/mims-harvard/PrimeKG
github:mims-harvard/tdc,Software,Cheminformatics & drug discovery,Molecular property and interaction prediction,,https://github.com/mims-harvard/TDC
github:mirditalab/colabfold-legacy-kernels,Infrastructure,Protein structure & biophysics,Biomolecular model computation,"Independent native CUDA implementations supporting ColabFold on older GPU architectures; infrastructure, not a second protein-model method.",https://pypi.org/pypi/colabfold-legacy-kernels/json;https://github.com/mirditalab/colabfold-legacy-kernels
github:mitk/mitk,Software,Bioimaging,Image processing and viewing,,https://github.com/MITK/MITK
github:mixomics-org/mixomics,Software,General biology & multi-omics,Multi-omics integration,,https://bioconductor.org/packages/3.23/bioc/html/mixOmics.html;https://github.com/mixOmics-org/mixOmics
github:mlcil/scikit-fingerprints,Software,Cheminformatics & drug discovery,Molecular representations and descriptors,,https://pypi.org/pypi/scikit-fingerprints/json;https://github.com/MLCIL/scikit-fingerprints
github:mlmed/torchxrayvision,Software,Bioimaging,Medical image detection and classification,,https://github.com/mlmed/torchxrayvision
github:mne-tools/mne-python,Software,Neuroscience & behavior,Neural recording and signal analysis,,https://pypi.org/pypi/mne/json;https://github.com/mne-tools/mne-python
github:modeci/mdf,Infrastructure,Neuroscience & behavior,Neural simulation,Cross-framework modeling specification with explicit computational-neuroscience and cognitive-science scope; also supports general ML.,https://pypi.org/pypi/modeci-mdf/json;https://github.com/ModECI/MDF
github:molecularai/aizynthfinder,Software,Cheminformatics & drug discovery,Retrosynthetic planning,"Cross-domain synthesis planning; retained in cheminformatics/drug discovery. A novel finer analysis activity, not a new organism or biology field.",https://github.com/MolecularAI/aizynthfinder/blob/master/README.md;https://github.com/MolecularAI/aizynthfinder
github:molecularai/reinvent4,Software,Cheminformatics & drug discovery,Molecular design and generation,,https://github.com/MolecularAI/REINVENT4
github:molecularsets/moses,Software,Cheminformatics & drug discovery,Molecular generation evaluation,,https://github.com/molecularsets/moses
github:molpopgen/fwdpy11,Software,Genetic variation,Ancestry and population simulation,,https://raw.githubusercontent.com/bioconda/bioconda-recipes/254ba2d4bcda7fe6ed2baa586bac6c35885a4b10/recipes/fwdpy11/meta.yaml;https://github.com/molpopgen/fwdpy11
github:molpopgen/libsequence,Software,Genetic variation,Ancestry and population simulation,,https://raw.githubusercontent.com/bioconda/bioconda-recipes/254ba2d4bcda7fe6ed2baa586bac6c35885a4b10/recipes/libsequence/meta.yaml
github:molstar/mol-view-spec,Software,Protein structure & biophysics,Molecular structures and visualization,,https://pypi.org/pypi/molviewspec/json;https://github.com/molstar/mol-view-spec
github:momentsld/moments,Software,Genetic variation,Ancestry and population simulation,,https://raw.githubusercontent.com/bioconda/bioconda-recipes/254ba2d4bcda7fe6ed2baa586bac6c35885a4b10/recipes/moments/meta.yaml
github:mordred-descriptor/mordred,Software,Cheminformatics & drug discovery,Molecular representations and descriptors,,https://pypi.org/pypi/mordred/json;https://github.com/mordred-descriptor/mordred
github:morgannprice/fasttree,Software,Phylogenetics & evolution,Phylogenetic inference,,https://raw.githubusercontent.com/bioconda/bioconda-recipes/254ba2d4bcda7fe6ed2baa586bac6c35885a4b10/recipes/fasttree/meta.yaml;https://github.com/morgannprice/fasttree
github:moshi4/pycirclize,Software,Genome assembly & annotation,Genome track visualization,,https://github.com/moshi4/pyCirclize
github:mothur/mothur,Software,Microbiome & metagenomics,Community profiling and diversity,,https://raw.githubusercontent.com/bioconda/bioconda-recipes/254ba2d4bcda7fe6ed2baa586bac6c35885a4b10/recipes/mothur/meta.yaml
github:mouseland/cellpose,Software,Bioimaging,Biological and medical image analysis,,https://pypi.org/pypi/cellpose/json;https://github.com/MouseLand/cellpose
github:mrgiovanni/modelsgenesis,Research implementation,Bioimaging,Medical image representations,,https://github.com/MrGiovanni/ModelsGenesis
github:mrgiovanni/unetplusplus,Research implementation,Bioimaging,Medical image segmentation,,https://github.com/MrGiovanni/UNetPlusPlus
github:mritchielab/glimmav2,Software,Gene expression,Expression visualization,,https://bioconductor.org/packages/3.23/bioc/html/Glimma.html
github:msdllcpapers/promb,Software,Protein structure & biophysics,Protein models and design,,https://pypi.org/pypi/promb/json;https://github.com/MSDLLCpapers/promb
github:mtmorgan/dirichletmultinomial,Software,Microbiome & metagenomics,Community profiling and diversity,,https://bioconductor.org/packages/3.23/bioc/html/DirichletMultinomial.html;https://github.com/bioconda/bioconda-recipes/tree/254ba2d4bcda7fe6ed2baa586bac6c35885a4b10/recipes/bioconductor-dirichletmultinomial;https://github.com/mtmorgan/DirichletMultinomial
github:multiqc/multiqc,Software,Sequence processing,Read processing and quality control,,https://raw.githubusercontent.com/bioconda/bioconda-recipes/254ba2d4bcda7fe6ed2baa586bac6c35885a4b10/recipes/multiqc/meta.yaml;https://github.com/MultiQC/MultiQC
github:nanoporetech/dorado,Software,Sequence processing,Nanopore basecalling,,https://github.com/nanoporetech/dorado
github:nanoporetech/medaka,Software,Genome assembly & annotation,Genome assembly,Both nanopore consensus polishing and variant calling; assembly/polishing is the primary label.,https://raw.githubusercontent.com/bioconda/bioconda-recipes/254ba2d4bcda7fe6ed2baa586bac6c35885a4b10/recipes/medaka/meta.yaml
github:nanoporetech/pod5-file-format,Software,Sequence processing,Alignment files and sequencing formats,,https://raw.githubusercontent.com/bioconda/bioconda-recipes/254ba2d4bcda7fe6ed2baa586bac6c35885a4b10/recipes/lib-pod5/meta.yaml;https://github.com/nanoporetech/pod5-file-format;https://pypi.org/pypi/lib-pod5/json
github:napari/napari,Software,Bioimaging,Biological and medical image analysis,,https://pypi.org/pypi/napari/json;https://github.com/napari/napari
github:napari/napari-plugin-engine,Infrastructure,Bioimaging,Image metadata and plugins,,https://pypi.org/pypi/napari-plugin-engine/json;https://github.com/napari/napari-plugin-engine
github:napari/napari-plugin-manager,Infrastructure,Bioimaging,Image metadata and plugins,,https://pypi.org/pypi/napari-plugin-manager/json;https://github.com/napari/napari-plugin-manager
github:natir/yacrd,Software,Sequence processing,Read processing and quality control,,https://raw.githubusercontent.com/bioconda/bioconda-recipes/254ba2d4bcda7fe6ed2baa586bac6c35885a4b10/recipes/yacrd/meta.yaml
github:naver/biobert-pretrained,Software,Biomedical text & clinical data,Biomedical language processing,,https://github.com/naver/biobert-pretrained
github:navis-org/skeletor,Software,Neuroscience & behavior,Neuroanatomy and connectomics,,https://github.com/navis-org/skeletor;https://pypi.org/pypi/skeletor/json
github:ncbi/amr,Software,Microbiome & metagenomics,Microbial typing and pathogen detection,,https://raw.githubusercontent.com/bioconda/bioconda-recipes/254ba2d4bcda7fe6ed2baa586bac6c35885a4b10/recipes/ncbi-amrfinderplus/meta.yaml
github:ncbi/ncbi-cxx-toolkit-public,Software,Sequence processing,Sequence similarity and alignment,,https://raw.githubusercontent.com/bioconda/bioconda-recipes/254ba2d4bcda7fe6ed2baa586bac6c35885a4b10/recipes/blast/meta.yaml;https://github.com/ncbi/ncbi-cxx-toolkit-public
github:ncbi/ncbi-vdb,Infrastructure,Sequence processing,Sequencing archive access,,https://raw.githubusercontent.com/bioconda/bioconda-recipes/254ba2d4bcda7fe6ed2baa586bac6c35885a4b10/recipes/ncbi-vdb/meta.yaml;https://github.com/ncbi/ncbi-vdb
github:ncbi/ngs,Software,Sequence processing,Alignment files and sequencing formats,,https://raw.githubusercontent.com/bioconda/bioconda-recipes/254ba2d4bcda7fe6ed2baa586bac6c35885a4b10/recipes/ncbi-ngs-sdk/meta.yaml
github:ncbi/sra-tools,Software,Sequence processing,Sequencing archive access,,https://raw.githubusercontent.com/bioconda/bioconda-recipes/254ba2d4bcda7fe6ed2baa586bac6c35885a4b10/recipes/sra-tools/meta.yaml;https://github.com/ncbi/sra-tools
github:ndexbio/ndex2-client,Software,Systems biology & ontologies,Biological networks and metabolism,,https://pypi.org/pypi/ndex2/json;https://github.com/ndexbio/ndex2-client
github:neherlab/treetime,Software,Phylogenetics & evolution,Phylogenetic inference,,https://pypi.org/pypi/phylo-treetime/json;https://github.com/neherlab/treetime
github:nengo/nengo,Software,Neuroscience & behavior,Neural simulation,Biologically motivated brain modeling and cognitive simulation; distinct from excluded general spiking-neural-network training frameworks.,https://github.com/nengo/nengo
github:neufeld/pandaseq,Software,Sequence processing,Read processing and quality control,,https://raw.githubusercontent.com/bioconda/bioconda-recipes/254ba2d4bcda7fe6ed2baa586bac6c35885a4b10/recipes/pandaseq/meta.yaml
github:neuralensemble/elephant,Software,Neuroscience & behavior,Neural recording and signal analysis,,https://pypi.org/pypi/elephant/json;https://github.com/NeuralEnsemble/elephant
github:neuralensemble/python-neo,Software,Neuroscience & behavior,Neural recording and signal analysis,,https://pypi.org/pypi/neo/json;https://github.com/NeuralEnsemble/python-neo
github:neurodatawithoutborders/pynwb,Software,Neuroscience & behavior,Neural recording and signal analysis,,https://pypi.org/pypi/pynwb/json;https://github.com/NeurodataWithoutBorders/pynwb
github:neuromatchacademy/course-content,Tutorial/course,Neuroscience & behavior,Neuroscience teaching and resources,,https://github.com/NeuromatchAcademy/course-content
github:neuropsychology/neurokit,Software,Neuroscience & behavior,Neural recording and signal analysis,,https://pypi.org/pypi/neurokit2/json;https://github.com/neuropsychology/NeuroKit
github:neurotechx/moabb,Software,Neuroscience & behavior,Brain-computer interface evaluation,,https://github.com/NeuroTechX/moabb
github:neurreps/awesome-neural-geometry,Resource index,Neuroscience & behavior,Neuroscience teaching and resources,Spans computational neuroscience and general representation geometry; substantial explicit neuroscience resources.,https://github.com/neurreps/awesome-neural-geometry/blob/main/README.md;https://github.com/neurreps/awesome-neural-geometry
github:nextflow-io/nextflow,Infrastructure,Computing infrastructure,Bioinformatics workflow platforms,,https://raw.githubusercontent.com/bioconda/bioconda-recipes/254ba2d4bcda7fe6ed2baa586bac6c35885a4b10/recipes/nextflow/meta.yaml;https://github.com/nextflow-io/nextflow
github:nextstrain/augur,Workflow,Phylogenetics & evolution,Pathogen evolution and surveillance,,https://raw.githubusercontent.com/bioconda/bioconda-recipes/254ba2d4bcda7fe6ed2baa586bac6c35885a4b10/recipes/augur/meta.yaml;https://github.com/nextstrain/augur
github:nextstrain/nextclade,Software,Phylogenetics & evolution,Pathogen evolution and surveillance,,https://raw.githubusercontent.com/bioconda/bioconda-recipes/254ba2d4bcda7fe6ed2baa586bac6c35885a4b10/recipes/nextclade/meta.yaml
github:nf-core/tools,Infrastructure,Computing infrastructure,Bioinformatics workflow platforms,,https://pypi.org/pypi/nf-core/json;https://github.com/nf-core/tools
github:nglviewer/ngl,Software,Protein structure & biophysics,Molecular structures and visualization,,https://github.com/nglviewer/ngl
github:nglviewer/nglview,Software,Protein structure & biophysics,Molecular structures and visualization,,https://pypi.org/pypi/nglview/json;https://github.com/nglviewer/nglview
github:niftk/niftynet,Software,Bioimaging,Biological and medical image analysis,,https://github.com/NifTK/NiftyNet
github:nilearn/nilearn,Software,Neuroscience & behavior,Neuroimaging,,https://pypi.org/pypi/nilearn/json;https://github.com/nilearn/nilearn
github:nipreps/fmriprep,Workflow,Neuroscience & behavior,Neuroimaging,,https://github.com/nipreps/fmriprep
github:nipreps/niworkflows,Infrastructure,Neuroscience & behavior,Neuroimaging,,https://pypi.org/pypi/niworkflows/json;https://github.com/nipreps/niworkflows
github:nipy/nibabel,Software,Neuroscience & behavior,Neuroimaging,,https://pypi.org/pypi/nibabel/json;https://github.com/nipy/nibabel
github:nipy/nipype,Workflow,Neuroscience & behavior,Neuroimaging,,https://pypi.org/pypi/nipype/json;https://github.com/nipy/nipype
github:nipy/nitime,Software,Neuroscience & behavior,Neural recording and signal analysis,,https://pypi.org/pypi/nitime/json;https://github.com/nipy/nitime
github:nipy/nitransforms,Infrastructure,Neuroscience & behavior,Neuroimaging,,https://pypi.org/pypi/nitransforms/json;https://github.com/nipy/nitransforms
github:nipype/pydra,Infrastructure,Computing infrastructure,Bioinformatics workflow platforms,,https://github.com/nipype/pydra;https://pypi.org/pypi/pydra/json
github:nitrain/nitrain,Software,Bioimaging,Biological and medical image analysis,,https://github.com/nitrain/nitrain
github:nroduit/weasis,Software,Bioimaging,Image processing and viewing,,https://github.com/nroduit/Weasis
github:nsalomonis/altanalyze,Software,Gene expression,Transcript and splicing analysis,,https://pypi.org/pypi/altanalyze/json
github:nvidia-bionemo/bionemo-recipes,Software,Cheminformatics & drug discovery,Molecular design and generation,,https://github.com/NVIDIA-BioNeMo/bionemo-recipes
github:nyukat/breast_cancer_classifier,Research implementation,Bioimaging,Medical image detection and classification,,https://github.com/nyukat/breast_cancer_classifier
github:ohif/viewers,Software,Bioimaging,Image processing and viewing,,https://github.com/OHIF/Viewers
github:ome/napari-omero,Software,Bioimaging,Image metadata and plugins,,https://pypi.org/pypi/napari-omero/json;https://github.com/ome/napari-omero
github:omicsml/awesome-deep-learning-single-cell-papers,Resource index,Single-cell & spatial omics,Single-cell analysis resources,,https://github.com/OmicsML/awesome-deep-learning-single-cell-papers
github:omicverse/omicverse,Software,General biology & multi-omics,Multi-omics integration,,https://github.com/omicverse/omicverse
github:oncologylab/fp-tools,Software,Gene regulation,Chromatin signal processing,,https://pypi.org/pypi/fp-tools-bio/json
github:open-science-tools/nd2reader,Software,Bioimaging,Image metadata and plugins,,https://pypi.org/pypi/nd2reader/json
github:open2c/bioframe,Software,Genome assembly & annotation,Genomic intervals and coordinates,,https://pypi.org/pypi/bioframe/json;https://github.com/open2c/bioframe
github:open2c/cooler,Software,Gene regulation,Chromosome conformation,,https://raw.githubusercontent.com/bioconda/bioconda-recipes/254ba2d4bcda7fe6ed2baa586bac6c35885a4b10/recipes/cooler/meta.yaml;https://pypi.org/pypi/cooler/json;https://github.com/open2c/cooler
github:open2c/cooltools,Software,Gene regulation,Chromosome conformation,,https://raw.githubusercontent.com/bioconda/bioconda-recipes/254ba2d4bcda7fe6ed2baa586bac6c35885a4b10/recipes/cooltools/meta.yaml;https://github.com/open2c/cooltools
github:openbabel/openbabel,Software,Cheminformatics & drug discovery,Molecular representations and descriptors,,https://pypi.org/pypi/openbabel-wheel/json;https://github.com/openbabel/openbabel
github:openbraininstitute/efel,Software,Neuroscience & behavior,Neural recording and signal analysis,,https://pypi.org/pypi/efel/json
github:openbraininstitute/morphio,Infrastructure,Neuroscience & behavior,Neuroanatomy and connectomics,,https://pypi.org/pypi/morphio/json
github:openchemistry/avogadrolibs,Software,Cheminformatics & drug discovery,Molecular modeling and visualization,Cross-domain molecular visualization with explicit molecular modeling and bioinformatics scope; also supports materials science.,https://github.com/OpenChemistry/avogadrolibs
github:opencobra/cobrapy,Software,Systems biology & ontologies,Biological networks and metabolism,,https://pypi.org/pypi/cobra/json;https://github.com/opencobra/cobrapy
github:opengene/fastp,Software,Sequence processing,Read processing and quality control,,https://raw.githubusercontent.com/bioconda/bioconda-recipes/254ba2d4bcda7fe6ed2baa586bac6c35885a4b10/recipes/fastp/meta.yaml;https://github.com/OpenGene/fastp
github:openmm/openmm,Software,Protein structure & biophysics,Molecular simulation and trajectory analysis,,https://github.com/openmm/openmm
github:openmm/openmmforcefields,Software,Protein structure & biophysics,Molecular simulation and trajectory analysis,,https://github.com/openmm/openmmforcefields;https://pypi.org/pypi/openmmforcefields/json
github:openms/openms,Software,Proteomics,Mass spectrometry analysis,,https://pypi.org/pypi/pyopenms/json;https://github.com/OpenMS/OpenMS
github:openneuro-py/openneuro-py,Software,Neuroscience & behavior,Neural data access,,https://pypi.org/pypi/openneuro-py/json;https://github.com/openneuro-py/openneuro-py
github:opensim-org/opensim-core,Software,Biomechanics & physiology,Musculoskeletal simulation,,https://github.com/opensim-org/opensim-core/blob/main/README.md;https://github.com/opensim-org/opensim-core
github:openslide/openslide-python,Software,Bioimaging,Biological and medical image analysis,,https://pypi.org/pypi/openslide-python/json;https://github.com/openslide/openslide-python
github:opentrons/opentrons,Software,General biology & multi-omics,Laboratory automation,,https://pypi.org/pypi/opentrons/json;https://github.com/Opentrons/opentrons
github:openvax/datacache,Infrastructure,Computing infrastructure,Scientific storage and I/O,"General caching utility retained as dedicated OpenVax/PyEnsembl ecosystem support; borderline, classified as infrastructure.",https://pypi.org/pypi/datacache/json;https://github.com/openvax/datacache
github:openvax/gtfparse,Software,Genome assembly & annotation,Gene prediction and genome annotation,,https://pypi.org/pypi/gtfparse/json;https://github.com/openvax/gtfparse
github:openvax/isovar,Software,Genetic variation,Variant formats and annotation,,https://pypi.org/pypi/isovar/json;https://github.com/openvax/isovar
github:openvax/mhcflurry,Software,Immunology,Antigen presentation and vaccine peptides,,https://pypi.org/pypi/mhcflurry/json;https://github.com/openvax/mhcflurry
github:openvax/mhctools,Software,Immunology,Antigen presentation and vaccine peptides,,https://pypi.org/pypi/mhctools/json;https://github.com/openvax/mhctools
github:openvax/pyensembl,Software,Genome assembly & annotation,Genome reference access,,https://pypi.org/pypi/pyensembl/json
github:openvax/topiary,Software,Immunology,Antigen presentation and vaccine peptides,,https://pypi.org/pypi/topiary/json;https://github.com/openvax/topiary
github:openvax/varcode,Software,Genetic variation,Variant formats and annotation,,https://pypi.org/pypi/varcode/json;https://github.com/openvax/varcode
github:openvax/vaxrank,Software,Immunology,Antigen presentation and vaccine peptides,,https://pypi.org/pypi/vaxrank/json;https://github.com/openvax/vaxrank
github:openwdl/wdl,Infrastructure,Computing infrastructure,Bioinformatics workflow platforms,,https://github.com/openwdl/wdl
github:openworm/openworm,Software,Neuroscience & behavior,Neural simulation,,https://github.com/openworm/OpenWorm
github:oschwengers/bakta,Software,Genome assembly & annotation,Gene prediction and genome annotation,,https://github.com/oschwengers/bakta
github:ossu/bioinformatics,Resource index,General biology & multi-omics,Biological teaching and discovery resources,,https://github.com/ossu/bioinformatics
github:oxpig/anarci,Software,Immunology,Immune receptor annotation,,https://raw.githubusercontent.com/bioconda/bioconda-recipes/254ba2d4bcda7fe6ed2baa586bac6c35885a4b10/recipes/anarci/meta.yaml
github:ozan-oktay/attention-gated-networks,Research implementation,Bioimaging,Medical image segmentation,,https://github.com/ozan-oktay/Attention-Gated-Networks
github:pachterlab/kallisto,Software,Gene expression,Expression quantification and transcript assembly,,https://raw.githubusercontent.com/bioconda/bioconda-recipes/254ba2d4bcda7fe6ed2baa586bac6c35885a4b10/recipes/kallisto/meta.yaml;https://github.com/pachterlab/kallisto
github:parmed/parmed,Software,Protein structure & biophysics,Molecular simulation and trajectory analysis,,https://github.com/ParmEd/ParmEd/blob/master/README.md;https://pypi.org/pypi/parmed/json
github:patwalters/practical_cheminformatics_tutorials,Tutorial/course,Cheminformatics & drug discovery,Cheminformatics instruction,,https://github.com/PatWalters/practical_cheminformatics_tutorials
github:pcingola/snpeff,Software,Genetic variation,Variant formats and annotation,,https://raw.githubusercontent.com/bioconda/bioconda-recipes/254ba2d4bcda7fe6ed2baa586bac6c35885a4b10/recipes/snpeff/meta.yaml;https://github.com/pcingola/SnpEff
github:pcingola/snpsift,Software,Genetic variation,Variant formats and annotation,,https://raw.githubusercontent.com/bioconda/bioconda-recipes/254ba2d4bcda7fe6ed2baa586bac6c35885a4b10/recipes/snpsift/meta.yaml
github:pdb-redo/libcifpp,Software,Protein structure & biophysics,Molecular structures and visualization,,https://raw.githubusercontent.com/bioconda/bioconda-recipes/254ba2d4bcda7fe6ed2baa586bac6c35885a4b10/recipes/libcifpp/meta.yaml;https://github.com/PDB-REDO/libcifpp
github:pdbeurope/ccdutils,Software,Protein structure & biophysics,Molecular structures and visualization,,https://pypi.org/pypi/pdbeccdutils/json;https://github.com/PDBeurope/ccdutils
github:pdimens/harpy,Workflow,Genetic variation,Variant calling and phasing,,https://raw.githubusercontent.com/bioconda/bioconda-recipes/254ba2d4bcda7fe6ed2baa586bac6c35885a4b10/recipes/harpy/meta.yaml;https://github.com/pdimens/harpy
github:peldom/papers_for_protein_design_using_dl,Resource index,Protein structure & biophysics,Protein modeling literature,,https://github.com/Peldom/papers_for_protein_design_using_DL
github:pepkit/pephubclient,Infrastructure,Computing infrastructure,Experiment metadata and data sharing,,https://pypi.org/pypi/pephubclient/json
github:perone/medicaltorch,Software,Bioimaging,Biological and medical image analysis,,https://github.com/perone/medicaltorch
github:petehaitch/delayedmatrixstats,Infrastructure,Computing infrastructure,Bioconductor containers and operations,,https://bioconductor.org/packages/3.23/bioc/html/DelayedMatrixStats.html;https://github.com/bioconda/bioconda-recipes/tree/254ba2d4bcda7fe6ed2baa586bac6c35885a4b10/recipes/bioconductor-delayedmatrixstats;https://github.com/PeteHaitch/DelayedMatrixStats
github:peterjc/thapbi-pict,Software,Microbiome & metagenomics,Microbial typing and pathogen detection,,https://raw.githubusercontent.com/bioconda/bioconda-recipes/254ba2d4bcda7fe6ed2baa586bac6c35885a4b10/recipes/thapbi-pict/meta.yaml
github:pezmaster31/bamtools,Software,Sequence processing,Alignment files and sequencing formats,,https://raw.githubusercontent.com/bioconda/bioconda-recipes/254ba2d4bcda7fe6ed2baa586bac6c35885a4b10/recipes/bamtools/meta.yaml;https://github.com/pezmaster31/bamtools
github:pharmai/plip,Software,Cheminformatics & drug discovery,Cheminformatics analysis,,https://github.com/pharmai/plip;https://pypi.org/pypi/plip/json
github:philres/ngmlr,Software,Sequence processing,Read and sequence alignment,,https://raw.githubusercontent.com/bioconda/bioconda-recipes/254ba2d4bcda7fe6ed2baa586bac6c35885a4b10/recipes/ngmlr/meta.yaml
github:pinellolab/crisprme,Software,General biology & multi-omics,Genome editing and off-target analysis,Genome-editing design is a new finer topic under the established broad general-biology group.,https://raw.githubusercontent.com/bioconda/bioconda-recipes/254ba2d4bcda7fe6ed2baa586bac6c35885a4b10/recipes/crisprme/meta.yaml;https://github.com/pinellolab/CRISPRme
github:pirl-unc/hitlist,Data resource,Immunology,Antigen presentation and vaccine peptides,,https://pypi.org/pypi/hitlist/json;https://github.com/pirl-unc/hitlist
github:pirl-unc/mhcgnomes,Software,Immunology,Immune receptor annotation,,https://pypi.org/pypi/mhcgnomes/json;https://github.com/pirl-unc/mhcgnomes
github:plger/scdblfinder,Software,Single-cell & spatial omics,Single-cell preprocessing,,https://bioconductor.org/packages/3.23/bioc/html/scDblFinder.html;https://github.com/plger/scDblFinder
github:poisonalien/maftools,Software,Genetic variation,Variant formats and annotation,,https://bioconductor.org/packages/3.23/bioc/html/maftools.html;https://github.com/PoisonAlien/maftools
github:powellgenomicslab/nebulosa,Software,Single-cell & spatial omics,Single-cell analysis and annotation,,https://bioconductor.org/packages/3.23/bioc/html/Nebulosa.html
github:prefixcommons/prefixcommons-py,Software,Systems biology & ontologies,Biological identifiers and ontologies,Identifier utility retained for documented Gene Ontology and biocontext usage.,https://pypi.org/pypi/prefixcommons/json;https://github.com/prefixcommons/prefixcommons-py
github:prihoda/abnumber,Software,Immunology,Immune receptor annotation,,https://raw.githubusercontent.com/bioconda/bioconda-recipes/254ba2d4bcda7fe6ed2baa586bac6c35885a4b10/recipes/abnumber/meta.yaml
github:primer3-org/primer3,Software,General biology & multi-omics,Experimental primer design,,https://raw.githubusercontent.com/bioconda/bioconda-recipes/254ba2d4bcda7fe6ed2baa586bac6c35885a4b10/recipes/primer3/meta.yaml;https://github.com/primer3-org/primer3
github:prody/prody,Software,Protein structure & biophysics,Molecular simulation and trajectory analysis,,https://pypi.org/pypi/prody/json;https://github.com/prody/ProDy
github:project-gemmi/gemmi,Software,Protein structure & biophysics,Molecular structures and visualization,,https://pypi.org/pypi/gemmi/json;https://github.com/project-gemmi/gemmi
github:project-monai/generativemodels,Software,Bioimaging,Medical image representations,,https://github.com/Project-MONAI/GenerativeModels
github:project-monai/monailabel,Software,Bioimaging,Image labeling and annotation,,https://github.com/Project-MONAI/MONAILabel
github:prophyle/prophyle,Software,Microbiome & metagenomics,Community profiling and diversity,,https://raw.githubusercontent.com/bioconda/bioconda-recipes/254ba2d4bcda7fe6ed2baa586bac6c35885a4b10/recipes/prophyle/meta.yaml;https://github.com/prophyle/prophyle
github:psychopy/psychopy,Software,Neuroscience & behavior,Behavior and experimental psychology,,https://github.com/psychopy/psychopy
github:pydna-group/pydna,Software,General biology & multi-omics,Synthetic biology and cloning,,https://pypi.org/pypi/pydna/json;https://github.com/pydna-group/pydna
github:pymmcore-plus/useq-schema,Infrastructure,Bioimaging,Image metadata and plugins,,https://pypi.org/pypi/useq-schema/json;https://github.com/pymmcore-plus/useq-schema
github:pymzml/pymzml,Software,Proteomics,Mass spectrometry analysis,,https://pypi.org/pypi/pymzml/json;https://github.com/pymzml/pymzML
github:pyranges/ncls,Software,Genome assembly & annotation,Genomic intervals and coordinates,General interval structure retained as an explicit PyRanges bioinformatics component; not counted as a new analysis subdomain.,https://pypi.org/pypi/ncls/json;https://github.com/pyranges/ncls
github:pyranges/pyranges0,Software,Genome assembly & annotation,Genomic intervals and coordinates,The package metadata resolves to pyranges/pyranges0; retain that identity rather than substituting a newer rewrite.,https://pypi.org/pypi/pyranges/json;https://github.com/pyranges/pyranges0
github:pyranges/sorted_nearest,Infrastructure,Genome assembly & annotation,Genomic intervals and coordinates,,https://raw.githubusercontent.com/bioconda/bioconda-recipes/254ba2d4bcda7fe6ed2baa586bac6c35885a4b10/recipes/sorted_nearest/meta.yaml;https://pypi.org/pypi/sorted-nearest/json;https://github.com/pyranges/sorted_nearest
github:pysam-developers/pysam,Software,Sequence processing,Alignment files and sequencing formats,,https://raw.githubusercontent.com/bioconda/bioconda-recipes/254ba2d4bcda7fe6ed2baa586bac6c35885a4b10/recipes/pysam/meta.yaml;https://pypi.org/pypi/pysam/json;https://github.com/pysam-developers/pysam
github:quantumjot/btrack,Software,Bioimaging,Biological and medical image analysis,,https://pypi.org/pypi/btrack/json;https://github.com/quantumjot/btrack
github:quinlan-lab/applied-computational-genomics,Tutorial/course,General biology & multi-omics,Biological teaching and discovery resources,,https://github.com/quinlan-lab/applied-computational-genomics
github:qupath/qupath,Software,Bioimaging,Image processing and viewing,,https://github.com/qupath/qupath
github:rafalab/affy,Software,Gene expression,Microarray processing and normalization,,https://bioconductor.org/packages/3.23/bioc/html/affy.html;https://github.com/rafalab/affy
github:rafalab/bumphunter,Software,Gene regulation,DNA methylation,,https://bioconductor.org/packages/3.23/bioc/html/bumphunter.html;https://github.com/rafalab/bumphunter
github:rcastelo/gsva,Software,Systems biology & ontologies,Pathway and gene-set analysis,,https://bioconductor.org/packages/3.23/bioc/html/GSVA.html;https://github.com/rcastelo/GSVA
github:rcavalcante/annotatr,Software,Genome assembly & annotation,Genomic intervals and coordinates,,https://bioconductor.org/packages/3.23/bioc/html/annotatr.html
github:rcedgar/muscle,Software,Sequence processing,Sequence similarity and alignment,,https://raw.githubusercontent.com/bioconda/bioconda-recipes/254ba2d4bcda7fe6ed2baa586bac6c35885a4b10/recipes/muscle/meta.yaml;https://github.com/rcedgar/muscle
github:rcsb/py-rcsb-api,Software,Protein structure & biophysics,Molecular structures and visualization,,https://pypi.org/pypi/rcsb-api/json;https://github.com/rcsb/py-rcsb-api
github:rdkit/rdkit,Software,Cheminformatics & drug discovery,Molecular representations and descriptors,,https://pypi.org/pypi/rdkit/json;https://pypi.org/pypi/rdkit-pypi/json;https://github.com/rdkit/rdkit
github:refgenie/refgenie,Software,Genome assembly & annotation,Genome reference access,,https://pypi.org/pypi/refgenie/json;https://github.com/refgenie/refgenie
github:rformassspectrometry/metabocoreutils,Software,Metabolomics,Metabolomics processing and statistics,,https://bioconductor.org/packages/3.23/bioc/html/MetaboCoreUtils.html;https://github.com/rformassspectrometry/MetaboCoreUtils
github:rformassspectrometry/mscoreutils,Infrastructure,Proteomics,Mass spectrometry interfaces,,https://bioconductor.org/packages/3.23/bioc/html/MsCoreUtils.html;https://github.com/rformassspectrometry/MsCoreUtils
github:rformassspectrometry/msexperiment,Infrastructure,Proteomics,Mass spectrometry interfaces,,https://bioconductor.org/packages/3.23/bioc/html/MsExperiment.html
github:rformassspectrometry/msfeatures,Software,Proteomics,Mass spectrometry analysis,,https://bioconductor.org/packages/3.23/bioc/html/MsFeatures.html
github:rformassspectrometry/protgenerics,Infrastructure,Proteomics,Mass spectrometry interfaces,,https://bioconductor.org/packages/3.23/bioc/html/ProtGenerics.html;https://github.com/rformassspectrometry/ProtGenerics
github:rformassspectrometry/psmatch,Software,Proteomics,Mass spectrometry analysis,,https://bioconductor.org/packages/3.23/bioc/html/PSMatch.html;https://github.com/rformassspectrometry/PSMatch
github:rformassspectrometry/qfeatures,Software,Proteomics,Mass spectrometry analysis,,https://bioconductor.org/packages/3.23/bioc/html/QFeatures.html;https://github.com/rformassspectrometry/QFeatures
github:rformassspectrometry/spectra,Infrastructure,Proteomics,Mass spectrometry interfaces,,https://bioconductor.org/packages/3.23/bioc/html/Spectra.html;https://github.com/rformassspectrometry/Spectra
github:rglab/cytoml,Infrastructure,General biology & multi-omics,Flow cytometry formats,,https://bioconductor.org/packages/3.23/bioc/html/CytoML.html
github:rglab/flowstats,Software,General biology & multi-omics,Flow cytometry analysis,,https://bioconductor.org/packages/3.23/bioc/html/flowStats.html
github:rglab/ggcyto,Software,General biology & multi-omics,Flow cytometry analysis,,https://bioconductor.org/packages/3.23/bioc/html/ggcyto.html
github:rglab/mast,Software,Single-cell & spatial omics,Single-cell analysis and annotation,,https://bioconductor.org/packages/3.23/bioc/html/MAST.html
github:richard-peng-xia/awesome-multimodal-in-medical-imaging,Resource index,Bioimaging,Medical imaging resources,,https://github.com/richard-peng-xia/awesome-multimodal-in-medical-imaging
github:rmaphoh/retfound,Research implementation,Bioimaging,Medical image representations,,https://github.com/rmaphoh/RETFound
github:rnabioco/escapepod-rs,Software,Sequence processing,Alignment files and sequencing formats,,https://pypi.org/pypi/escapepod/json;https://github.com/rnabioco/escapepod-rs
github:rordenlab/dcm2niix,Software,Neuroscience & behavior,Neuroimaging,,https://github.com/rordenlab/dcm2niix
github:rosettacommons/atomworks,Software,Protein structure & biophysics,Molecular simulation and trajectory analysis,,https://pypi.org/pypi/atomworks/json;https://github.com/RosettaCommons/atomworks
github:rpomponio/neuroharmonize,Software,Neuroscience & behavior,Neuroimaging,,https://pypi.org/pypi/neuroharmonize/json;https://github.com/rpomponio/neuroHarmonize
github:rrwick/bandage,Software,Genome assembly & annotation,Genome assembly,,https://github.com/rrwick/Bandage
github:rrwick/unicycler,Workflow,Genome assembly & annotation,Genome assembly,,https://raw.githubusercontent.com/bioconda/bioconda-recipes/254ba2d4bcda7fe6ed2baa586bac6c35885a4b10/recipes/unicycler/meta.yaml;https://github.com/rrwick/Unicycler
github:rust-bio/rust-bio,Software,General biology & multi-omics,General biological analysis libraries,,https://github.com/rust-bio/rust-bio
github:rust-bio/rust-bio-tools,Software,Sequence processing,Sequence manipulation,,https://raw.githubusercontent.com/bioconda/bioconda-recipes/254ba2d4bcda7fe6ed2baa586bac6c35885a4b10/recipes/rust-bio-tools/meta.yaml
github:ryanwangzf/medclip,Research implementation,Bioimaging,Medical image representations,,https://github.com/RyanWangZf/MedCLIP
github:s-andrews/fastqc,Software,Sequence processing,Read processing and quality control,,https://raw.githubusercontent.com/bioconda/bioconda-recipes/254ba2d4bcda7fe6ed2baa586bac6c35885a4b10/recipes/fastqc/meta.yaml;https://github.com/s-andrews/FastQC
github:saezlab/decoupler,Software,Systems biology & ontologies,Biological activity inference,,https://bioconductor.org/packages/3.23/bioc/html/decoupleR.html
github:saezlab/omnipath,Software,Systems biology & ontologies,Biological networks and metabolism,,https://pypi.org/pypi/omnipath/json;https://github.com/saezlab/omnipath
github:saezlab/omnipathr,Software,Systems biology & ontologies,Biological networks and metabolism,,https://bioconductor.org/packages/3.23/bioc/html/OmnipathR.html
github:saezlab/progeny,Software,Systems biology & ontologies,Biological activity inference,,https://bioconductor.org/packages/3.23/bioc/html/progeny.html
github:sage-bionetworks/synapsepythonclient,Infrastructure,Computing infrastructure,Experiment metadata and data sharing,,https://pypi.org/pypi/synapseclient/json;https://github.com/Sage-Bionetworks/synapsePythonClient
github:saigegit/saige,Software,Genetic variation,Association and population genetics,,https://raw.githubusercontent.com/bioconda/bioconda-recipes/254ba2d4bcda7fe6ed2baa586bac6c35885a4b10/recipes/r-saige/meta.yaml;https://github.com/saigegit/SAIGE
github:sales-lab/graphite,Software,Systems biology & ontologies,Pathway and gene-set analysis,,https://bioconductor.org/packages/3.23/bioc/html/graphite.html;https://github.com/sales-lab/graphite
github:salesforce/progen,Research implementation,Protein structure & biophysics,Protein models and design,,https://github.com/salesforce/progen
github:samtools/bcftools,Software,Genetic variation,Variant formats and annotation,,https://raw.githubusercontent.com/bioconda/bioconda-recipes/254ba2d4bcda7fe6ed2baa586bac6c35885a4b10/recipes/bcftools/meta.yaml;https://github.com/samtools/bcftools
github:samtools/htslib,Infrastructure,Sequence processing,Alignment files and sequencing formats,,https://raw.githubusercontent.com/bioconda/bioconda-recipes/254ba2d4bcda7fe6ed2baa586bac6c35885a4b10/recipes/htslib/meta.yaml;https://raw.githubusercontent.com/bioconda/bioconda-recipes/254ba2d4bcda7fe6ed2baa586bac6c35885a4b10/recipes/tabix/meta.yaml;https://github.com/samtools/htslib
github:samtools/samtools,Software,Sequence processing,Alignment files and sequencing formats,,https://raw.githubusercontent.com/bioconda/bioconda-recipes/254ba2d4bcda7fe6ed2baa586bac6c35885a4b10/recipes/samtools/meta.yaml;https://github.com/samtools/samtools
github:satijalab/seurat,Software,Single-cell & spatial omics,Single-cell analysis and annotation,,https://github.com/satijalab/seurat
github:sbg/sevenbridges-python,Infrastructure,Computing infrastructure,Bioinformatics workflow platforms,,https://raw.githubusercontent.com/bioconda/bioconda-recipes/254ba2d4bcda7fe6ed2baa586bac6c35885a4b10/recipes/sevenbridges-python/meta.yaml;https://github.com/sbg/sevenbridges-python
github:scalableminds/webknossos-libs,Infrastructure,Neuroscience & behavior,Neuroanatomy and connectomics,,https://pypi.org/pypi/webknossos/json;https://github.com/scalableminds/webknossos-libs
github:schrodinger/pymol-open-source,Software,Protein structure & biophysics,Molecular structures and visualization,,https://github.com/schrodinger/pymol-open-source
github:scikit-bio/scikit-bio,Software,General biology & multi-omics,General biological analysis libraries,,https://pypi.org/pypi/scikit-bio/json;https://github.com/scikit-bio/scikit-bio
github:scipipe/scipipe,Infrastructure,Computing infrastructure,Bioinformatics workflow platforms,,https://github.com/scipipe/scipipe
github:scorpiolea/aice,Research implementation,Protein structure & biophysics,Protein models and design,,https://github.com/ScorpioLea/AiCE
github:scverse/anndata,Infrastructure,Single-cell & spatial omics,Single-cell containers and storage,,https://pypi.org/pypi/anndata/json;https://github.com/scverse/anndata
github:scverse/anndatar,Infrastructure,Single-cell & spatial omics,Single-cell containers and storage,,https://bioconductor.org/packages/3.23/bioc/html/anndataR.html
github:scverse/decoupler,Software,Systems biology & ontologies,Biological activity inference,,https://pypi.org/pypi/decoupler/json;https://github.com/scverse/decoupler
github:scverse/gget,Software,Genome assembly & annotation,Genome reference access,,https://pypi.org/pypi/gget/json;https://github.com/scverse/gget
github:scverse/liana,Software,Single-cell & spatial omics,Cell-cell communication,,https://pypi.org/pypi/liana/json;https://github.com/scverse/liana
github:scverse/mudata,Infrastructure,Single-cell & spatial omics,Single-cell containers and storage,,https://pypi.org/pypi/mudata/json;https://github.com/scverse/mudata
github:scverse/muon,Software,Single-cell & spatial omics,Single-cell integration and representation,,https://pypi.org/pypi/muon/json;https://github.com/scverse/muon
github:scverse/pydeseq2,Software,Gene expression,Bulk differential expression,,https://github.com/scverse/PyDESeq2
github:scverse/scanpy,Software,Single-cell & spatial omics,Single-cell analysis and annotation,,https://pypi.org/pypi/scanpy/json;https://github.com/scverse/scanpy
github:scverse/scvi-tools,Software,Single-cell & spatial omics,Single-cell analysis and annotation,,https://pypi.org/pypi/scvi-tools/json;https://github.com/scverse/scvi-tools
github:scverse/squidpy,Software,Single-cell & spatial omics,Spatial expression analysis,,https://pypi.org/pypi/squidpy/json;https://github.com/scverse/squidpy
github:seandavi/awesome-single-cell,Resource index,Single-cell & spatial omics,Single-cell atlases and resource discovery,,https://github.com/seandavi/awesome-single-cell
github:seandavi/geoquery,Software,Gene expression,Expression data access,,https://bioconductor.org/packages/3.23/bioc/html/GEOquery.html;https://github.com/seandavi/GEOquery
github:seandavi/methylumi,Software,Gene regulation,DNA methylation,,https://bioconductor.org/packages/3.23/bioc/html/methylumi.html
github:sebriois/biomart,Software,General biology & multi-omics,Biological database access,,https://pypi.org/pypi/biomart/json;https://github.com/sebriois/biomart
github:seguid/seguid-python,Software,Sequence processing,Sequence manipulation,,https://pypi.org/pypi/seguid/json;https://github.com/seguid/seguid-python
github:seq-lang/seq,Infrastructure,Computing infrastructure,Parallel computing and package infrastructure,,https://github.com/seq-lang/seq
github:seung-lab/cloud-volume,Infrastructure,Neuroscience & behavior,Neuroanatomy and connectomics,,https://pypi.org/pypi/cloud-volume/json;https://github.com/seung-lab/cloud-volume
github:seung-lab/connected-components-3d,Software,Bioimaging,Biological and medical image analysis,README explicitly identifies densely labeled biomedical brain tissue as its originating use case.,https://github.com/seung-lab/connected-components-3d/blob/master/README.md;https://pypi.org/pypi/connected-components-3d/json;https://github.com/seung-lab/connected-components-3d
github:sfikas/medical-imaging-datasets,Resource index,Bioimaging,Medical imaging resources,,https://github.com/sfikas/medical-imaging-datasets
github:shenwei356/awesome,Resource index,General biology & multi-omics,Biological teaching and discovery resources,,https://github.com/shenwei356/awesome
github:shenwei356/seqkit,Software,Sequence processing,Read processing and quality control,,https://raw.githubusercontent.com/bioconda/bioconda-recipes/254ba2d4bcda7fe6ed2baa586bac6c35885a4b10/recipes/seqkit/meta.yaml;https://github.com/shenwei356/seqkit
github:sib-swiss/training-collection,Resource index,General biology & multi-omics,Biological teaching and discovery resources,,https://github.com/sib-swiss/training-collection
github:single-cell-data/tiledb-soma,Infrastructure,Single-cell & spatial omics,Single-cell containers and storage,,https://pypi.org/pypi/tiledbsoma/json;https://github.com/single-cell-data/TileDB-SOMA
github:singler-inc/singler,Software,Single-cell & spatial omics,Single-cell analysis and annotation,,https://bioconductor.org/packages/3.23/bioc/html/SingleR.html;https://github.com/SingleR-inc/SingleR
github:sjczheng/epidish,Software,Gene regulation,DNA methylation,,https://bioconductor.org/packages/3.23/bioc/html/EpiDISH.html
github:skyeav/tablassert,Software,Biomedical text & clinical data,Biomedical knowledge graphs,,https://pypi.org/pypi/tablassert/json;https://github.com/SkyeAv/Tablassert
github:slicer/slicer,Software,Bioimaging,Biological and medical image analysis,,https://github.com/Slicer/Slicer
github:slowkow/harmonypy,Software,Single-cell & spatial omics,Single-cell preprocessing,,https://pypi.org/pypi/harmonypy/json;https://github.com/slowkow/harmonypy
github:smart-on-fhir/client-py,Software,Biomedical text & clinical data,Clinical data integration,,https://pypi.org/pypi/fhirclient/json;https://github.com/smart-on-fhir/client-py
github:smgogarten/gwastools,Software,Genetic variation,Association and population genetics,,https://bioconductor.org/packages/3.23/bioc/html/GWASTools.html
github:smirarab/pasta,Software,Sequence processing,Sequence similarity and alignment,,https://raw.githubusercontent.com/bioconda/bioconda-recipes/254ba2d4bcda7fe6ed2baa586bac6c35885a4b10/recipes/pasta/meta.yaml
github:smirarab/sepp,Software,Phylogenetics & evolution,Phylogenetic inference,,https://raw.githubusercontent.com/bioconda/bioconda-recipes/254ba2d4bcda7fe6ed2baa586bac6c35885a4b10/recipes/sepp/meta.yaml;https://github.com/smirarab/sepp
github:snakemake/snakemake,Infrastructure,Computing infrastructure,Bioinformatics workflow platforms,,https://raw.githubusercontent.com/bioconda/bioconda-recipes/254ba2d4bcda7fe6ed2baa586bac6c35885a4b10/recipes/snakemake/meta.yaml;https://pypi.org/pypi/snakemake/json;https://github.com/snakemake/snakemake
github:snakemake/snakemake-interface-common,Infrastructure,Computing infrastructure,Bioinformatics workflow platforms,,https://raw.githubusercontent.com/bioconda/bioconda-recipes/254ba2d4bcda7fe6ed2baa586bac6c35885a4b10/recipes/snakemake-interface-common/meta.yaml;https://github.com/snakemake/snakemake-interface-common
github:snakemake/snakemake-interface-executor-plugins,Infrastructure,Computing infrastructure,Bioinformatics workflow platforms,,https://raw.githubusercontent.com/bioconda/bioconda-recipes/254ba2d4bcda7fe6ed2baa586bac6c35885a4b10/recipes/snakemake-interface-executor-plugins/meta.yaml;https://github.com/snakemake/snakemake-interface-executor-plugins
github:snakemake/snakemake-interface-logger-plugins,Infrastructure,Computing infrastructure,Bioinformatics workflow platforms,,https://raw.githubusercontent.com/bioconda/bioconda-recipes/254ba2d4bcda7fe6ed2baa586bac6c35885a4b10/recipes/snakemake-interface-logger-plugins/meta.yaml
github:snakemake/snakemake-interface-report-plugins,Infrastructure,Computing infrastructure,Bioinformatics workflow platforms,,https://raw.githubusercontent.com/bioconda/bioconda-recipes/254ba2d4bcda7fe6ed2baa586bac6c35885a4b10/recipes/snakemake-interface-report-plugins/meta.yaml;https://github.com/snakemake/snakemake-interface-report-plugins
github:snakemake/snakemake-interface-scheduler-plugins,Infrastructure,Computing infrastructure,Bioinformatics workflow platforms,,https://raw.githubusercontent.com/bioconda/bioconda-recipes/254ba2d4bcda7fe6ed2baa586bac6c35885a4b10/recipes/snakemake-interface-scheduler-plugins/meta.yaml
github:snakemake/snakemake-interface-storage-plugins,Infrastructure,Computing infrastructure,Bioinformatics workflow platforms,,https://raw.githubusercontent.com/bioconda/bioconda-recipes/254ba2d4bcda7fe6ed2baa586bac6c35885a4b10/recipes/snakemake-interface-storage-plugins/meta.yaml;https://github.com/snakemake/snakemake-interface-storage-plugins
github:snap-stanford/biomni,Software,General biology & multi-omics,Biomedical agent platform,,https://github.com/snap-stanford/Biomni
github:sneumann/mzr,Software,Proteomics,Mass spectrometry interfaces,,https://bioconductor.org/packages/3.23/bioc/html/mzR.html;https://github.com/sneumann/mzR
github:sneumann/rdisop,Software,Metabolomics,Mass spectra and chemical composition,,https://bioconductor.org/packages/3.23/bioc/html/Rdisop.html
github:sneumann/xcms,Software,Metabolomics,Metabolomics processing and statistics,,https://bioconductor.org/packages/3.23/bioc/html/xcms.html
github:soedinglab/hh-suite,Software,Protein structure & biophysics,Protein homology and domain annotation,,https://raw.githubusercontent.com/bioconda/bioconda-recipes/254ba2d4bcda7fe6ed2baa586bac6c35885a4b10/recipes/hhsuite/meta.yaml;https://github.com/soedinglab/hh-suite
github:soedinglab/mmseqs2,Software,Sequence processing,Sequence similarity and alignment,,https://raw.githubusercontent.com/bioconda/bioconda-recipes/254ba2d4bcda7fe6ed2baa586bac6c35885a4b10/recipes/mmseqs2/meta.yaml;https://github.com/soedinglab/MMseqs2
github:soft-matter/trackpy,Software,Bioimaging,Biological and medical image analysis,Broad particle-tracking tool retained in bioimaging; biological task examples still need inspection. Borderline scope.,https://github.com/soft-matter/trackpy/blob/master/README.md;https://pypi.org/pypi/trackpy/json;https://github.com/soft-matter/trackpy
github:sokrypton/colabdesign,Workflow,Protein structure & biophysics,Protein models and design,,https://github.com/sokrypton/ColabDesign
github:sokrypton/colabfold,Workflow,Protein structure & biophysics,Protein models and design,,https://github.com/sokrypton/ColabFold
github:somalogic/canopy,Software,Proteomics,Affinity proteomics data formats,,https://pypi.org/pypi/somadata/json;https://github.com/SomaLogic/Canopy
github:songlab-cal/tape,Software,Protein structure & biophysics,Structure modeling evaluation and data,,https://github.com/songlab-cal/tape
github:sortmerna/sortmerna,Software,Sequence processing,Read processing and quality control,,https://github.com/sortmerna/sortmerna
github:sourmash-bio/sourmash,Software,Microbiome & metagenomics,Community profiling and diversity,,https://raw.githubusercontent.com/bioconda/bioconda-recipes/254ba2d4bcda7fe6ed2baa586bac6c35885a4b10/recipes/sourmash/meta.yaml;https://pypi.org/pypi/sourmash/json;https://github.com/sourmash-bio/sourmash
github:souvikmajumder26/multi-agent-medical-assistant,Software,Biomedical text & clinical data,Biomedical agent platform,,https://github.com/souvikmajumder26/Multi-Agent-Medical-Assistant/blob/main/README.md;https://github.com/souvikmajumder26/Multi-Agent-Medical-Assistant
github:spacetx/starfish,Software,Single-cell & spatial omics,Spatial expression analysis,,https://pypi.org/pypi/starfish/json;https://github.com/spacetx/starfish
github:spikeinterface/spikeinterface,Software,Neuroscience & behavior,Neural recording and signal analysis,,https://github.com/SpikeInterface/spikeinterface
github:sqjin/cellchat,Software,Single-cell & spatial omics,Cell-cell communication,"Older CellChat source, distinct repository identity from jinworks/CellChat. Shared lineage means source diversity overstates independent method diversity.",https://github.com/sqjin/CellChat
github:ssandrews/smoldyn,Software,Systems biology & ontologies,Biochemical reaction and diffusion simulation,,https://pypi.org/pypi/smoldyn/json
github:stamatak/standard-raxml,Software,Phylogenetics & evolution,Phylogenetic inference,,https://raw.githubusercontent.com/bioconda/bioconda-recipes/254ba2d4bcda7fe6ed2baa586bac6c35885a4b10/recipes/raxml/meta.yaml;https://github.com/stamatak/standard-RAxML
github:star-fusion/star-fusion,Software,Genetic variation,Gene fusion detection,,https://raw.githubusercontent.com/bioconda/bioconda-recipes/254ba2d4bcda7fe6ed2baa586bac6c35885a4b10/recipes/star-fusion/meta.yaml;https://github.com/STAR-Fusion/STAR-Fusion
github:statomics/tradeseq,Software,Single-cell & spatial omics,Cell trajectories and differentiation,,https://bioconductor.org/packages/3.23/bioc/html/tradeSeq.html
github:steineggerlab/foldseek,Software,Protein structure & biophysics,Protein structure search,,https://raw.githubusercontent.com/bioconda/bioconda-recipes/254ba2d4bcda7fe6ed2baa586bac6c35885a4b10/recipes/foldseek/meta.yaml;https://github.com/steineggerlab/foldseek
github:stephenturner/oneliners,Tutorial/course,General biology & multi-omics,Biological teaching and discovery resources,,https://github.com/stephenturner/oneliners
github:storeylab/qvalue,Software,Computing infrastructure,Statistics and visualization for biology,,https://bioconductor.org/packages/3.23/bioc/html/qvalue.html;https://github.com/StoreyLab/qvalue
github:stuart-lab/signac,Software,Gene regulation,Chromatin signal processing,,https://raw.githubusercontent.com/bioconda/bioconda-recipes/254ba2d4bcda7fe6ed2baa586bac6c35885a4b10/recipes/r-signac/meta.yaml
github:suyashkumar/dicom,Infrastructure,Bioimaging,Image metadata and plugins,,https://github.com/suyashkumar/dicom
github:swansonk14/admet_ai,Software,Cheminformatics & drug discovery,Molecular property and interaction prediction,,https://pypi.org/pypi/admet-ai/json;https://github.com/swansonk14/admet_ai
github:swharden/pyabf,Software,Neuroscience & behavior,Neural recording and signal analysis,,https://pypi.org/pypi/pyabf/json;https://github.com/swharden/pyABF
github:swolock/scrublet,Software,Single-cell & spatial omics,Single-cell preprocessing,,https://pypi.org/pypi/scrublet/json;https://github.com/swolock/scrublet
github:tanghaibao/goatools,Software,Systems biology & ontologies,Pathway and gene-set analysis,,https://pypi.org/pypi/goatools/json;https://github.com/tanghaibao/goatools
github:tanghaibao/jcvi,Software,Genome assembly & annotation,Gene prediction and genome annotation,,https://raw.githubusercontent.com/bioconda/bioconda-recipes/254ba2d4bcda7fe6ed2baa586bac6c35885a4b10/recipes/jcvi/meta.yaml;https://github.com/tanghaibao/jcvi
github:taokz/biomedgpt,Research implementation,Bioimaging,Medical image representations,,https://github.com/taokz/BiomedGPT
github:tatami-inc/beachmat,Infrastructure,Computing infrastructure,Bioconductor containers and operations,,https://bioconductor.org/packages/3.23/bioc/html/beachmat.html;https://github.com/bioconda/bioconda-recipes/tree/254ba2d4bcda7fe6ed2baa586bac6c35885a4b10/recipes/bioconductor-beachmat;https://github.com/tatami-inc/beachmat
github:teichlab/celltypist,Software,Single-cell & spatial omics,Single-cell analysis and annotation,,https://pypi.org/pypi/celltypist/json;https://github.com/Teichlab/celltypist
github:templateflow/python-client,Software,Neuroscience & behavior,Neuroimaging,,https://pypi.org/pypi/templateflow/json;https://github.com/templateflow/python-client
github:tgirke/systempiper,Infrastructure,Computing infrastructure,Bioinformatics workflow platforms,,https://bioconductor.org/packages/3.23/bioc/html/systemPipeR.html
github:thackl/gggenomes,Software,Genome assembly & annotation,Genome track visualization,,https://github.com/thackl/gggenomes
github:theislab/destiny,Software,Single-cell & spatial omics,Cell trajectories and differentiation,,https://bioconductor.org/packages/3.23/bioc/html/destiny.html
github:theislab/scib,Software,Single-cell & spatial omics,Single-cell integration and representation,,https://github.com/theislab/scib;https://pypi.org/pypi/scib/json
github:theislab/scvelo,Software,Single-cell & spatial omics,Cell trajectories and differentiation,,https://github.com/theislab/scvelo;https://pypi.org/pypi/scvelo/json
github:theislab/single-cell-best-practices,Tutorial/course,Single-cell & spatial omics,Single-cell analysis instruction,,https://github.com/theislab/single-cell-best-practices
github:theislab/single-cell-tutorial,Tutorial/course,Single-cell & spatial omics,Single-cell analysis instruction,,https://github.com/theislab/single-cell-tutorial
github:theislab/zellkonverter,Infrastructure,Single-cell & spatial omics,Single-cell containers and storage,,https://bioconductor.org/packages/3.23/bioc/html/zellkonverter.html;https://github.com/theislab/zellkonverter
github:thelovelab/deseq2,Software,Gene expression,Bulk differential expression,,https://bioconductor.org/packages/3.23/bioc/html/DESeq2.html;https://github.com/bioconda/bioconda-recipes/tree/254ba2d4bcda7fe6ed2baa586bac6c35885a4b10/recipes/bioconductor-deseq2;https://github.com/thelovelab/DESeq2
github:thelovelab/tximeta,Software,Gene expression,Expression quantification and transcript assembly,,https://bioconductor.org/packages/3.23/bioc/html/tximeta.html
github:thelovelab/tximport,Software,Gene expression,Expression quantification and transcript assembly,,https://bioconductor.org/packages/3.23/bioc/html/tximport.html;https://github.com/bioconda/bioconda-recipes/tree/254ba2d4bcda7fe6ed2baa586bac6c35885a4b10/recipes/bioconductor-tximport;https://github.com/thelovelab/tximport
github:thetahealth/mirobody,Software,Biomedical text & clinical data,Clinical data integration,,https://github.com/thetahealth/mirobody
github:tidyomics/plyranges,Software,Genome assembly & annotation,Genomic intervals and coordinates,,https://bioconductor.org/packages/3.23/bioc/html/plyranges.html
github:timolassmann/kalign,Software,Sequence processing,Sequence similarity and alignment,,https://github.com/TimoLassmann/kalign/blob/main/README.md;https://raw.githubusercontent.com/bioconda/bioconda-recipes/254ba2d4bcda7fe6ed2baa586bac6c35885a4b10/recipes/kalign2/meta.yaml;https://github.com/TimoLassmann/kalign
github:tlambert03/ome-types,Infrastructure,Bioimaging,Image metadata and plugins,,https://pypi.org/pypi/ome-types/json;https://github.com/tlambert03/ome-types
github:tobetz/legomicroscope,Hardware project,Bioimaging,Microscopy hardware,Educational microscope construction project with build instructions; hardware is its main deliverable.,https://github.com/tobetz/LegoMicroscope
github:torchio-project/torchio,Software,Bioimaging,Image processing and viewing,,https://github.com/TorchIO-project/torchio
github:torchmd/torchmd,Software,Protein structure & biophysics,Molecular simulation and trajectory analysis,,https://github.com/torchmd/torchmd
github:torognes/vsearch,Software,Microbiome & metagenomics,Community profiling and diversity,,https://raw.githubusercontent.com/bioconda/bioconda-recipes/254ba2d4bcda7fe6ed2baa586bac6c35885a4b10/recipes/vsearch/meta.yaml;https://github.com/torognes/vsearch
github:transdecoder/transdecoder,Software,Genome assembly & annotation,Gene prediction and genome annotation,,https://raw.githubusercontent.com/bioconda/bioconda-recipes/254ba2d4bcda7fe6ed2baa586bac6c35885a4b10/recipes/transdecoder/meta.yaml
github:trinityrnaseq/trinityrnaseq,Software,Gene expression,Expression quantification and transcript assembly,,https://raw.githubusercontent.com/bioconda/bioconda-recipes/254ba2d4bcda7fe6ed2baa586bac6c35885a4b10/recipes/trinity/meta.yaml
github:tseemann/barrnap,Software,Genome assembly & annotation,Gene prediction and genome annotation,,https://raw.githubusercontent.com/bioconda/bioconda-recipes/254ba2d4bcda7fe6ed2baa586bac6c35885a4b10/recipes/barrnap/meta.yaml
github:tseemann/mlst,Software,Microbiome & metagenomics,Microbial typing and pathogen detection,,https://raw.githubusercontent.com/bioconda/bioconda-recipes/254ba2d4bcda7fe6ed2baa586bac6c35885a4b10/recipes/mlst/meta.yaml
github:tseemann/prokka,Software,Genome assembly & annotation,Gene prediction and genome annotation,,https://raw.githubusercontent.com/bioconda/bioconda-recipes/254ba2d4bcda7fe6ed2baa586bac6c35885a4b10/recipes/prokka/meta.yaml;https://github.com/tseemann/prokka
github:tskit-dev/msprime,Software,Genetic variation,Ancestry and population simulation,,https://pypi.org/pypi/msprime/json;https://github.com/tskit-dev/msprime
github:tskit-dev/tskit,Software,Genetic variation,Ancestry and population simulation,,https://pypi.org/pypi/tskit/json;https://github.com/tskit-dev/tskit
github:ubod/msa,Software,Sequence processing,Sequence similarity and alignment,,https://bioconductor.org/packages/3.23/bioc/html/msa.html
github:ucsc-lowelab/trnascan-se,Software,Genome assembly & annotation,Gene prediction and genome annotation,,https://raw.githubusercontent.com/bioconda/bioconda-recipes/254ba2d4bcda7fe6ed2baa586bac6c35885a4b10/recipes/trnascan-se/meta.yaml
github:ucscgenomebrowser/kent,Software,Genome assembly & annotation,Genomic intervals and coordinates,,https://raw.githubusercontent.com/bioconda/bioconda-recipes/254ba2d4bcda7fe6ed2baa586bac6c35885a4b10/recipes/ucsc-fatotwobit/meta.yaml;https://raw.githubusercontent.com/bioconda/bioconda-recipes/254ba2d4bcda7fe6ed2baa586bac6c35885a4b10/recipes/ucsc-bedgraphtobigwig/meta.yaml;https://github.com/ucscGenomeBrowser/kent
github:uni-medical/sam-med3d,Research implementation,Bioimaging,Medical image segmentation,,https://github.com/uni-medical/SAM-Med3D
github:usadellab/trimmomatic,Software,Sequence processing,Read processing and quality control,,https://raw.githubusercontent.com/bioconda/bioconda-recipes/254ba2d4bcda7fe6ed2baa586bac6c35885a4b10/recipes/trimmomatic/meta.yaml;https://github.com/usadellab/Trimmomatic
github:usda-ars-gbru/itsxpress,Software,Microbiome & metagenomics,Community profiling and diversity,,https://raw.githubusercontent.com/bioconda/bioconda-recipes/254ba2d4bcda7fe6ed2baa586bac6c35885a4b10/recipes/itsxpress/meta.yaml
github:uw-ipd/tmol,Software,Protein structure & biophysics,Protein models and design,,https://pypi.org/pypi/tmol/json;https://github.com/uw-ipd/tmol
github:uwpr/comet,Software,Proteomics,Mass spectrometry analysis,,https://raw.githubusercontent.com/bioconda/bioconda-recipes/254ba2d4bcda7fe6ed2baa586bac6c35885a4b10/recipes/comet-ms/meta.yaml
github:vandijklab/cell2sentence,Research implementation,Single-cell & spatial omics,Single-cell integration and representation,,https://github.com/vandijklab/cell2sentence
github:vanheeringen-lab/genomepy,Software,Genome assembly & annotation,Genome reference access,,https://pypi.org/pypi/genomepy/json;https://github.com/vanheeringen-lab/genomepy
github:varlociraptor/varlociraptor,Software,Genetic variation,Variant calling and phasing,,https://raw.githubusercontent.com/bioconda/bioconda-recipes/254ba2d4bcda7fe6ed2baa586bac6c35885a4b10/recipes/varlociraptor/meta.yaml
github:vcflib/vcflib,Software,Genetic variation,Variant formats and annotation,,https://raw.githubusercontent.com/bioconda/bioconda-recipes/254ba2d4bcda7fe6ed2baa586bac6c35885a4b10/recipes/vcflib/meta.yaml;https://github.com/vcflib/vcflib
github:vcftools/vcftools,Software,Genetic variation,Association and population genetics,,https://raw.githubusercontent.com/bioconda/bioconda-recipes/254ba2d4bcda7fe6ed2baa586bac6c35885a4b10/recipes/vcftools/meta.yaml;https://github.com/vcftools/vcftools
github:veg/hyphy,Software,Phylogenetics & evolution,Phylogenetic inference,,https://raw.githubusercontent.com/bioconda/bioconda-recipes/254ba2d4bcda7fe6ed2baa586bac6c35885a4b10/recipes/hyphy/meta.yaml;https://github.com/veg/hyphy
github:velocyto-team/velocyto.py,Software,Single-cell & spatial omics,Cell trajectories and differentiation,,https://pypi.org/pypi/velocyto/json;https://github.com/velocyto-team/velocyto.py
github:vgteam/vg,Software,Genetic variation,Pangenome graphs,,https://github.com/vgteam/vg
github:viennarna/viennarna,Software,RNA structure,RNA folding,,https://raw.githubusercontent.com/bioconda/bioconda-recipes/254ba2d4bcda7fe6ed2baa586bac6c35885a4b10/recipes/viennarna/meta.yaml;https://pypi.org/pypi/viennarna/json;https://github.com/ViennaRNA/ViennaRNA
github:virus-evolution/gofasta,Software,Phylogenetics & evolution,Pathogen evolution and surveillance,,https://raw.githubusercontent.com/bioconda/bioconda-recipes/254ba2d4bcda7fe6ed2baa586bac6c35885a4b10/recipes/gofasta/meta.yaml
github:vjcitn/roc,Software,Computing infrastructure,Statistics and visualization for biology,,https://bioconductor.org/packages/3.23/bioc/html/ROC.html
github:voutcn/megahit,Software,Genome assembly & annotation,Genome assembly,,https://raw.githubusercontent.com/bioconda/bioconda-recipes/254ba2d4bcda7fe6ed2baa586bac6c35885a4b10/recipes/megahit/meta.yaml;https://github.com/voutcn/megahit
github:vsbuffalo/bds-files,Tutorial/course,General biology & multi-omics,Biological teaching and discovery resources,,https://github.com/vsbuffalo/bds-files
github:waldronlab/multiassayexperiment,Infrastructure,General biology & multi-omics,Multi-omics integration,,https://bioconductor.org/packages/3.23/bioc/html/MultiAssayExperiment.html;https://github.com/waldronlab/MultiAssayExperiment
github:waldronlab/tcgautils,Software,General biology & multi-omics,Biological database access,,https://bioconductor.org/packages/3.23/bioc/html/TCGAutils.html
github:wallnerlab/dockq,Software,Protein structure & biophysics,Structure modeling evaluation and data,,https://pypi.org/pypi/dockq/json;https://github.com/wallnerlab/DockQ
github:wdecoster/nanoget,Software,Sequence processing,Alignment files and sequencing formats,,https://raw.githubusercontent.com/bioconda/bioconda-recipes/254ba2d4bcda7fe6ed2baa586bac6c35885a4b10/recipes/nanoget/meta.yaml;https://github.com/wdecoster/nanoget
github:wdecoster/nanoplot,Software,Sequence processing,Read processing and quality control,,https://raw.githubusercontent.com/bioconda/bioconda-recipes/254ba2d4bcda7fe6ed2baa586bac6c35885a4b10/recipes/nanoplot/meta.yaml;https://github.com/wdecoster/NanoPlot
github:weecology/deepforest,Software,Ecology & conservation,Ecological image analysis,Ecological imagery of tree crowns and birds; primary group is ecology rather than the cross-cutting bioimaging group.,https://github.com/weecology/DeepForest
github:weizhongli/cdhit,Software,Sequence processing,Sequence similarity and alignment,,https://raw.githubusercontent.com/bioconda/bioconda-recipes/254ba2d4bcda7fe6ed2baa586bac6c35885a4b10/recipes/cd-hit/meta.yaml
github:whatshap/whatshap,Software,Genetic variation,Variant calling and phasing,,https://raw.githubusercontent.com/bioconda/bioconda-recipes/254ba2d4bcda7fe6ed2baa586bac6c35885a4b10/recipes/whatshap/meta.yaml;https://github.com/whatshap/whatshap
github:whitews/flowio,Software,General biology & multi-omics,Flow cytometry formats,Flow cytometry is a separate manual topic within the broad general-biology primary domain.,https://pypi.org/pypi/flowio/json;https://github.com/whitews/FlowIO
github:whitews/flowutils,Software,General biology & multi-omics,Flow cytometry analysis,,https://github.com/whitews/FlowUtils;https://pypi.org/pypi/flowutils/json
github:xiaoqi-zhao-dlut/msnet-m2snet,Research implementation,Bioimaging,Medical image segmentation,,https://github.com/Xiaoqi-Zhao-DLUT/MSNet-M2SNet
github:xinario/awesome-gan-for-medical-imaging,Resource index,Bioimaging,Medical imaging resources,,https://github.com/xinario/awesome-gan-for-medical-imaging
github:yangkky/machine-learning-for-proteins,Resource index,Protein structure & biophysics,Protein modeling literature,,https://github.com/yangkky/Machine-learning-for-proteins
github:yatisht/usher,Software,Phylogenetics & evolution,Pathogen evolution and surveillance,,https://raw.githubusercontent.com/bioconda/bioconda-recipes/254ba2d4bcda7fe6ed2baa586bac6c35885a4b10/recipes/usher/meta.yaml
github:yichizhang98/sam4mis,Resource index,Bioimaging,Medical imaging resources,,https://github.com/YichiZhang98/SAM4MIS
github:yuanyueli/msentropy,Software,Metabolomics,Mass spectra and chemical composition,,https://github.com/YuanyueLi/MSEntropy;https://pypi.org/pypi/ms-entropy/json
github:yulab-smu/chipseeker,Software,Gene regulation,Chromatin signal processing,,https://bioconductor.org/packages/3.23/bioc/html/ChIPseeker.html
github:yulab-smu/clusterprofiler,Software,Systems biology & ontologies,Pathway and gene-set analysis,,https://bioconductor.org/packages/3.23/bioc/html/clusterProfiler.html;https://github.com/YuLab-SMU/clusterProfiler
github:yulab-smu/dose,Software,Systems biology & ontologies,Biological identifiers and ontologies,,https://bioconductor.org/packages/3.23/bioc/html/DOSE.html;https://github.com/YuLab-SMU/DOSE
github:yulab-smu/enrichplot,Software,Systems biology & ontologies,Pathway and gene-set analysis,,https://bioconductor.org/packages/3.23/bioc/html/enrichplot.html;https://github.com/YuLab-SMU/enrichplot
github:yulab-smu/ggtree,Software,Phylogenetics & evolution,Phylogenetic trees and visualization,,https://bioconductor.org/packages/3.23/bioc/html/ggtree.html;https://github.com/YuLab-SMU/ggtree
github:yulab-smu/ggtreeextra,Software,Phylogenetics & evolution,Phylogenetic trees and visualization,,https://bioconductor.org/packages/3.23/bioc/html/ggtreeExtra.html
github:yulab-smu/gosemsim,Software,Systems biology & ontologies,Biological identifiers and ontologies,,https://bioconductor.org/packages/3.23/bioc/html/GOSemSim.html;https://github.com/YuLab-SMU/GOSemSim
github:yulab-smu/reactomepa,Software,Systems biology & ontologies,Pathway and gene-set analysis,,https://bioconductor.org/packages/3.23/bioc/html/ReactomePA.html;https://github.com/YuLab-SMU/ReactomePA
github:yulab-smu/treeio,Software,Phylogenetics & evolution,Phylogenetic trees and visualization,,https://bioconductor.org/packages/3.23/bioc/html/treeio.html;https://github.com/YuLab-SMU/treeio
github:zaeleus/noodles,Software,Sequence processing,Alignment files and sequencing formats,,https://github.com/zaeleus/noodles
github:zeehio/massspecwavelet,Software,Proteomics,Mass spectrometry analysis,,https://bioconductor.org/packages/3.23/bioc/html/MassSpecWavelet.html
github:zengflab/sure,Research implementation,Single-cell & spatial omics,Single-cell analysis and annotation,,https://pypi.org/pypi/sure-tools/json;https://github.com/ZengFLab/SURE
github:zhanghao-njmu/scp,Workflow,Single-cell & spatial omics,Single-cell analysis and annotation,,https://github.com/zhanghao-njmu/SCP
github:zhengxwen/gdsfmt,Infrastructure,Computing infrastructure,Scientific storage and I/O,,https://bioconductor.org/packages/3.23/bioc/html/gdsfmt.html
github:zhengxwen/seqarray,Software,Genetic variation,Variant formats and annotation,,https://bioconductor.org/packages/3.23/bioc/html/SeqArray.html
github:zhengxwen/snprelate,Software,Genetic variation,Association and population genetics,,https://bioconductor.org/packages/3.23/bioc/html/SNPRelate.html
github:zqfang/gseapy,Software,Systems biology & ontologies,Pathway and gene-set analysis,,https://pypi.org/pypi/gseapy/json;https://github.com/zqfang/GSEApy
github:zwdzwd/sesame,Software,Gene regulation,DNA methylation,,https://bioconductor.org/packages/3.23/bioc/html/sesame.html
http://circos.ca/distribution/circos-0.69-9.tgz,Software,Genome assembly & annotation,Genome track visualization,,https://raw.githubusercontent.com/bioconda/bioconda-recipes/254ba2d4bcda7fe6ed2baa586bac6c35885a4b10/recipes/circos/meta.yaml
http://cpan.metacpan.org/authors/id/c/cj/cjfields/bio-featureio-1.6.905.tar.gz,Software,Genome assembly & annotation,Genomic intervals and coordinates,,https://raw.githubusercontent.com/bioconda/bioconda-recipes/254ba2d4bcda7fe6ed2baa586bac6c35885a4b10/recipes/perl-bio-featureio/meta.yaml
http://research-pub.gene.com/gmap/src/gmap-gsnap-2025-07-31.tar.gz,Software,Sequence processing,Read and sequence alignment,,https://raw.githubusercontent.com/bioconda/bioconda-recipes/254ba2d4bcda7fe6ed2baa586bac6c35885a4b10/recipes/gmap/meta.yaml
http://www.ansikte.se/aragorn/downloads/aragorn1.2.41.c,Software,Genome assembly & annotation,Gene prediction and genome annotation,,https://raw.githubusercontent.com/bioconda/bioconda-recipes/254ba2d4bcda7fe6ed2baa586bac6c35885a4b10/recipes/aragorn/meta.yaml
http://www.bioinf.uni-leipzig.de/software/segemehl/downloads/segemehl-0.3.4.tar.gz,Software,Sequence processing,Read and sequence alignment,,https://raw.githubusercontent.com/bioconda/bioconda-recipes/254ba2d4bcda7fe6ed2baa586bac6c35885a4b10/recipes/segemehl/meta.yaml
http://www.clustal.org/omega/clustal-omega-1.2.4.tar.gz,Software,Sequence processing,Sequence similarity and alignment,,https://raw.githubusercontent.com/bioconda/bioconda-recipes/254ba2d4bcda7fe6ed2baa586bac6c35885a4b10/recipes/clustalo/meta.yaml
https://bitbucket.org/genomicepidemiology/kma,Software,Sequence processing,Read and sequence alignment,,https://raw.githubusercontent.com/bioconda/bioconda-recipes/254ba2d4bcda7fe6ed2baa586bac6c35885a4b10/recipes/kma/meta.yaml
https://bitbucket.org/kokonech/qualimap,Software,Sequence processing,Read processing and quality control,,https://raw.githubusercontent.com/bioconda/bioconda-recipes/254ba2d4bcda7fe6ed2baa586bac6c35885a4b10/recipes/qualimap/meta.yaml
https://catchenlab.life.illinois.edu/stacks/source/stacks-2.68.tar.gz,Software,Genetic variation,Association and population genetics,,https://raw.githubusercontent.com/bioconda/bioconda-recipes/254ba2d4bcda7fe6ed2baa586bac6c35885a4b10/recipes/stacks/meta.yaml
https://ccb.jhu.edu/software/glimmerhmm/dl/glimmerhmm-3.0.4.tar.gz,Software,Genome assembly & annotation,Gene prediction and genome annotation,,https://raw.githubusercontent.com/bioconda/bioconda-recipes/254ba2d4bcda7fe6ed2baa586bac6c35885a4b10/recipes/glimmerhmm/meta.yaml
https://cpan.metacpan.org/authors/id/c/cd/cdraug/bio-tools-phylo-paml-1.7.3.tar.gz,Software,Phylogenetics & evolution,Phylogenetic inference,,https://raw.githubusercontent.com/bioconda/bioconda-recipes/254ba2d4bcda7fe6ed2baa586bac6c35885a4b10/recipes/perl-bio-tools-phylo-paml/meta.yaml
https://cpan.metacpan.org/authors/id/c/cd/cdraug/bio-tools-run-alignment-clustalw-1.7.4.tar.gz,Software,Sequence processing,Sequence similarity and alignment,,https://raw.githubusercontent.com/bioconda/bioconda-recipes/254ba2d4bcda7fe6ed2baa586bac6c35885a4b10/recipes/perl-bio-tools-run-alignment-clustalw/meta.yaml
https://cpan.metacpan.org/authors/id/c/cd/cdraug/bio-tools-run-alignment-tcoffee-1.7.4.tar.gz,Software,Sequence processing,Sequence similarity and alignment,,https://raw.githubusercontent.com/bioconda/bioconda-recipes/254ba2d4bcda7fe6ed2baa586bac6c35885a4b10/recipes/perl-bio-tools-run-alignment-tcoffee/meta.yaml
https://cpan.metacpan.org/authors/id/c/cj/cjfields/bio-asn1-entrezgene-1.73.tar.gz,Software,General biology & multi-omics,Biological database access,,https://raw.githubusercontent.com/bioconda/bioconda-recipes/254ba2d4bcda7fe6ed2baa586bac6c35885a4b10/recipes/perl-bio-asn1-entrezgene/meta.yaml
https://cpan.metacpan.org/authors/id/c/cj/cjfields/bio-coordinate-1.007001.tar.gz,Software,Genome assembly & annotation,Genomic intervals and coordinates,,https://raw.githubusercontent.com/bioconda/bioconda-recipes/254ba2d4bcda7fe6ed2baa586bac6c35885a4b10/recipes/perl-bio-coordinate/meta.yaml
https://cpan.metacpan.org/authors/id/c/cj/cjfields/bio-searchio-hmmer-1.7.3.tar.gz,Software,Protein structure & biophysics,Protein homology and domain annotation,,https://raw.githubusercontent.com/bioconda/bioconda-recipes/254ba2d4bcda7fe6ed2baa586bac6c35885a4b10/recipes/perl-bio-searchio-hmmer/meta.yaml
https://cpan.metacpan.org/authors/id/c/cj/cjfields/bioperl-1.7.8.tar.gz,Software,General biology & multi-omics,General biological analysis libraries,"Collapse the BioPerl metapackage and BioPerl core package to the pinned official BioPerl source distribution; maximum counter, not sum.",https://raw.githubusercontent.com/bioconda/bioconda-recipes/254ba2d4bcda7fe6ed2baa586bac6c35885a4b10/recipes/perl-bioperl/meta.yaml;https://raw.githubusercontent.com/bioconda/bioconda-recipes/254ba2d4bcda7fe6ed2baa586bac6c35885a4b10/recipes/perl-bioperl-core/meta.yaml
https://cpan.metacpan.org/authors/id/c/cj/cjfields/bioperl-run-1.007003.tar.gz,Software,General biology & multi-omics,General biological analysis libraries,,https://raw.githubusercontent.com/bioconda/bioconda-recipes/254ba2d4bcda7fe6ed2baa586bac6c35885a4b10/recipes/perl-bioperl-run/meta.yaml
https://cpan.metacpan.org/authors/id/l/ld/lds/bio-samtools-1.43.tar.gz,Software,Sequence processing,Alignment files and sequencing formats,,https://raw.githubusercontent.com/bioconda/bioconda-recipes/254ba2d4bcda7fe6ed2baa586bac6c35885a4b10/recipes/perl-bio-samtools/meta.yaml
https://depot.galaxyproject.org/software/abundancebin/abundancebin_1.0.1_src_all.tar.gz,Software,Microbiome & metagenomics,Community profiling and diversity,,https://raw.githubusercontent.com/bioconda/bioconda-recipes/254ba2d4bcda7fe6ed2baa586bac6c35885a4b10/recipes/abundancebin/meta.yaml
https://depot.galaxyproject.org/software/emboss/emboss_6.6.0_src_all.tar.gz,Software,General biology & multi-omics,General biological analysis libraries,Versioned Galaxy source mirror; official FTP source named in the pinned recipe. Mirror returned HTTP 200 to HEAD; archive contents were not downloaded or checksum-compared.,https://raw.githubusercontent.com/bioconda/bioconda-recipes/254ba2d4bcda7fe6ed2baa586bac6c35885a4b10/recipes/emboss/meta.yaml
https://downloads.sourceforge.net/project/poamsa/poamsa/2.0/poav2.tar.gz,Software,Sequence processing,Sequence similarity and alignment,,https://raw.githubusercontent.com/bioconda/bioconda-recipes/254ba2d4bcda7fe6ed2baa586bac6c35885a4b10/recipes/poa/meta.yaml
https://downloads.sourceforge.net/project/subread/subread-2.1.1/subread-2.1.1-source.tar.gz,Software,Sequence processing,Read and sequence alignment,,https://raw.githubusercontent.com/bioconda/bioconda-recipes/254ba2d4bcda7fe6ed2baa586bac6c35885a4b10/recipes/subread/meta.yaml
https://files.pythonhosted.org/packages/18/9a/d93f18f0752a6a2ccb5ea32bd37f11aede844a6cf33c03e3c18e4aebf3b9/sccoord-1.6.100.tar.gz,Software,Single-cell & spatial omics,Single-cell analysis and annotation,Current PyPI GitHub link did not resolve; retain the official PyPI source archive and package description. Repository topics are unavailable.,https://pypi.org/pypi/sccoord/json
https://files.pythonhosted.org/packages/80/83/cf3f09a8d7ab1fffb48452d6d4d509e7e8587371fc99c7408b2f32b4bb15/mol_hume-1.0.1.tar.gz,Software,Cheminformatics & drug discovery,Molecular representations and descriptors,,https://pypi.org/pypi/mol-hume/json
https://files.pythonhosted.org/packages/8b/94/a24d594973271658189f885ea61c4f5ed308fbbc22a7962de3117b3c1497/cell_eval2-0.16.0.tar.gz,Software,Single-cell & spatial omics,Single-cell perturbation analysis,Official PyPI source distribution; package describes itself as a reimplementation of cell-eval. This identity and label do not establish verified evaluation equivalence.,https://pypi.org/pypi/cell-eval2/json
https://files.pythonhosted.org/packages/a7/bf/c4a8b47f55557cf555711ba8aaff56f7ddacf64795f99629caf8fe9e4af0/pdex-0.3.0.tar.gz,Software,Single-cell & spatial omics,Single-cell perturbation analysis,,https://pypi.org/pypi/pdex/json
https://files.pythonhosted.org/packages/ec/c1/d9252620d09a064247d1623ebc4732d624921a2ed80a677f8b9ce61810dd/gprofiler-official-1.0.0.tar.gz,Software,Systems biology & ontologies,Pathway and gene-set analysis,,https://pypi.org/pypi/gprofiler-official/json
https://ftp.ebi.ac.uk/pub/software/clustalw2/2.1/clustalw-2.1.tar.gz,Software,Sequence processing,Sequence similarity and alignment,,https://raw.githubusercontent.com/bioconda/bioconda-recipes/254ba2d4bcda7fe6ed2baa586bac6c35885a4b10/recipes/clustalw/meta.yaml
https://ftp.ncbi.nih.gov/pub/mmdb/cdd/rpsbproc/20250513_112041/rpsbproc-src.tar.gz,Software,Protein structure & biophysics,Protein homology and domain annotation,,https://raw.githubusercontent.com/bioconda/bioconda-recipes/254ba2d4bcda7fe6ed2baa586bac6c35885a4b10/recipes/rpsbproc/meta.yaml
https://ftp.ncbi.nlm.nih.gov/entrez/entrezdirect/versions/26.0.20260719/edirect.tar.gz,Software,General biology & multi-omics,Biological database access,,https://raw.githubusercontent.com/bioconda/bioconda-recipes/254ba2d4bcda7fe6ed2baa586bac6c35885a4b10/recipes/entrez-direct/meta.yaml
https://gitlab.com/ezlab/busco,Software,Genome assembly & annotation,Assembly and annotation quality assessment,,https://raw.githubusercontent.com/bioconda/bioconda-recipes/254ba2d4bcda7fe6ed2baa586bac6c35885a4b10/recipes/busco/meta.yaml
https://gitlab.com/mcfrith/last,Software,Sequence processing,Read and sequence alignment,,https://raw.githubusercontent.com/bioconda/bioconda-recipes/254ba2d4bcda7fe6ed2baa586bac6c35885a4b10/recipes/last/meta.yaml
https://gitlab.com/paulklemm_phd/proteinortho,Software,Phylogenetics & evolution,Phylogenetic orthology inference,,https://raw.githubusercontent.com/bioconda/bioconda-recipes/254ba2d4bcda7fe6ed2baa586bac6c35885a4b10/recipes/proteinortho/meta.yaml
https://gitlab.com/sysimm/mafft,Software,Sequence processing,Sequence similarity and alignment,,https://raw.githubusercontent.com/conda-forge/mafft-feedstock/ee5a1b85bb132c4ac71cc62e5ec436c05232c84b/recipe/meta.yaml
https://meme-suite.org/meme/meme-software/5.5.9/meme-5.5.9.tar.gz,Software,Gene regulation,Sequence motifs and visualization,,https://raw.githubusercontent.com/bioconda/bioconda-recipes/254ba2d4bcda7fe6ed2baa586bac6c35885a4b10/recipes/meme/meta.yaml
https://pypi.io/packages/source/p/pybiolib/pybiolib-1.4.551.tar.gz,Infrastructure,Computing infrastructure,Bioinformatics workflow platforms,,https://raw.githubusercontent.com/bioconda/bioconda-recipes/254ba2d4bcda7fe6ed2baa586bac6c35885a4b10/recipes/pybiolib/meta.yaml
