repository,notebook_count,formats,source_ids,revisions
3dmol/3dmol.js,8,"{""Jupyter"": 8}","[""github:3dmol/3dmol.js""]","[""cf6b68429dd9f435ba004d172c0616a8fe124206""]"
4dn-dcic/pairix,0,{},"[""github:4dn-dcic/pairix""]","[""60d71341dab88e72d3c1e8b0cc02908133ced0a1""]"
a-r-j/graphein,30,"{""Jupyter"": 30}","[""github:a-r-j/graphein""]","[""b9ca265976ad9f1d2c44ca56e506100808602e6d""]"
abacus-gene/paml,0,{},"[""github:abacus-gene/paml""]","[""4c7902fe972737ef5e80bb18f159a6e6acace3d3""]"
abacus-gene/paml-tutorial,0,{},"[""github:abacus-gene/paml""]","[""23f643a96ed3af624d4afc98a5ee2c7819758962""]"
abhishektiwari/hbat,3,"{""Jupyter"": 3}","[""github:abhishektiwari/hbat""]","[""7017beb29d62c51f2cd085aff02e44689a921dc9""]"
ablab/quast,0,{},"[""github:ablab/quast""]","[""38373fb6454604197d45b047ae61f82e68b61a74""]"
ablab/spades,1,"{""Jupyter"": 1}","[""github:ablab/spades""]","[""9ab1fbacf25560182a0e1f395dd11293afb55f0c""]"
adalca/medical-datasets,0,{},"[""github:adalca/medical-datasets""]","[""e73fc50bdc0ba7beab17136138edc4a572091992""]"
aertslab/rcistarget,3,"{""R Markdown"": 3}","[""github:aertslab/rcistarget""]","[""cddbff8ccb685557d25b821953ba5e1750f3174a""]"
agemagician/prottrans,34,"{""Jupyter"": 34}","[""github:agemagician/prottrans""]","[""27c02f07e65feff8a3e7875f52b8b51225eb3c1c""]"
aim-harvard/pyradiomics,8,"{""Jupyter"": 8}","[""github:aim-harvard/pyradiomics""]","[""8ed579383b44806651c463d5e691f3b2b57522ab""]"
aipoch/medical-research-skills,0,{},"[""github:aipoch/medical-research-skills""]","[""686e09dfdb45d9fa1a08664f06bb93769b3c9d91""]"
al2na/methylkit,1,"{""R Markdown"": 1}","[""github:al2na/methylkit""]","[""32212a6cc2046e97371eb528533964c1e1a54afa""]"
albarqouni/deep-learning-for-medical-applications,0,{},"[""github:albarqouni/deep-learning-for-medical-applications""]","[""b636b4cb9930fa825ce0049901ede16e051f296a""]"
alchemistry/alchemlyb,0,{},"[""github:alchemistry/alchemlyb""]","[""5c029f51fcc10fd6ee8ef04191e2bdf338d95dfa""]"
alexdobin/star,0,{},"[""github:alexdobin/star""]","[""b1edc1208d91a53bf40ebae8669f71d50b994851""]"
alexg9010/fastseg,1,"{""R Markdown"": 1}","[""github:alexg9010/fastseg""]","[""44f2c849457018e256c0468ece5f0da0ee9d9b30""]"
allenai/scispacy,0,{},"[""github:allenai/scispacy""]","[""eacccd4ef3e7ef13d4aa35700e718bd4318ded17""]"
alserglab/fgsea,2,"{""R Markdown"": 2}","[""github:alserglab/fgsea""]","[""570f5903545835cb340e699fcdfdf444b1ba07ec""]"
althonos/pronto,1,"{""Jupyter"": 1}","[""github:althonos/pronto""]","[""8465a594cd35a029d255532bf9b95d7a06deabf3""]"
althonos/pyfamsa,0,{},"[""github:althonos/pyfamsa""]","[""acf865d41db49aca937a99c78cc48fa568069163""]"
althonos/pyhmmer,6,"{""Jupyter"": 6}","[""github:althonos/pyhmmer""]","[""956c542559a077d4ecfe8904c887331c621f988c""]"
althonos/pyrodigal,0,{},"[""github:althonos/pyrodigal""]","[""a722ee3bc591bbff68544c9c052974d616be278a""]"
althonos/scoring-matrices,0,{},"[""github:althonos/scoring-matrices""]","[""c56327d545e33eb4bd88b06b624218356c4c980a""]"
alyssafrazee/ballgown,1,"{""R Markdown"": 1}","[""github:alyssafrazee/ballgown""]","[""d5711cf2356ebd6bb7dd778658d3e40b6785ea15""]"
amirhossein-kz/awesome-diffusion-models-in-medical-imaging,0,{},"[""github:amirhossein-kz/awesome-diffusion-models-in-medical-imaging""]","[""4278133236ad3cc9012ec13698302dea53c02192""]"
analyticalmonk/awesome-neuroscience,0,{},"[""github:analyticalmonk/awesome-neuroscience""]","[""33ca06398bff26a53a913f0ea7a600e5e18164eb""]"
angeloucn/min_max_similarity,0,{},"[""github:angeloucn/min_max_similarity""]","[""07571ea6d98ab16a84aead7dca4756bf5cf2979f""]"
antigenomics/arda,1,"{""marimo"": 1}","[""github:antigenomics/arda""]","[""e8d8d5838d18cde49046d4e11e6f0d38951787dd""]"
antigenomics/vdjtools,0,{},"[""github:antigenomics/vdjtools""]","[""c1782a04feb0f57eef535ae3e1bdcc699b21e5fa""]"
antsx/ants,1,"{""R Markdown"": 1}","[""github:antsx/ants""]","[""0f65b0e66bea11f32fbe9a008ca94572541fd4fa""]"
antsx/antspy,5,"{""Jupyter"": 5}","[""github:antsx/antspy""]","[""01a50724d8db48f8d58c24483160add1c9447f6b""]"
aoles/ebimage,1,"{""R Markdown"": 1}","[""github:aoles/ebimage""]","[""5dccf1abc4d15a515058e909b269f88ac6cfc45a"", ""eb528bda72038be848cdc681c69bd16dedad4d32""]"
applied-bioinformatics/an-introduction-to-applied-bioinformatics,0,{},"[""github:applied-bioinformatics/an-introduction-to-applied-bioinformatics""]","[""bd4ec8752709a18f5c81aaddc592965548bcd5c2""]"
aqlaboratory/openfold-3,1,"{""Jupyter"": 1}","[""github:aqlaboratory/openfold-3""]","[""8605a8c21076414e080e6bdc04c33451b3f33fa2""]"
aqlaboratory/proteinnet,0,{},"[""github:aqlaboratory/proteinnet""]","[""e831afd9faa5c2334ee39dd60a68b7e9383f189a""]"
arcinstitute/cell-eval,1,"{""Jupyter"": 1}","[""https://files.pythonhosted.org/packages/8b/94/a24d594973271658189f885ea61c4f5ed308fbbc22a7962de3117b3c1497/cell_eval2-0.16.0.tar.gz""]","[""6928cf8bd7a706040ccfd13119e4085726dee64a""]"
ariloytynoja/prank-msa,0,{},"[""github:ariloytynoja/prank-msa""]","[""10c09e42cf298057cebbc539cf1536f2f86b6daf""]"
arpcard/rgi,0,{},"[""github:arpcard/rgi""]","[""bd65d58b7c23f3fd1a3b11602a46250a82e7f963""]"
arq5x/bedtools2,0,{},"[""github:arq5x/bedtools2""]","[""614e9a5c5935ab86e873dab9072fbbaf003c1b7e""]"
artifactdb/alabaster.base,1,"{""R Markdown"": 1}","[""github:artifactdb/alabaster.base""]","[""6b6157efc1d7dd429b2495f2f60f0d1ca692042f""]"
artifactdb/gypsum-r,1,"{""R Markdown"": 1}","[""github:artifactdb/gypsum-r""]","[""2148894d97850ad0ac0c74b15876cdbbf2d7e443""]"
arvados/arvados,0,{},"[""github:arvados/arvados""]","[""6a2a583899399db5cf00366ca41b4e6a7f56bdf1""]"
arvados/arvados-tutorial,0,{},"[""github:arvados/arvados""]","[""e4d896f5f94a9cf7b157cf87d5042e416649d87b""]"
asntech/pyjaspar,1,"{""Jupyter"": 1}","[""github:asntech/pyjaspar""]","[""72f7583bf30c977d1d2c169d628586dfcab52743""]"
asoplata/open-computational-neuroscience-resources,0,{},"[""github:asoplata/open-computational-neuroscience-resources""]","[""0cfed9ebc1bdcc6e2dff0010872ba8d3a8e3e147""]"
aspirincode/papers-for-molecular-design-using-dl,0,{},"[""github:aspirincode/papers-for-molecular-design-using-dl""]","[""b89d62a593a1805747cb8001998e860f27537271""]"
astrazeneca/chemicalx,0,{},"[""github:astrazeneca/chemicalx""]","[""a960bb13eb478003181d769cc075c12dcddd02a0""]"
atks/vt,0,{},"[""github:atks/vt""]","[""c6bd1591a23a1d116d52834a627c00bbf7ed4a64""]"
awslabs/dgl-lifesci,0,{},"[""github:awslabs/dgl-lifesci""]","[""be8bc71d29ecf34a9dab7c7bd47c08f3383d9be0""]"
backofenlab/intarna,0,{},"[""github:backofenlab/intarna""]","[""f65d874e8f03bee2009b8ec0e8782956d21044d0""]"
bactopia/bactopia,0,{},"[""github:bactopia/bactopia""]","[""29fb7419d7bf1b11e9d44590c0833b02b978ec5e""]"
baranzinilab/kg_rag,28,"{""Jupyter"": 28}","[""github:baranzinilab/kg_rag""]","[""01b9f6e6414221eb186a030e3c103e4ec620ab0f""]"
bayer-group/tiffslide,0,{},"[""github:bayer-group/tiffslide""]","[""2f612738701cbbd76e7324f139b0e863da17ff7c""]"
bbuchfink/diamond,0,{},"[""github:bbuchfink/diamond""]","[""ef05efdc155b61c1ce2f66da637eaa8ce2a7f8ad""]"
bbushnell/bbtools,0,{},"[""github:bbushnell/bbtools""]","[""6e87b3824750211cf608156835ee097bf82a6070""]"
bcbio/bcbio-nextgen,1,"{""R Markdown"": 1}","[""github:bcbio/bcbio-nextgen""]","[""594339fd1a9694c8f8ed61084e2bd5740cfd59b0""]"
bebop/poly,0,{},"[""github:bebop/poly""]","[""a8bb76dd651f0b3bc06079e331e023e4b8fb55b2""]"
beckschen/transunet,0,{},"[""github:beckschen/transunet""]","[""02ef0010b36eb8328b5e689eadaf613602edf9b8""]"
bedops/bedops,0,{},"[""github:bedops/bedops""]","[""009c10c0d11a2c7bc8f33e087d591574d04ae94c""]"
benilton/oligo,3,"{""Sweave/knitr"": 3}","[""github:benilton/oligo""]","[""e073acb9f29886d4cc073f634c109d0bb76b2f81""]"
benjjneb/dada2,1,"{""R Markdown"": 1}","[""github:benjjneb/dada2""]","[""b61fe2e90115be08e78a01a16af89fd21402ca42""]"
benjjneb/decontam,1,"{""R Markdown"": 1}","[""github:benjjneb/decontam""]","[""0ec8c70ef38ebbc187098d87bd1901dc32928ce7""]"
benlangmead/bowtie,0,{},"[""github:benlangmead/bowtie""]","[""86c6d7797228ec808ace59f368979c3019471ec7""]"
benlangmead/bowtie2,0,{},"[""github:benlangmead/bowtie2""]","[""58e34bffd389d7ead6542b439784d9def92c6172""]"
bernatgel/karyoploter,1,"{""R Markdown"": 1}","[""github:bernatgel/karyoploter""]","[""3e8c8b101b3178424f9eb729607fd12a0d30d9fd""]"
bids-standard/bids-examples,0,{},"[""github:bids-standard/pybids""]","[""a94600688a6d34a4496e049363d22d76a303d08f""]"
bids-standard/pybids,4,"{""Jupyter"": 1, ""Jupytext"": 3}","[""github:bids-standard/pybids""]","[""47eb9fbae90221bf61c0512886a73b3acded1045""]"
bigdatagenomics/adam,0,{},"[""github:bigdatagenomics/adam""]","[""6f2aec83d2289f48104801a88c326b894ec7df2c""]"
bihealth/vcfpy,0,{},"[""github:bihealth/vcfpy""]","[""a9353cd8351d77966b066279e3a92ab579622d04""]"
bimsbbioinfo/genomation,1,"{""R Markdown"": 1}","[""github:bimsbbioinfo/genomation""]","[""fa285d07802273fe3cf1a0b2a7b4de034a34544d""]"
biobakery/maaslin2,1,"{""R Markdown"": 1}","[""github:biobakery/maaslin2""]","[""39eda3be7d801f0eb594eb7b09b26fad7d5c5875""]"
biobakery/metaphlan,1,"{""Sweave/knitr"": 1}","[""github:biobakery/metaphlan""]","[""424f3e6e30618266404353e1083c6405a9f02f48""]"
biocommons/biocommons.seqrepo,3,"{""Jupyter"": 3}","[""github:biocommons/biocommons.seqrepo""]","[""72c9091c83e689e7880bc1f0df34326a61dfef18""]"
biocommons/bioutils,0,{},"[""github:biocommons/bioutils""]","[""397d8c1450b0d385be9390587e1bdb578194f44f""]"
biocommons/eutils,0,{},"[""github:biocommons/eutils""]","[""fdf68a2f1082d8b27b2b4bf94129568ef43c766a""]"
biocommons/hgvs,9,"{""Jupyter"": 9}","[""github:biocommons/hgvs""]","[""46bf1903254eec957507b1aeb8fd39384d37f6f5""]"
bioconda/bioconda-docs,0,{},"[""github:bioconda/bioconda-utils""]","[""cc786f1690479aed383a895d8ea61970b047b993""]"
bioconda/bioconda-recipes,1,"{""R Markdown"": 1}","[""github:bioconda/bioconda-recipes""]","[""c438a4de761ca575edc04555fae7e1297a20b88a""]"
bioconda/bioconda-utils,0,{},"[""github:bioconda/bioconda-utils""]","[""4f4ea86bcec333bb7c04564b9d56f79d3978e031""]"
bioconductor/annotationdbi,2,"{""Sweave/knitr"": 2}","[""github:bioconductor/annotationdbi""]","[""00bc715f3ecc0d78d7794257c041d3d463766e11""]"
bioconductor/annotationfilter,1,"{""R Markdown"": 1}","[""github:bioconductor/annotationfilter""]","[""c5f7fe11171df1f73ba9233c19b857518991c0c5""]"
bioconductor/annotationforge,4,"{""R Markdown"": 2, ""Sweave/knitr"": 2}","[""github:bioconductor/annotationforge""]","[""2dc63602d17c03cb71de398fd524b9a625178235""]"
bioconductor/annotationhub,3,"{""R Markdown"": 3}","[""github:bioconductor/annotationhub""]","[""b406e89030efd8e164f2c00f6ece5ec98ee4301d""]"
bioconductor/biobase,7,"{""R Markdown"": 2, ""Sweave/knitr"": 5}","[""github:bioconductor/biobase""]","[""def16233048fa96b4f3aad4d0af5a9922818ed7d""]"
bioconductor/biocbaseutils,2,"{""R Markdown"": 2}","[""github:bioconductor/biocbaseutils""]","[""79c6f035cdbe36070ca03ec8c8a32e45e5bd9abb""]"
bioconductor/bioccheck,10,"{""Quarto"": 1, ""R Markdown"": 8, ""Sweave/knitr"": 1}","[""github:bioconductor/bioccheck""]","[""d12d0480ea16c2391709df6d010b2c6326d932ad""]"
bioconductor/biocfilecache,3,"{""R Markdown"": 3}","[""github:bioconductor/biocfilecache""]","[""20482da7c31d50aacc0be12f569d453befe54d37""]"
bioconductor/biocgenerics,0,{},"[""github:bioconductor/biocgenerics""]","[""32f12a9b54e4fe33dc447f3e2c488b0d91b6a61b""]"
bioconductor/biocio,1,"{""R Markdown"": 1}","[""github:bioconductor/biocio""]","[""145536de8f8d3c75c341455abc4e83191be6cc04""]"
bioconductor/biocparallel,4,"{""R Markdown"": 4}","[""github:bioconductor/biocparallel""]","[""1c24c4947ef32648d935b0747efbe22d5e0b7c62""]"
bioconductor/biocstyle,9,"{""R Markdown"": 3, ""Sweave/knitr"": 6}","[""github:bioconductor/biocstyle""]","[""04201e5d965ead53efab4531d05e9a7bcdc11b26""]"
bioconductor/biocviews,2,"{""R Markdown"": 2}","[""github:bioconductor/biocviews""]","[""52e6c503eeae7b2e6e5a88ca4dd465928a3fd835""]"
bioconductor/biostrings,6,"{""R Markdown"": 3, ""Sweave/knitr"": 3}","[""github:bioconductor/biostrings""]","[""fb0cd89830abd054cf2681d6bc6c929981e07b21""]"
bioconductor/bsgenome,2,"{""Sweave/knitr"": 2}","[""github:bioconductor/bsgenome""]","[""da2ce6bcbe3b850db8458bdb0d60bad5fadaea9d""]"
bioconductor/cigarillo,1,"{""R Markdown"": 1}","[""github:bioconductor/cigarillo""]","[""5add90b609ca0ffa6e22d9d98a2ee1ca32fd902c""]"
bioconductor/delayedarray,3,"{""R Markdown"": 1, ""Sweave/knitr"": 2}","[""github:bioconductor/delayedarray""]","[""ef3f02a7227a0e6a07736601081925f2fccb43a9""]"
bioconductor/experimenthub,1,"{""R Markdown"": 1}","[""github:bioconductor/experimenthub""]","[""366356762ee6c3823050c12d2913756d0b3177aa""]"
bioconductor/genomeinfodb,2,"{""R Markdown"": 1, ""Sweave/knitr"": 1}","[""github:bioconductor/genomeinfodb""]","[""037c38473a4c01b798a442cfbe4c47f49cd29120""]"
bioconductor/genomicalignments,4,"{""R Markdown"": 1, ""Sweave/knitr"": 3}","[""github:bioconductor/genomicalignments""]","[""a8e7728b541b7cdca73c4b3ddd4117fed546820c""]"
bioconductor/genomicdatacommons,4,"{""R Markdown"": 4}","[""github:bioconductor/genomicdatacommons""]","[""1f1dd57f36ddcd76f4b53c80e81ae993c00f54ff""]"
bioconductor/genomicfeatures,1,"{""R Markdown"": 1}","[""github:bioconductor/genomicfeatures""]","[""406313962cfb98d282a85728b9718f096c317bc5""]"
bioconductor/genomicfiles,1,"{""R Markdown"": 1}","[""github:bioconductor/genomicfiles""]","[""f260700483417b631a1f6f87073adfdf10858352""]"
bioconductor/genomicranges,5,"{""R Markdown"": 1, ""Sweave/knitr"": 4}","[""github:bioconductor/genomicranges""]","[""44c311c711b9a5a5d6db070a8f3210819e4bc9de""]"
bioconductor/h5mread,1,"{""R Markdown"": 1}","[""github:bioconductor/h5mread""]","[""92aa037f8da2ec4b858095edf7fda3ac6e301851""]"
bioconductor/hdf5array,1,"{""R Markdown"": 1}","[""github:bioconductor/hdf5array""]","[""c4132ae2db816faf0a8c93dd7fccb502aad92e5d""]"
bioconductor/iranges,1,"{""Sweave/knitr"": 1}","[""github:bioconductor/iranges""]","[""75107e286bf13c8696ea2c3962ed9cd0c7c50d48""]"
bioconductor/keggrest,1,"{""R Markdown"": 1}","[""github:bioconductor/keggrest""]","[""0fbb64c9423f09109e684fb648dac95ae943199d""]"
bioconductor/matrixgenerics,0,{},"[""github:bioconductor/matrixgenerics""]","[""84fb7a5ce4bb795ef791b79011db25ee80a336e6""]"
bioconductor/pwalign,1,"{""Sweave/knitr"": 1}","[""github:bioconductor/pwalign""]","[""f1991c73415ec8720cbdb57673fe57cd12715c23""]"
bioconductor/raggedexperiment,2,"{""R Markdown"": 2}","[""github:bioconductor/raggedexperiment""]","[""78b3addd7c314fb73b77411a45828d68d12f8f2e""]"
bioconductor/rhtslib,1,"{""R Markdown"": 1}","[""github:bioconductor/rhtslib""]","[""29c0999d599e15f97b80bf26ea8d87e006e92913""]"
bioconductor/rsamtools,1,"{""R Markdown"": 1}","[""github:bioconductor/rsamtools""]","[""4fdb05737c9a2686c971c0797a99c3634e3f3878""]"
bioconductor/s4arrays,1,"{""R Markdown"": 1}","[""github:bioconductor/s4arrays""]","[""c201ee99ab7017e84411d313a947841c2590cfc6""]"
bioconductor/s4vectors,3,"{""R Markdown"": 3}","[""github:bioconductor/s4vectors""]","[""ef821b40304f606aae72ebdf82d039a1536a171b""]"
bioconductor/seqinfo,1,"{""R Markdown"": 1}","[""github:bioconductor/seqinfo""]","[""93f9978435ee2ff778f21368ef7d54492492de2f""]"
bioconductor/shortread,2,"{""R Markdown"": 1, ""Sweave/knitr"": 1}","[""github:bioconductor/shortread""]","[""6d09fd11bdfa53eba52075c12cdf1c505af26600""]"
bioconductor/sparsearray,1,"{""R Markdown"": 1}","[""github:bioconductor/sparsearray""]","[""9a0e93056f05879a15057e3d597d0102068f09bb""]"
bioconductor/summarizedexperiment,2,"{""R Markdown"": 2}","[""github:bioconductor/summarizedexperiment""]","[""ffe9db3f6666e215296d64dc74e9aae7600bddf0""]"
bioconductor/txdbmaker,1,"{""R Markdown"": 1}","[""github:bioconductor/txdbmaker""]","[""d57df0dab413fbc9b403b871c5c6fc6e919a37b6""]"
bioconductor/ucsc.utils,1,"{""R Markdown"": 1}","[""github:bioconductor/ucsc.utils""]","[""5a1b81dda77fa176aa3127f3cbd2c9e644065cce""]"
bioconductor/uniprot.ws,2,"{""R Markdown"": 2}","[""github:bioconductor/uniprot.ws""]","[""618434bcf6ef31e2f54a9c0561bf897be12468e0""]"
bioconductor/xvector,0,{},"[""github:bioconductor/xvector""]","[""c98e152a86e5397d1c70cfe8fbdbcd1cf4223cdd""]"
biocontainers/containers,1,"{""Jupyter"": 1}","[""github:biocontainers/containers""]","[""18451a97c85cab4816c05165743b3e0540065791""]"
biocore/biom-format,0,{},"[""github:biocore/biom-format""]","[""0f3855c4af5dd5f33766badd8a6ba2dbdccf29dd""]"
biocore/deblur,0,{},"[""github:biocore/deblur""]","[""097bdc634783b75390f058835fe04cd258168a1f""]"
biocore/gneiss,5,"{""Jupyter"": 5}","[""github:biocore/gneiss""]","[""82e0a09054f27b6eef85d98e5f78b8c6687a8632""]"
biocore/improved-octo-waddle,2,"{""Jupyter"": 2}","[""github:biocore/improved-octo-waddle""]","[""0ecd00722bc14016e2ac603641a2046fb052f2a2""]"
biocore/unifrac,0,{},"[""github:biocore/unifrac""]","[""718ebf7819da822d742c3872ac39143cec166a1f""]"
biocore/unifrac-binaries,0,{},"[""github:biocore/unifrac-binaries""]","[""f7ad9f73f28bfceb3fc3b981c28c7e39b3d9d7ad""]"
biocpy/biocframe,1,"{""MyST notebook"": 1}","[""github:biocpy/biocframe""]","[""6db8fddf9eea3b4537ab34736186254fc25c2b94""]"
biocpy/biocutils,0,{},"[""github:biocpy/biocutils""]","[""45342a750711b52043ac07095a288a2bddeeb408""]"
biod/sambamba,0,{},"[""github:biod/sambamba""]","[""dba65af68708859203338caa04ac62265fcebeab""]"
bioexcel/gromacs-2022-cp2k-tutorial,0,{},"[""github:gromacs/gromacs""]","[""63a7b753a5c64f74a0c85292adc0ae2a3bfff864""]"
biofam/mofa2,3,"{""R Markdown"": 3}","[""github:biofam/mofa2""]","[""4a102f2b491ab600738ddf693a70f0baf032ca68""]"
bioinformaticsfmrp/tcgabiolinks,11,"{""R Markdown"": 11}","[""github:bioinformaticsfmrp/tcgabiolinks""]","[""f43e902d183671b165ff1eec94271c7e9b9719c9""]"
bioio-devs/aicspylibczi,1,"{""Jupyter"": 1}","[""github:bioio-devs/aicspylibczi""]","[""c8d517edd48f0105096e4474e8158acebea01442""]"
bioio-devs/bioio,0,{},"[""github:bioio-devs/bioio""]","[""2a376b3c4c82bff3e1de6cab55f463b0f24164e1""]"
biolink/biolink-model,0,{},"[""github:biolink/biolink-model""]","[""a4180f818e9722c493788c5ff1f047fde64f13a7""]"
biolink/biolink-model-toolkit,2,"{""Jupyter"": 2}","[""github:biolink/biolink-model-toolkit""]","[""4234d84f2ed6d850d7f4afd7fca294ef999d2b32""]"
biopandas/biopandas,4,"{""Jupyter"": 4}","[""github:biopandas/biopandas""]","[""177136248347a352c17a075b531fd95c3bd164b1""]"
biopragmatics/bioregistry,2,"{""Jupyter"": 2}","[""github:biopragmatics/bioregistry""]","[""91f5e13e7a4e13d7de92ef622a45ae686123abe4""]"
biopragmatics/bioversions,0,{},"[""github:biopragmatics/bioversions""]","[""86602773d0c9605e8e36814ade6aca2dde679300""]"
biopython/biopython,0,{},"[""github:biopython/biopython""]","[""0d51cefb25ddf23ba32b3c3086446b28e189c9b7""]"
biopython/biopython.github.io,0,{},"[""github:biopython/biopython""]","[""9f1f1ed37a17c959eda168eda64ce07cddf8853d""]"
biothings/biothings_client.py,0,{},"[""github:biothings/biothings_client.py""]","[""97355536a43570484bff2c140f950aa4f39a63e2""]"
biothings/mygene.py,1,"{""Jupyter"": 1}","[""github:biothings/mygene.py""]","[""8fe6b572db240d2c361811b35452ce0b0ec67be6""]"
biothings/myvariant.info,6,"{""Jupyter"": 6}","[""github:biothings/myvariant.py""]","[""839a72ae33fc296961ddd3e96e86aeec15768adf""]"
biothings/myvariant.py,0,{},"[""github:biothings/myvariant.py""]","[""704bfa1919bb115a1f42724e83ccf886602d8e46""]"
biotite-dev/biotite,0,{},"[""github:biotite-dev/biotite""]","[""1aaf784a826a828fde989ada69e37e05013ac3fc""]"
biotite-dev/hydride,0,{},"[""github:biotite-dev/hydride""]","[""0dd267eff4e12962f93248fcf973643e5148e868""]"
birollab/abyss,0,{},"[""github:birollab/abyss""]","[""82ab61922c3c2fdd32372de2c470f8217c109284""]"
bjmt/universalmotif,7,"{""R Markdown"": 7}","[""github:bjmt/universalmotif""]","[""9d6de02f4e8a0c41d12a528816030c38dc09c602""]"
black0017/medicalzoopytorch,1,"{""Jupyter"": 1}","[""github:black0017/medicalzoopytorch""]","[""8f40dab689841d7ff0e36aa5e583a1a1509fac3d""]"
bmbolstad/affyio,0,{},"[""github:bmbolstad/affyio""]","[""a6d70c8a14f414503c9650d15e41e750a0c5b3c8""]"
bmbolstad/affyplm,4,"{""Sweave/knitr"": 4}","[""github:bmbolstad/affyplm""]","[""31ba047388bd3394300eab56a7343558ed724e57""]"
bmbolstad/preprocesscore,0,{},"[""github:bmbolstad/preprocesscore""]","[""5f4522fcbce0820b4983f453e3d56341da62da85""]"
booritas/slideio,0,{},"[""github:booritas/slideio""]","[""726bc3e161124985d2e4da1283cdd977c31aeba2""]"
booritas/slideio-tutorial,11,"{""Jupyter"": 11}","[""github:booritas/slideio""]","[""38da350dffeb170aec7daa236f6138deeaaa579e""]"
borchlab/screpertoire,25,"{""R Markdown"": 25}","[""github:borchlab/screpertoire""]","[""7e63859dd9032ca5b95b8fb2126a40c1b9dc3f29""]"
bowang-lab/medrax,1,"{""Jupyter"": 1}","[""github:bowang-lab/medrax""]","[""dae30e2f136ef0b2a40885a4c335386e9ffad052""]"
bowang-lab/medsam,3,"{""Jupyter"": 3}","[""github:bowang-lab/medsam""]","[""d71e8a1a99ad751840a22a7fa3ecfb4166fb1488""]"
bowang-lab/medsam2,2,"{""Jupyter"": 2}","[""github:bowang-lab/medsam2""]","[""332f30d420f1d1b08e2a79b3ae6a602458808383""]"
bowang-lab/scgpt,10,"{""Jupyter"": 10}","[""github:bowang-lab/scgpt""]","[""cebd6fae655b9c585a4807daa3ac31bb764f06b4""]"
bowang-lab/u-mamba,0,{},"[""github:bowang-lab/u-mamba""]","[""28459e33ca03769800dd35e23c6e62491d1925b5""]"
bp-kelley/descriptastorus,0,{},"[""github:bp-kelley/descriptastorus""]","[""9a190343bcd3cfd35142d378d952613bcac40797""]"
bradyajohnston/molecularnodes,30,"{""Quarto"": 30}","[""github:bradyajohnston/molecularnodes""]","[""46bc57b8b45d9e8282e17b2b2ae2180b599430b6""]"
braindecode/braindecode,0,{},"[""github:braindecode/braindecode""]","[""f553e13e88e3b41ce86bbfabb8a72b89bd831dc4""]"
braindecode/braindecode.github.io,356,"{""Jupyter"": 356}","[""github:braindecode/braindecode""]","[""29c0811063324ca04789bc2e541902f5f1970d33""]"
brainflow-dev/brainflow,1,"{""MATLAB Live Script"": 1}","[""github:brainflow-dev/brainflow""]","[""bd3789193a6941783ebe89c97602af2496c7310a""]"
brainglobe/brainrender,1,"{""Jupyter"": 1}","[""github:brainglobe/brainrender""]","[""c7d625d1ea7e870002e9bb82dd394b7aa5e2c2fd""]"
brainpy/brainpy,58,"{""Jupyter"": 58}","[""github:brainpy/brainpy""]","[""77eadd7e2bb673b2f860be492b6db831f79ff01a""]"
brainpy/examples,65,"{""Jupyter"": 65}","[""github:brainpy/brainpy""]","[""b3ff2036e92bdfeca43877b44e0ba98c93229c2c""]"
brentp/cyvcf2,0,{},"[""github:brentp/cyvcf2""]","[""805324072166818e5e67ebe09ba1b7ce829797ae""]"
brentp/mosdepth,0,{},"[""github:brentp/mosdepth""]","[""3211a79388ca3316b91df8b6cb5fb6ab2c7e2461""]"
brian-team/brian2,3,"{""Jupyter"": 3}","[""github:brian-team/brian2""]","[""ecd72a361f5478f2b2269c8e870c20e73fdc5a5a""]"
brian-team/brian2-doc-resources,3,"{""Jupyter"": 3}","[""github:brian-team/brian2""]","[""b144d2655ccd8cae93fc87e70a962d91a006c5e5""]"
broadinstitute/cromwell,0,{},"[""github:broadinstitute/cromwell""]","[""f1b30430fa32539e0b73932ebc160cd5335792c8""]"
broadinstitute/gatk,1,"{""Jupyter"": 1}","[""github:broadinstitute/gatk""]","[""0cde69eed30339f5978cbb1ac6e5cf3662f9e1f8""]"
broadinstitute/infercnv,4,"{""R Markdown"": 4}","[""github:broadinstitute/infercnv""]","[""65e6bf554600c92e7d5c121e98247d9c3f888a0d""]"
broadinstitute/picard,0,{},"[""github:broadinstitute/picard""]","[""c2a483d497d1b0fe6d0ab518b1b32fe98fad0741""]"
bustools/bus_notebooks_python,13,"{""Jupyter"": 13}","[""github:pachterlab/kallisto""]","[""6e6a8e6536e975d7c2a31fdbcd460f54fb980c76""]"
bwa-mem2/bwa-mem2,0,{},"[""github:bwa-mem2/bwa-mem2""]","[""97978f950c3aa240a168bb688908b6a3e1e7644e""]"
bxlab/bx-python,0,{},"[""github:bxlab/bx-python""]","[""840a15638d924a3149b52cf6a7acdb7e2c0006b9""]"
caiyuanhao1998/sax-nerf,0,{},"[""github:caiyuanhao1998/sax-nerf""]","[""e7cd88c82aaf11ea23b85ceba0025897fa7d9bb0""]"
campbio/celda,6,"{""R Markdown"": 6}","[""github:campbio/celda""]","[""5f268e9a1f254ebd6901517b35892ddc15e34530""]"
carmonalab/ucell,4,"{""R Markdown"": 4}","[""github:carmonalab/ucell""]","[""f778e091f19e28d3d05bde134663fd6b2f938267""]"
cbcrg/tcoffee,0,{},"[""github:cbcrg/tcoffee""]","[""04ec7406b2e13cd18c3f2077541079c8e059ff01""]"
cbioportal/cbioportal,0,{},"[""github:cbioportal/cbioportal""]","[""6e99901ada180d23e3713db60d47fd4e7cb2f579""]"
cbluebenchmark/cblue,0,{},"[""github:cbluebenchmark/cblue""]","[""6a2c54f6a69265a33181c752a5350277149b8883""]"
cbouy/mols2grid,5,"{""Jupyter"": 4, ""marimo"": 1}","[""github:cbouy/mols2grid""]","[""3b8b3dba1e1ee09506ee10c213179107a949a145""]"
ccp4/ccp4i2,0,{},"[""github:ccp4/ccp4i2""]","[""5ff7fea241e13c2431fa22ca271cfd74f396f1ac""]"
ccpem/mrcfile,0,{},"[""github:ccpem/mrcfile""]","[""a2a8c6b569a57b7f18b023b5056fa7a14f2f99c2""]"
ccsb-scripps/autodock-vina,0,{},"[""github:ccsb-scripps/autodock-vina""]","[""3c65c0b3e6c2c1d183f6a175ecb65e3c5ba91645""]"
cellprofiler/cellprofiler,0,{},"[""github:cellprofiler/cellprofiler""]","[""03f79f7e2639328723c64ee0a6118a2e00cbc651""]"
cellprofiler/centrosome,0,{},"[""github:cellprofiler/centrosome""]","[""fb6881b5c07221bbe80ff356beeb04d2273ecd78""]"
cerner/cds-services-tutorial,0,{},"[""github:smart-on-fhir/client-py""]","[""5de4dfcc4c90c22d5a375cd5ba652d13aef6b41f""]"
cgatoxford/umi-tools,0,{},"[""github:cgatoxford/umi-tools""]","[""c457eefc5e0c47368cf3652b9b6d497b78c3050a""]"
cgohlke/molmass,0,{},"[""github:cgohlke/molmass""]","[""06ed7815647c68cb3e4575370a0dee7a4960307b""]"
chainer/chainer-chemistry,2,"{""Jupyter"": 2}","[""github:chainer/chainer-chemistry""]","[""efe323aa21f63a815130d673781e7cca1ccb72d2""]"
chanzuckerberg/cellxgene,0,{},"[""github:chanzuckerberg/cellxgene""]","[""76a39fcf92da57c9e4fd59831ad805a3b007da8c""]"
chanzuckerberg/cellxgene-census,62,"{""Jupyter"": 52, ""R Markdown"": 10}","[""github:chanzuckerberg/cellxgene-census""]","[""2d356b05178dec539857982f6e8e3cb3ee58fd4b""]"
chanzuckerberg/cellxgene-documentation,0,{},"[""github:chanzuckerberg/cellxgene""]","[""bd38aa9a9b5e3e482e022217c269bd3fc94060d7""]"
chanzuckerberg/miniwdl,0,{},"[""github:chanzuckerberg/miniwdl""]","[""8321868cfeb2535feead371d597c9b2e5a4c701b""]"
chapmanb/bcbb,1,"{""Jupyter"": 1}","[""github:chapmanb/bcbb""]","[""320353c64ee0dc938113ca36f19b2e6de6b597be""]"
chemfiles/chemfiles.py,0,{},"[""github:chemfiles/chemfiles.py""]","[""2a002f2ec70983e57b94809572bfae2aa304377b""]"
chemosim-lab/prolif,7,"{""Jupyter"": 7}","[""github:chemosim-lab/prolif""]","[""19f1800218387c49536eb9d3e8cd3044fdb337ee""]"
chemprop/chemprop,46,"{""Jupyter"": 46}","[""github:chemprop/chemprop""]","[""db0bb86fbad6f6ec3c414202810390d8acc8baa0""]"
chhylp123/hifiasm,0,{},"[""github:chhylp123/hifiasm""]","[""ec9a8b222d149d25b7355e83765698640d59b189""]"
choderalab/pymbar,0,{},"[""github:choderalab/pymbar""]","[""ed40ec3bbef03bb08938ad1a74d459b0d1ab81f7""]"
cidarlab/cello,0,{},"[""github:cidarlab/cello""]","[""11644045e5ab677965a8e5765db2fb8535484a53""]"
clawbio/clawbio,5,"{""Jupyter"": 5}","[""github:clawbio/clawbio""]","[""613ff3ef6cd44e6de5f20aa30679c1d5f50f38a4""]"
clbarnes/transformnd,2,"{""marimo"": 2}","[""github:clbarnes/transformnd""]","[""03bbf95ed84748ec675d3c8fe37a5899cb4c95c2""]"
clinical-genomics/cg,0,{},"[""github:clinical-genomics/cg""]","[""bc4384b82d8554683b965ce9b6053124e5628ba8""]"
cmu-delphi/delphi-epidata,0,{},"[""github:cmu-delphi/delphi-epidata""]","[""3c86d8b372ce4d3ea316393b35a628f49ef58ca7""]"
cokelaer/bioservices,17,"{""Jupyter"": 17}","[""github:cokelaer/bioservices""]","[""7a18fb044839e0f12c2e6d4a4a42ce9994b4c23f""]"
combine-lab/salmon,0,{},"[""github:combine-lab/salmon""]","[""ed926b8f6120c592ba13e696fe24732004ee0132""]"
common-workflow-language/cwl-upgrader,0,{},"[""github:common-workflow-language/cwl-upgrader""]","[""e7f1470d564f64bec7c276d9d6937475c4ce45f3""]"
common-workflow-language/cwltool,0,{},"[""github:common-workflow-language/cwltool""]","[""190415a46a7249ab85fde87d797ec1ea688a8cc5""]"
commontk/ctk,0,{},"[""github:commontk/ctk""]","[""a5c2e4d1cdac28e0b93c3434ec042f19e63d1d55""]"
compomics/peptide-shaker,0,{},"[""github:compomics/peptide-shaker""]","[""dfb9f31ab20f4bd52010c3ea3c11e0e2939c0f9b""]"
compomics/searchgui,0,{},"[""github:compomics/searchgui""]","[""3b4021a2b8f83439da830d2140860c90b72bc382""]"
computational-cell-analytics/micro-sam,5,"{""Jupyter"": 5}","[""github:computational-cell-analytics/micro-sam""]","[""de4231fe0c7749bb85cecad2ecad1ea6e93413b6""]"
const-ae/glmgampoi,3,"{""R Markdown"": 3}","[""github:const-ae/glmgampoi""]","[""95cffb79b02ce1239112d3c8b4adabfb448940bf""]"
const-ae/sparsematrixstats,2,"{""R Markdown"": 2}","[""github:const-ae/sparsematrixstats""]","[""4a46ab45f7775e2451dc5061850b80efafaa834c""]"
copasi/basico,30,"{""Jupyter"": 30}","[""github:copasi/basico""]","[""be85533447778c7ecd1000c8b440fdaa66e58fe0""]"
cornerstonejs/cornerstone,0,{},"[""github:cornerstonejs/cornerstone""]","[""da4727841d56872b78ae60f4b7a1e58468b7fad6""]"
cornerstonejs/cornerstone3d,0,{},"[""github:cornerstonejs/cornerstone3d""]","[""071b8b57b8707448d1d6ec5d5f1ad28556ba9eee""]"
cov-lineages/pango-designation,1,"{""Jupyter"": 1}","[""github:cov-lineages/pango-designation""]","[""40adc91a9d0e093c22162aaaf79a3ea4b5ea9772""]"
crazyhottommy/getting-started-with-genomics-tools-and-resources,0,{},"[""github:crazyhottommy/getting-started-with-genomics-tools-and-resources""]","[""49ecb31be9697844c544218a3203f5fd2ced8cdd""]"
cthoyt/ols-client,0,{},"[""github:cthoyt/ols-client""]","[""2301bb5f04a59245bfa0fd9a83a8113ba68928c4""]"
cytoscape/rcy3,14,"{""R Markdown"": 14}","[""github:cytoscape/rcy3""]","[""120ba273d257dc35d71ab7cbf965c29b528d01f1""]"
daehwankimlab/hisat2,0,{},"[""github:daehwankimlab/hisat2""]","[""0d244324f98de541bce04d45c75e83bc3522f7f4""]"
daler/gffutils,0,{},"[""github:daler/gffutils""]","[""6b84330f472dd2b4c69e36f319da7ade95bd5961""]"
daler/pybedtools,0,{},"[""github:daler/pybedtools""]","[""efb8534c11ca6b45a6cd173ff3b3d1bf754e34a1""]"
dandi/dandi-cli,0,{},"[""github:dandi/dandi-cli""]","[""817818b508d046d93d22394fe2749152064e8a2d""]"
danforthcenter/plantcv,0,{},"[""github:danforthcenter/plantcv""]","[""9e536e7603653c0649742eb894ef009d743df7d7""]"
danforthcenter/plantcv-tutorial-arabidopsis-tray,1,"{""Jupyter"": 1}","[""github:danforthcenter/plantcv""]","[""a1b6d17e42b027e9249d1e38c9ed6fd9ae843bf3""]"
danforthcenter/plantcv-tutorial-morphology,1,"{""Jupyter"": 1}","[""github:danforthcenter/plantcv""]","[""9c9f32eb5ef92ad79f1d5b248b5180e33f0d078f""]"
danforthcenter/plantcv-tutorial-seeds,1,"{""Jupyter"": 1}","[""github:danforthcenter/plantcv""]","[""34f3c629a8f07a376e32ef0ae0d1abbe8ea4389d""]"
danforthcenter/plantcv-tutorial-simple-rgb-workflow,2,"{""Jupyter"": 2}","[""github:danforthcenter/plantcv""]","[""a19ab864a8346bb83f6a753fdf50a7d231bf390a""]"
danforthcenter/plantcv-tutorial-template,2,"{""Jupyter"": 2}","[""github:danforthcenter/plantcv""]","[""56d8b41530cf9b7eb466fcadd0ac21006d1557f1""]"
danforthcenter/plantcv-tutorial-thermal,1,"{""Jupyter"": 1}","[""github:danforthcenter/plantcv""]","[""47d47725a76f2854986d49d9ef3a0ac3ff82d6e4""]"
danforthcenter/plantcv-tutorial-v4-multiobject,1,"{""Jupyter"": 1}","[""github:danforthcenter/plantcv""]","[""a299680f7feee431015c3f411f2875786989698d""]"
danforthcenter/plantcv-tutorial-vis-nir,1,"{""Jupyter"": 1}","[""github:danforthcenter/plantcv""]","[""e32df0dd774daf49be1258615084c33b0b1a60ad""]"
danforthcenter/plantcv-tutorial-watershed,1,"{""Jupyter"": 1}","[""github:danforthcenter/plantcv""]","[""6b5062ca0ac38f25a22bdef553c63aab0d8d152a""]"
danielecook/awesome-bioinformatics,0,{},"[""github:danielecook/awesome-bioinformatics""]","[""296ed1b7794c0973ba5fdb1278e4ba4c47ca0d65""]"
databio/pypiper,2,"{""Jupyter"": 2}","[""github:databio/pypiper""]","[""14e6dbf9ff68698893918aad23fcf0dfd2fc6164""]"
databiosphere/toil,0,{},"[""github:databiosphere/toil""]","[""a8074291ba1c9b163ce5b8821e455c11ee55d71f""]"
datajoint/datajoint-docs,24,"{""Jupyter"": 24}","[""github:datajoint/datajoint-python""]","[""20a126da797088d07e964c6db9a9cb8fd7657e4a""]"
datajoint/datajoint-python,0,{},"[""github:datajoint/datajoint-python""]","[""f8f1fb9295bf55d30a5337c9360aadb7a665fbdd""]"
datamol-io/datamol,13,"{""Jupyter"": 13}","[""github:datamol-io/datamol""]","[""ea501d4bbe12909325eaceb881abfbc316440c9a""]"
datapplab/gage,3,"{""Sweave/knitr"": 3}","[""github:datapplab/gage""]","[""d99df9a469281bb763888db97df56b0d0b41bbc5""]"
datapplab/pathview,1,"{""Sweave/knitr"": 1}","[""github:datapplab/pathview""]","[""1f17eb73930610ec9ca51545f536f79a728f6b19""]"
dauparas/proteinmpnn,6,"{""Jupyter"": 6}","[""github:dauparas/proteinmpnn""]","[""8907e6671bfbfc92303b5f79c4b5e6ce47cdef57""]"
davidemms/orthofinder,0,{},"[""github:davidemms/orthofinder""]","[""43f9bc7273a33d2e7a4e8d1c55b5117ed7f08a42""]"
davislaboratory/singscore,1,"{""R Markdown"": 1}","[""github:davislaboratory/singscore""]","[""7a45243832a4e84375c67a2ed58f989b9009bb87""]"
dc-analysis/dclab,0,{},"[""github:dc-analysis/dclab""]","[""f707b721c53b31b149e7937179a59920821239f0""]"
deepchem/deepchem,78,"{""Jupyter"": 78}","[""github:deepchem/deepchem""]","[""455d07f3e17e880a4d980b5b0365e4a02b417e14""]"
deepgraphlearning/torchdrug,0,{},"[""github:deepgraphlearning/torchdrug""]","[""6066fbd82360abb5f270cba1eca560af01b8cc90""]"
deeplabcut/deeplabcut,17,"{""Jupyter"": 17}","[""github:deeplabcut/deeplabcut""]","[""fa5a8c36100c85300b7d4a534deb38d7bd8b2fa8""]"
deepmedic/deepmedic,0,{},"[""github:deepmedic/deepmedic""]","[""e10ba7c3570d06194f5dadca91d99d5e7bba7de5""]"
deepmodeling/unimol_tools,0,{},"[""github:deepmodeling/unimol_tools""]","[""670afbd3144b58caef1d76cc618ddfeaecab8424""]"
deeptools/deeptools,0,{},"[""github:deeptools/deeptools""]","[""1447308445b3fbe5927884f700a39832a1b60930""]"
deeptools/deeptools_intervals,0,{},"[""github:deeptools/deeptools_intervals""]","[""20702772939bebdb477d20c4feceb680474a3330""]"
deeptools/hicexplorer,1,"{""Jupyter"": 1}","[""github:deeptools/hicexplorer""]","[""c2ad8630c48e04f0ce4229d75d4b1766df79317c""]"
deeptools/py2bit,0,{},"[""github:deeptools/py2bit""]","[""9156e7607b269cb594e0c1c1751c7f56c5e08568""]"
deeptools/pybigwig,0,{},"[""github:deeptools/pybigwig""]","[""ba014d9a6c3edd521fd41f8107e5e9ef710f05a6""]"
deeptools/pygenometracks,0,{},"[""github:deeptools/pygenometracks""]","[""f25fcf1a48bb16a0afbd1cb95e9c5fed99d27fc7""]"
dereneaton/ipyrad,88,"{""Jupyter"": 88}","[""github:dereneaton/ipyrad""]","[""007e0680f0d7b20774ee60f82e0dceee4002527d""]"
derrickwood/kraken2,0,{},"[""github:derrickwood/kraken2""]","[""01fb1d90167c720b6ecab3db707587d6406c8df4""]"
deweylab/rsem,0,{},"[""github:deweylab/rsem""]","[""800234e0d25d16bf7042804604c4371f12b96d9e""]"
dhimmel/obonet,1,"{""Jupyter"": 1}","[""github:dhimmel/obonet""]","[""f47d326ae44c324cce44eec39937b69c657083c3""]"
dib-lab/khmer,1,"{""Jupyter"": 1}","[""github:dib-lab/khmer""]","[""fb65d21eaedf0d397d49ae3debc578897f9d6eb4""]"
dib-lab/screed,0,{},"[""github:dib-lab/screed""]","[""f0fcfcc297c0c72ff8c0ef6ea2f207a457ccdcf7""]"
digital-chemistry-laboratory/morfeus,0,{},"[""github:digital-chemistry-laboratory/morfeus""]","[""e5dacf9e0519249ea0ce22f113b490da18846441""]"
dillontsmith/leabra,7,"{""Jupyter"": 7}","[""github:dillontsmith/leabra""]","[""f8b1a3e609037a80289c69b9b18044e509162fb1""]"
dipy/dipy,0,{},"[""github:dipy/dipy""]","[""ce44b3f991628ff9fcbfc1231ec6d7a43a99d7eb""]"
diseaseneurogenomics/variancepartition,7,"{""R Markdown"": 7}","[""github:diseaseneurogenomics/variancepartition""]","[""eae3e4eb63593033c154f3c70518344c88c5ba5e""]"
dlce-eva/commonnexus,0,{},"[""github:dlce-eva/commonnexus""]","[""898ab68db93607463ed6622451307471a3865d78""]"
dltk/dltk,4,"{""Jupyter"": 4}","[""github:dltk/dltk""]","[""f94d3bb509eb0741164149acbef0788769a869e4""]"
dmis-lab/biobert,0,{},"[""github:dmis-lab/biobert""]","[""e283eaab95788fb51b5567018fb52b39d4c1c039""]"
dnanexus/dx-toolkit,0,{},"[""github:dnanexus/dx-toolkit""]","[""da2b38f8f1b720a673e59f072e378b1a6bfdc611""]"
dpeerlab/palantir,7,"{""Jupyter"": 7}","[""github:dpeerlab/palantir""]","[""f819d5156c8f9a24238fd77fc6d45af16761edfc""]"
dridk/pyvcf3,0,{},"[""github:dridk/pyvcf3""]","[""1fb3789153d1d8e28e2cedf121399f276b5f312a""]"
drighelli/spatialexperiment,1,"{""R Markdown"": 1}","[""github:drighelli/spatialexperiment""]","[""0b2953777e17bd031b693315102787afa0f252c8""]"
drisso/edaseq,1,"{""R Markdown"": 1}","[""github:drisso/edaseq""]","[""48d19be93c781992ac57741a5c6fe2024a4f2b93""]"
drisso/ruvseq,1,"{""R Markdown"": 1}","[""github:drisso/ruvseq""]","[""f560e84eb493f0c2d72279612f9e4ca99493b434""]"
drisso/zinbwave,1,"{""R Markdown"": 1}","[""github:drisso/zinbwave""]","[""0835b7df99bda31a5aa5ed058ad295422af2b52b""]"
drrdom/pmapper,2,"{""Jupyter"": 2}","[""github:drrdom/pmapper""]","[""2f77e6482f6bd9bd7cc1f62b5d569ffdb8e8aafd""]"
durrantlab/dimorphite_dl,0,{},"[""github:durrantlab/dimorphite_dl""]","[""1166e1f7b4b2f792a02867636af4af49555a8f11""]"
ebi-gene-expression-group/scanpy-scripts,0,{},"[""github:ebi-gene-expression-group/scanpy-scripts""]","[""ddc08def1719d5bac2f406239c98184be574930f""]"
ebivariation/eva-sub-cli,0,{},"[""github:ebivariation/eva-sub-cli""]","[""69c59f1aa7ff778cc6b813a2f319c9ff045c0fcc""]"
ecogenomics/gtdbtk,1,"{""Jupyter"": 1}","[""github:ecogenomics/gtdbtk""]","[""881e46ce3cce2c1ac6b056a6825ec09483d828af""]"
eddyrivaslab/hmmer,0,{},"[""github:eddyrivaslab/hmmer""]","[""9acd8b6758a0ca5d21db6d167e0277484341929b""]"
eddyrivaslab/infernal,0,{},"[""github:eddyrivaslab/infernal""]","[""f80cd7618636e44e3963f65625cea78c38a8d823""]"
edinburgh-genome-foundry/dnafeaturesviewer,0,{},"[""github:edinburgh-genome-foundry/dnafeaturesviewer""]","[""049bbe4e3063e90ae9b0f88ac7e92f47b735d38a""]"
ega-archive/crypt4gh,0,{},"[""github:ega-archive/crypt4gh""]","[""7e1d4053c8b04995f32081fa564f014242a214eb""]"
eggnogdb/eggnog-mapper,0,{},"[""github:eggnogdb/eggnog-mapper""]","[""b3757a6d226047527a729546e58ff530d76a5d7d""]"
ei-corebioinformatics/portcullis,0,{},"[""github:ei-corebioinformatics/portcullis""]","[""3adf757e3f90ef4a931025906fa82d7aabd53fba""]"
electrostatics/mmcif_pdbx,0,{},"[""github:electrostatics/mmcif_pdbx""]","[""3f7259c19bc0ce597e1acf0221cfdc1f71c09e61""]"
electrostatics/pdb2pqr,0,{},"[""github:electrostatics/pdb2pqr""]","[""d97ba38fe8ef115734b7e04fa01582f318846bf7""]"
ellisdg/3dunetcnn,5,"{""Jupyter"": 5}","[""github:ellisdg/3dunetcnn""]","[""4360713f5ae4a985c66374d003b007a7b415f88e""]"
ensembl/ensembl-vep,0,{},"[""github:ensembl/ensembl-vep""]","[""cee181c2a1bb31900a0b7526168c67577fb23928""]"
epam/indigo,7,"{"".NET Interactive"": 1, ""Jupyter"": 6}","[""github:epam/indigo""]","[""c0c22c698bb96aa944e50f1ae31e6810492c5074""]"
epam/ketcher,0,{},"[""github:epam/ketcher""]","[""e4f37974e07a1a6c20f33c556c53d3852492b0da""]"
eselkin/awesome-computational-neuroscience,0,{},"[""github:eselkin/awesome-computational-neuroscience""]","[""389b6d493dabaf24d7464bd70a0ea29ae6b3475a""]"
etal/cnvkit,0,{},"[""github:etal/cnvkit""]","[""b4509b4f4582571590cf400b04ad965662a3d121""]"
etal/cnvkit-examples,0,{},"[""github:etal/cnvkit""]","[""7b5b4395a17f72f61f572d27ec30f3fc6f914b10""]"
etetoolkit/ete,0,{},"[""github:etetoolkit/ete""]","[""9562dfb6a02795dfda3975be5025f83b8dc884b1""]"
evanyeyeye/rainbow,0,{},"[""github:evanyeyeye/rainbow""]","[""e63c79e5842fb9882bc2fe6459ce8f773275e34f""]"
evo-design/evo,1,"{""Jupyter"": 1}","[""github:evo-design/evo""]","[""6856bba48bd0b212fb10919bdafc34795338e154""]"
eyurtsev/fcsparser,1,"{""Jupyter"": 1}","[""github:eyurtsev/fcsparser""]","[""da70aaa7ec92ff3bd9ce00aec4eea7c77ee8c096""]"
facebookresearch/esm,8,"{""Jupyter"": 8}","[""github:facebookresearch/esm""]","[""2b369911bb5b4b0dda914521b9475cad1656b2ac""]"
facebookresearch/fastmri,2,"{""Jupyter"": 2}","[""github:facebookresearch/fastmri""]","[""91f2df4711adbb6d643df1810f234e4abcf5881b""]"
fahadshamshad/awesome-transformers-in-medical-imaging,0,{},"[""github:fahadshamshad/awesome-transformers-in-medical-imaging""]","[""d7768e4860d121cbbb5c19bc81ec83d79cc893e0""]"
fastdatascience/drug_named_entity_recognition,2,"{""Jupyter"": 2}","[""github:fastdatascience/drug_named_entity_recognition""]","[""fc46f9c8241f49f8dd225bd92d7ded9e727bc965""]"
fastdatascience/medical_named_entity_recognition,0,{},"[""github:fastdatascience/medical_named_entity_recognition""]","[""6967169f91c9eeecf26c513b841d2ac479d09195""]"
fastlmm/bed-reader,1,"{""Jupyter"": 1}","[""github:fastlmm/bed-reader""]","[""0128fc755745c8e1cbe49d677479e5cfc3b2f49e""]"
fastlmm/pysnptools,4,"{""Jupyter"": 4}","[""github:fastlmm/pysnptools""]","[""5230e0cf6942dcfa7913df512787bcd91f6e99d1""]"
fastobo/fastobo-py,3,"{""Jupyter"": 3}","[""github:fastobo/fastobo-py""]","[""08e17fd483d62dc468a1e9211991ad5497384775""]"
federicomarini/goseq,1,"{""Sweave/knitr"": 1}","[""github:federicomarini/goseq""]","[""683c7baae0a151fe653f58b90b7f0179c3365a41""]"
federicomarini/topgo,1,"{""R Markdown"": 1}","[""github:federicomarini/topgo""]","[""c35a4c60d1845caf5c6607a3dfd53d3169fde409""]"
felixkrueger/trimgalore,0,{},"[""github:felixkrueger/trimgalore""]","[""c6528e54512e0e388a392d36475291bcbf0eb0dd""]"
fideus-labs/ngff-zarr,1,"{""Jupyter"": 1}","[""github:fideus-labs/ngff-zarr""]","[""00db10898d8b025cf29bd07cc1e9d054eaf7949c"", ""7353cf208da3e90398c3ba5adffd636727c34116""]"
fieldtrip/fieldtrip,0,{},"[""github:fieldtrip/fieldtrip""]","[""7bcde3ff5ff0222693d433343f7f04db579a64a9""]"
fnndsc/ami,0,{},"[""github:fnndsc/ami""]","[""9e97472a0d24ee9dcab3d8cf8881351d6630a1ff""]"
fo-dicom/fo-dicom,0,{},"[""github:fo-dicom/fo-dicom""]","[""7ea6d424d0b0e11ecf6a55e81a8ac58b05d5e3e2""]"
fooof-tools/fooof,0,{},"[""github:fooof-tools/fooof""]","[""d2cdf025331598f53563efe249dbc0e43a3fb54b""]"
forlilab/meeko,0,{},"[""github:forlilab/meeko""]","[""1eac18bd6d1111f35f9f1abaa8af502c2668d054""]"
forlilab/tutorials,0,{},"[""github:forlilab/meeko""]","[""cd3dd8dbddcba347c6ee3b9f8e7bdf67729b0291""]"
frederickhuanglin/ancombc,6,"{""R Markdown"": 6}","[""github:frederickhuanglin/ancombc""]","[""dc4febdf59badb3a8dfe0c767ef2186323c2199a""]"
freebayes/freebayes,0,{},"[""github:freebayes/freebayes""]","[""fdf7eee643767688c11015c17126732aca1a69f6""]"
freedomintelligence/awesome-ai4med,0,{},"[""github:freedomintelligence/awesome-ai4med""]","[""62def4feb707cf4df9a3aeb2ffa4735c4a5cc5f2""]"
freesurfer/freesurfer,2,"{""Jupyter"": 2}","[""github:freesurfer/freesurfer""]","[""f7e0031df53972a43fda34d9f4488ba9d39c778b""]"
fritzsedlazeck/sniffles,0,{},"[""github:fritzsedlazeck/sniffles""]","[""684c7cb2f2f1d0a6dfe794617c661b1b7018c8c3""]"
fudan-generative-vision/dynamicpdb,0,{},"[""github:fudan-generative-vision/dynamicpdb""]","[""e1805e09aa9075bb1c9ea75c692a142e09613ab0""]"
fulcrumgenomics/fgbio,0,{},"[""github:fulcrumgenomics/fgbio""]","[""e51a661b0e3b6a2ba2f1c98e389450d6b9fa3e97""]"
ga4gh/vrs-python,6,"{""Jupyter"": 6}","[""github:ga4gh/vrs-python""]","[""859e77a132b8f097d52e1f0023cfa3d9225aa208""]"
gaius-augustus/augustus,0,{},"[""github:gaius-augustus/augustus""]","[""220e5a63c0fd546563472ec6d1f9271faddaf569""]"
galaxyproject/bioblend,0,{},"[""github:galaxyproject/bioblend""]","[""42ddabd09e97bd78e259e876e394b4204476004f""]"
galaxyproject/galaxy,5,"{""Jupyter"": 5}","[""github:galaxyproject/galaxy""]","[""40f80ba8d732d24b50ba5a8dc0b92a3b4aaf53ad""]"
galaxyproject/galaxy-lib,0,{},"[""github:galaxyproject/galaxy-lib""]","[""6743b69fd2e622da150c26f64a5e5e5ae9334f91""]"
gbif/pygbif,1,"{""Jupyter"": 1}","[""github:gbif/pygbif""]","[""dcbdb6400d2e8258ae19aa3371bab48138a919de""]"
gcorso/diffdock,0,{},"[""github:gcorso/diffdock""]","[""85c49b60d3e0b0182a59ee43a34a6d7036981284""]"
ge11232002/cner,3,"{""R Markdown"": 2, ""Sweave/knitr"": 1}","[""github:ge11232002/cner""]","[""4e2b72c9c372cf782cdaaff24803ec354a6ea665""]"
ge11232002/tfbstools,2,"{""R Markdown"": 1, ""Sweave/knitr"": 1}","[""github:ge11232002/tfbstools""]","[""535a5544d1669a808755355e8d51e76c9757563e""]"
genenotebook/genenotebook,0,{},"[""github:genenotebook/genenotebook""]","[""acbd02b0a08caf01517a765898f43116ab0d12c0""]"
genenotebook/genenotebook.github.io,0,{},"[""github:genenotebook/genenotebook"", ""github:gogepp/genoboo""]","[""6a300cd3c905ec052c6d7f40996354073f552d8a""]"
generatebio/chroma,4,"{""Jupyter"": 4}","[""github:generatebio/chroma""]","[""929407c605013613941803c6113adefdccaad679""]"
genometools/genometools,0,{},"[""github:genometools/genometools""]","[""1f0ff66b3ab77021250b7bc474a8d423149290db""]"
genomoncology/biomcp,0,{},"[""github:genomoncology/biomcp""]","[""5bb12367d1ba5937161c5608f2e97b0d15ead9c8""]"
ggloor/aldex_bioc,3,"{""R Markdown"": 3}","[""github:ggloor/aldex_bioc""]","[""0cffe7151bd00752719acf64fa62ced09482072d""]"
girke-lab/chemminer,1,"{""R Markdown"": 1}","[""github:girke-lab/chemminer""]","[""f362c577eabb049b59361ee61ca924cf013b2b3a""]"
gmod/jbrowse-components,0,{},"[""github:gmod/jbrowse-components""]","[""6de85a5a3f6dbb8af450c2f5b3acdc4fa4310c7e""]"
gnina/gnina,3,"{""Jupyter"": 3}","[""github:gnina/gnina""]","[""6fe1ce2bb9c35c8067de9f49bb9169857dfbad70""]"
gogepp/genoboo,0,{},"[""github:gogepp/genoboo""]","[""cf5212b2841d7e425351d643c97b8172f0a931e5""]"
gokceneraslan/awesome-deepbio,0,{},"[""github:gokceneraslan/awesome-deepbio""]","[""f4bc7fd82c5b1314c08ffd822418a6fcaa8d4316""]"
google-deepmind/alphafold,1,"{""Jupyter"": 1}","[""github:google-deepmind/alphafold""]","[""c77e5d2a8961d1a353632c462914ff0a32a950f6""]"
google-deepmind/alphafold3,0,{},"[""github:google-deepmind/alphafold3""]","[""a66cc5226d5fbcf7b08af4495af6fd7262178e38""]"
google-deepmind/alphagenome,10,"{""Jupyter"": 10}","[""github:google-deepmind/alphagenome""]","[""dbd5cafcaf222ed660c292dbe144be4aa623ce70""]"
google/deepvariant,1,"{""Jupyter"": 1}","[""github:google/deepvariant""]","[""45f2627504c59785ea2b88d0256a2ec347bce7b4""]"
google/nucleus,1,"{""Jupyter"": 1}","[""github:google/nucleus""]","[""68d3947fafba1337f294c0668a6e1c7f3f1273e3""]"
googlecloudplatform/vertex-ai-samples,1,"{""Jupyter"": 1}","[""github:google-deepmind/alphagenome""]","[""3ef8480f42e6b7c75dc04528b064be2fe09fac78""]"
gpertea/stringtie,0,{},"[""github:gpertea/stringtie""]","[""d1dc38ddb681089b2e8faaabdcfee772af6fb033""]"
gptomics/bioskills,3,"{""Quarto"": 2, ""R Markdown"": 1}","[""github:gptomics/bioskills""]","[""d91ed3d563019e649dc854c56ccd62551359488a""]"
graylab/dl4proteins-notebooks,18,"{""Jupyter"": 18}","[""github:graylab/dl4proteins-notebooks""]","[""48720065cc06a703bbe255e8fcfab498bbf4e893""]"
greenelab/deep-review,1,"{""Jupyter"": 1}","[""github:greenelab/deep-review""]","[""44ff95a2756bd03a32c046eb8983ac9c4f223b0a""]"
gregoryfaust/samblaster,0,{},"[""github:gregoryfaust/samblaster""]","[""b642639117eafedc760d8b84c0d2c4872b0da084""]"
gromacs/gromacs,1,"{""Jupyter"": 1}","[""github:gromacs/gromacs""]","[""71fab0f364b0aca9a4ebddc57c66c5180a756598""]"
guma44/geoparse,1,"{""Jupyter"": 1}","[""github:guma44/geoparse""]","[""a3cf2146fc54c759e04d9581fb04c8e863c4d516""]"
haddocking/pdb-tools,0,{},"[""github:haddocking/pdb-tools""]","[""19d55fb7a13a7e68e7b0de35a6e31575d90c53a5""]"
hail-is/hail,18,"{""Jupyter"": 18}","[""github:hail-is/hail""]","[""86a1e71f78104df03f40dfd9b19baf0857a59fe6""]"
hannesstark/boltzgen,1,"{""Jupyter"": 1}","[""github:hannesstark/boltzgen""]","[""a3149cf18eeb58648d1abbb27539bd73f746cdda""]"
hansenlab/bsseq,3,"{""R Markdown"": 3}","[""github:hansenlab/bsseq""]","[""449fdcbff7f0c551534faa34e0318c46ee21bc8e""]"
hansenlab/minfi,1,"{""R Markdown"": 1}","[""github:hansenlab/minfi""]","[""6e9859aae23dcf9a19af060e0ed2b95f20f541ec""]"
harvardinformatics/learning-bioinformatics-at-home,0,{},"[""github:harvardinformatics/learning-bioinformatics-at-home""]","[""428ea970ccd797b8b786591bf86679cbd6605a0c""]"
hasindu2008/f5c,0,{},"[""github:hasindu2008/f5c""]","[""08441cd9dbc7e48f4a5a977da3a739625f612f12""]"
hasindu2008/slow5tools,0,{},"[""github:hasindu2008/slow5tools""]","[""8341d93b175cace57f8a6bae6049af6b87630e0c""]"
hazyresearch/hyena-dna,0,{},"[""github:hazyresearch/hyena-dna""]","[""d553021b483b82980aa4b868b37ec2d4332e198a""]"
hcbravolab/metagenomeseq,2,"{""Sweave/knitr"": 2}","[""github:hcbravolab/metagenomeseq""]","[""5de1272be44674ddbeb2865667b4ae7663cbc362""]"
hcbravolab/wrench,1,"{""R Markdown"": 1}","[""github:hcbravolab/wrench""]","[""c6464b51f63c991a4a04a3e9e44c7ec991a6f2ea""]"
helenalc/muscat,4,"{""R Markdown"": 4}","[""github:helenalc/muscat""]","[""861683175a1804430ced420397e72fff16fe92ed""]"
henrikbengtsson/affxparser,0,{},"[""github:henrikbengtsson/affxparser""]","[""6fd83fcaca7707c1b198482ae11bc8aeb0e2c0b2""]"
henrikbengtsson/aroma.light,0,{},"[""github:henrikbengtsson/aroma.light""]","[""76c4d20dad5c1b101442ba4886ee8ab468d2bf70""]"
henrikbengtsson/illuminaio,2,"{""Sweave/knitr"": 2}","[""github:henrikbengtsson/illuminaio""]","[""ee4950a9d30d6687f394eae61c3c552554678404""]"
hilab-git/ssl4mis,0,{},"[""github:hilab-git/ssl4mis""]","[""06df6047a59aba9988ced8331998b5957ecb356b""]"
hredestig/pcamethods,3,"{""Sweave/knitr"": 3}","[""github:hredestig/pcamethods""]","[""ecab0452cd129e95e7a01d731074fdee55204146""]"
hsiaoyi0504/awesome-cheminformatics,0,{},"[""github:hsiaoyi0504/awesome-cheminformatics""]","[""0e841736b611df8f173525c4f814a55945bc63c7""]"
htseq/htseq,0,{},"[""github:htseq/htseq""]","[""76723210af19d37160baa60020c7f1a16c73bc19""]"
huber-group-embl/biomart,2,"{""R Markdown"": 2}","[""github:huber-group-embl/biomart""]","[""3e1a0768933f6c3e00895e02119e4f6e36050dac""]"
huber-group-embl/lpsymphony,1,"{""Sweave/knitr"": 1}","[""github:huber-group-embl/lpsymphony""]","[""83374749a76fa18c414b260c90d91c3fd370afa6""]"
huber-group-embl/rhdf5,3,"{""R Markdown"": 3}","[""github:huber-group-embl/rhdf5""]","[""1c6ed01eaf8682004f647a15a200df1d0f55b0f6""]"
huber-group-embl/rhdf5filters,1,"{""R Markdown"": 1}","[""github:huber-group-embl/rhdf5filters""]","[""b4fd441b28b8d3cb0b36a3816f69eb80b98cb52f""]"
huber-group-embl/rhdf5lib,1,"{""R Markdown"": 1}","[""github:huber-group-embl/rhdf5lib""]","[""deb7fc6cb4618d745a072e713d43adf1ab778c97""]"
huber-group-embl/vsn,6,"{""Quarto"": 1, ""R Markdown"": 3, ""Sweave/knitr"": 2}","[""github:huber-group-embl/vsn""]","[""cdb80675e45236c2f57a2b41d4f98f4f2d6814b2""]"
hucaofighting/swin-unet,0,{},"[""github:hucaofighting/swin-unet""]","[""f48f623e226e25b6e395c37207915c50aaa9c776""]"
hussius/deeplearning-biology,0,{},"[""github:hussius/deeplearning-biology""]","[""9da4faed66e0770090c3e2f066fe68c062c3cabe""]"
hyattpd/prodigal,0,{},"[""github:hyattpd/prodigal""]","[""c1e2d361479cc1b18175ea79ebd8ff10411c46cb""]"
ibm/microscopy,0,{},"[""github:ibm/microscopy""]","[""afc20d1d74053fe1d923274ad4d8b0caf470d1ef""]"
igvteam/igv,0,{},"[""github:igvteam/igv""]","[""f23da3e53398874b2653c8564bbfd00599bdde45""]"
igvteam/igv-docs,0,{},"[""github:igvteam/igv""]","[""8d5720cc1663fa08cdb9b64a61cae30685df59c1""]"
igvteam/igv-notebook,9,"{""Jupyter"": 9}","[""github:igvteam/igv""]","[""0e139fbe15f33c8bc7966d0e010ebe8ba2ccbf89""]"
igvteam/igv.js,0,{},"[""github:igvteam/igv.js""]","[""e6bc7403caed0767c88a5d197fa40092d0441e5a""]"
igvteam/igv.js-docs,0,{},"[""github:igvteam/igv.js""]","[""80cfc0e24a8d6b0814cf2c3463d976779cb08d29""]"
illumina/interop,0,{},"[""github:illumina/interop""]","[""015a85ec100c7a770ed0e27ce7fadc6230a38208""]"
imprintlab/medical-sam-adapter,4,"{""Jupyter"": 4}","[""github:imprintlab/medical-sam-adapter""]","[""5888e722876511f177e8e762498a7986753b7f7d""]"
imprintlab/medical-sam2,0,{},"[""github:imprintlab/medical-sam2""]","[""18b0f5bcea75cb0c212d652ff22ad063bf39ee3a""]"
imprintlab/medsegdiff,0,{},"[""github:imprintlab/medsegdiff""]","[""28b343fddd6bb6dc1bccdaed94ca7ebefe9142f3""]"
insightsoftwareconsortium/itk,0,{},"[""github:insightsoftwareconsortium/itk""]","[""7d10ccaec0f85ebe6be64ef93f818e12131b408b""]"
instadeepai/nucleotide-transformer,16,"{""Jupyter"": 16}","[""github:instadeepai/nucleotide-transformer""]","[""2dc37b86e16a6970fbc731751f7719d9f676f7f9""]"
intermine/intermine-ws-python,0,{},"[""github:intermine/intermine-ws-python""]","[""f14419bfc0b59387b95b0aafb8ff232ae56b07f2""]"
intermine/intermine-ws-python-docs,35,"{""Jupyter"": 35}","[""github:intermine/intermine-ws-python""]","[""e2f35c196627db1f36d9ab10dd5782dc50e4e58b""]"
invesalius/invesalius3,0,{},"[""github:invesalius/invesalius3""]","[""e32395ec5fad1e83110f06df7ca95df39e9c22a1""]"
iobis/pyobis,7,"{""Jupyter"": 7}","[""github:iobis/pyobis""]","[""351086d585edd4e8619325cc2a37bb8fc939c8a7""]"
iqtree/iqtree3,0,{},"[""github:iqtree/iqtree3""]","[""63c330d90dd02241dbbbaf1e9f9e9cc6dadbd1de""]"
isa-tools/isa-rwval,0,{},"[""github:isa-tools/isa-rwval""]","[""653c340f841827e484ee93f781b6d7aef508d3f3""]"
iskandr/osteosarc,0,{},"[""github:iskandr/osteosarc""]","[""fbe956b5801d6c40d8bfaaf8dec22302bb16f74c""]"
ivanek/gviz,1,"{""R Markdown"": 1}","[""github:ivanek/gviz""]","[""d561187c88ef65a60d8ea1f4026ea01f8dc2a237""]"
ivanek/seqlogo,1,"{""R Markdown"": 1}","[""github:ivanek/seqlogo""]","[""c540d31a719714ad9ba30f0bc4a5cd36b0d09187""]"
ivmartel/dwv,0,{},"[""github:ivmartel/dwv""]","[""af284925c3c0382c0f537fb18b8c9b9fe8d4f1d1""]"
jackcurragh/rust,0,{},"[""github:jackcurragh/rust""]","[""4ea85087f51e00f8e5e004f3af1c40ee40662e50""]"
jackh726/bigtools,1,"{""Jupyter"": 1}","[""github:jackh726/bigtools""]","[""b1fd2835a0981e9132500618b3d32dbcbfe5b62c""]"
jamescasbon/pyvcf,0,{},"[""github:jamescasbon/pyvcf""]","[""476169cd457ba0caa6b998b301a4d91e975251d9""]"
jax-md/jax-md,17,"{""Jupyter"": 17}","[""github:jax-md/jax-md""]","[""a41c7d19f6468f4e5263c32c12c9ed6cba26ebff""]"
jbkinney/logomaker,15,"{""Jupyter"": 15}","[""github:jbkinney/logomaker""]","[""728d0373aa15897a2cd04c47415e2eb2dbcfefbe""]"
jcruan519/vm-unet,0,{},"[""github:jcruan519/vm-unet""]","[""b87827eb5a5faff00bd4b7b6505e56d3ca813ca2""]"
jeetsukumaran/dendropy,0,{},"[""github:jeetsukumaran/dendropy""]","[""f11c65473b0d105d514e46466cb77442e886aaf1""]"
jeffdaily/parasail-python,0,{},"[""github:jeffdaily/parasail-python""]","[""ddd3a97a76fb7721fe727c41bddb5fde96af3291""]"
jenojp/negspacy,0,{},"[""github:jenojp/negspacy""]","[""39125b090b6ff880582ca4e3b49b699c43e4bf4c""]"
jensengroup/propka,0,{},"[""github:jensengroup/propka""]","[""58ceb7ba5cbfa836805fe515e08aaf512044a878""]"
jeremymcrae/bgen,0,{},"[""github:jeremymcrae/bgen""]","[""e183eb60adc71704bebc2390a1da2a21c25b4cd1""]"
jeremymcrae/liftover,0,{},"[""github:jeremymcrae/liftover""]","[""2b136ec2b42c8d34739a4c75459119a6c1b8e2fb""]"
jeya-maria-jose/medical-transformer,0,{},"[""github:jeya-maria-jose/medical-transformer""]","[""62f40a530c912d6b1cf297a52af7d22834ad6640""]"
jfjlaros/barcode,0,{},"[""github:jfjlaros/barcode""]","[""eefd5250e0d6ae83478890f74a5b98dbe406030b""]"
jfnavarro/taggd,0,{},"[""github:jfnavarro/taggd""]","[""3a7223f165dea4d3ba3fbededc240bf852a905ae""]"
jinworks/cellchat,9,"{""R Markdown"": 9}","[""github:jinworks/cellchat""]","[""75253cd0c9e68410e6e721a6d3a0419a1d7e358f""]"
jmschrei/bpnet-lite,11,"{""Jupyter"": 11}","[""github:jmschrei/bpnet-lite""]","[""b37e766bd7a2bef1614cf18d8bac38167e6f6ff5""]"
jmschrei/ledidi,9,"{""Jupyter"": 9}","[""github:jmschrei/ledidi""]","[""673efe4720a951eade1d5aeab31f68ef08b2168d""]"
jmschrei/memesuite-lite,3,"{""Jupyter"": 3}","[""github:jmschrei/memesuite-lite""]","[""61d8487c66e2d365ec9f5dbdfd1521d51a0bc8e6""]"
jmschrei/tangermeme,20,"{""Jupyter"": 20}","[""github:jmschrei/tangermeme""]","[""c1f2f68cfa4b781f541b85ad44de8fc0011dd13c""]"
joachimwolff/vardictjava,0,{},"[""github:joachimwolff/vardictjava""]","[""030423d254b6480a0c87337b046445b1cddb3f04""]"
joey711/biomformat,1,"{""R Markdown"": 1}","[""github:joey711/biomformat""]","[""3345a4c15483f74035cd4209741296474f9bd81a""]"
joey711/phyloseq,4,"{""R Markdown"": 4}","[""github:joey711/phyloseq""]","[""8a6c2350b985afb909428d396081605e9b3e2f0b""]"
johof/lungmask,0,{},"[""github:johof/lungmask""]","[""87fc9f2b701458a6d38f5e64d59a5e60bc68c884""]"
jokergoo/complexheatmap,2,"{""R Markdown"": 2}","[""github:jokergoo/complexheatmap""]","[""ad11b26afe8c63dc05b20035503352ca740f602e""]"
jokergoo/enrichedheatmap,5,"{""R Markdown"": 5}","[""github:jokergoo/enrichedheatmap""]","[""578d10578ea8b9c2ebda7721145214d8da6fba81""]"
jokergoo/rgreat,11,"{""R Markdown"": 11}","[""github:jokergoo/rgreat""]","[""f5c3ad1bbf46485bac2fbc9dc05a3051e974cafa""]"
jokergoo/simona,11,"{""R Markdown"": 11}","[""github:jokergoo/simona""]","[""cf521c86276bd67eb51ee0bbabc156be4d228ea6""]"
jokergoo/simplifyenrichment,5,"{""R Markdown"": 5}","[""github:jokergoo/simplifyenrichment""]","[""9ef3f705791b51dc984bfb5f45cfc9b45dc37906""]"
jorainer/ensembldb,6,"{""R Markdown"": 6}","[""github:jorainer/ensembldb""]","[""eb82f264d218ccf084a66862c3ddbe8c099a6177""]"
jorainer/xcmstutorials,1,"{""R Markdown"": 1}","[""github:sneumann/xcms""]","[""9dbc4d951157c003440499fd191c63dbdba0c0dc""]"
junma11/miccai-opensourcepapers,0,{},"[""github:junma11/miccai-opensourcepapers""]","[""af2508f9003f9dbbff03e51d8f67764d66d0d1e0""]"
junma11/seglossodyssey,0,{},"[""github:junma11/seglossodyssey""]","[""d562441a3bb9d0968f9dae67af705f2ca0872b02""]"
junma11/sota-medseg,0,{},"[""github:junma11/sota-medseg""]","[""0cf735f3bb7270061f18fe352f16cdb0c6f134e5""]"
jvkersch/tmtools,0,{},"[""github:jvkersch/tmtools""]","[""c506ec546699b9b47db9a343d02a69393d23fc68""]"
jwohlwend/boltz,0,{},"[""github:jwohlwend/boltz""]","[""b1ebfc46ecf57f5414e0d1a6f9027bbb122c53bc""]"
k-dense-ai/scientific-agent-skills,0,{},"[""github:k-dense-ai/scientific-agent-skills""]","[""d0c48af8c7b7a71ccc81fcd04c9db53b48439f9b""]"
karel-brinda/samsift,0,{},"[""github:karel-brinda/samsift""]","[""95a0055bc6749db26a1bfcfdec845d0866f9b2d1""]"
kblin/ncbi-genome-download,0,{},"[""github:kblin/ncbi-genome-download""]","[""50480c7ef12b3468aaa65b1d14cc81fabdb3a5fa""]"
keiserlab/e3fp,0,{},"[""github:keiserlab/e3fp""]","[""b30ec93bac04a4f747af8ac2313d4ad3d3c8ddfa""]"
kensho-technologies/sequence_align,0,{},"[""github:kensho-technologies/sequence_align""]","[""64a0ccaabeca92a2795c1e1f2bfb058082aeda17""]"
kent-tokyo/chematic,1,"{""Jupyter"": 1}","[""github:kent-tokyo/chematic""]","[""bdcd0558230e2a4f8f7b557c26cc0ac55964dee4""]"
kevinblighe/enhancedvolcano,1,"{""R Markdown"": 1}","[""github:kevinblighe/enhancedvolcano""]","[""ac469cfa36d9d10429b1cc0cae8be4d455ba3282""]"
kevinblighe/pcatools,2,"{""R Markdown"": 2}","[""github:kevinblighe/pcatools""]","[""6da9b6856906507f734fcccfe85f341a3ed381f0""]"
kexinhuang12345/deeppurpose,34,"{""Jupyter"": 34}","[""github:kexinhuang12345/deeppurpose""]","[""866be98bad0b11e78d4363589b9ee59b5befa307""]"
konstantint/pyliftover,0,{},"[""github:konstantint/pyliftover""]","[""10b422fa8bb1a683eb2cc1d897472b2d2e1797b1""]"
krishnaswamylab/scprep,2,"{""Jupyter"": 2}","[""github:krishnaswamylab/scprep""]","[""320c666b547fc77738e291c655c885fafb887d25""]"
kstreet13/slingshot,2,"{""R Markdown"": 2}","[""github:kstreet13/slingshot""]","[""3fa552f37148a24a9ef4f7bb5ec00e594a39d8cf""]"
kyegomez/open-af3,0,{},"[""github:kyegomez/open-af3""]","[""50801b8839e3d5d8cab61ed19594715970cff215""]"
labsyspharm/scimap,18,"{""Jupyter"": 18}","[""github:labsyspharm/scimap""]","[""5666f0d7c1f290c5f36b070b845754cf365f9fe6""]"
laminlabs/bionty,0,{},"[""github:laminlabs/bionty""]","[""d20644650d2e707e6a0832c8055acae4dca90347""]"
laminlabs/lamindb,11,"{""Jupyter"": 11}","[""github:laminlabs/lamindb""]","[""1ea9b0fa06d60ac021d010e13d41c6338dc81a50""]"
lammps/lammps,7,"{""Jupyter"": 6, ""Wolfram notebook"": 1}","[""github:lammps/lammps""]","[""b332f28ce4f4e770c9636d3f6ec323b616f0c42e""]"
lamortenera/bamsignals,1,"{""R Markdown"": 1}","[""github:lamortenera/bamsignals""]","[""80ce5c52a4249962c07c65a4871824e58dab5590""]"
latchbio/latch,0,{},"[""github:latchbio/latch""]","[""b3768e65c6d496868f6e530f11977d857ad85dc7""]"
lawremi/ggbio,2,"{""Sweave/knitr"": 2}","[""github:lawremi/ggbio""]","[""5d104a4e36e812869893258a05619b0323c511a6""]"
lbcb-sci/racon,0,{},"[""github:lbcb-sci/racon""]","[""a2cfcac281d312a73912a97d6d960404f516c389""]"
lcolladotor/derfinder,3,"{""R Markdown"": 3}","[""github:lcolladotor/derfinder""]","[""38d7a03c2f39137f65b714b00e5dbf659571a586""]"
levitsky/pyteomics,1,"{""Jupyter"": 1}","[""github:levitsky/pyteomics""]","[""e5df6be963e0c276d33ba66aeaa1decbf03bcc6b""]"
lgatto/msnbase,5,"{""R Markdown"": 5}","[""github:lgatto/msnbase""]","[""e835503b57f07e1005c90555d26e15ef4cbc5913""]"
lgatto/proloc,5,"{""R Markdown"": 5}","[""github:lgatto/proloc""]","[""8f13f53c53fee97dfc42628525808bffddab037f""]"
lh3/bwa,0,{},"[""github:lh3/bwa""]","[""d82444c17edc2384420409f85557c6ae84019732""]"
lh3/minimap2,0,{},"[""github:lh3/minimap2""]","[""3c28777e7e2dcc90f825de1b9f17a89cca7d4452""]"
lh3/seqtk,0,{},"[""github:lh3/seqtk""]","[""94e707082d39b0a038f234df676e32d9802c0dc7""]"
lh3/trimadap,0,{},"[""github:lh3/trimadap""]","[""ec5a764e1834363ae0c4b52f52bdb114ff7af265""]"
libnano/primer3-py,0,{},"[""github:libnano/primer3-py""]","[""7c3a65d204ade97bb49d91d116e28a373ac660ce""]"
libscran/rigraphlib,1,"{""R Markdown"": 1}","[""github:libscran/rigraphlib""]","[""327e8cc9c6c0b50fef59c2cde4b4abcc62c5b87a""]"
libscran/scrapper,1,"{""R Markdown"": 1}","[""github:libscran/scrapper""]","[""224ce0f797369612000a3650ef61264c2866d2e7""]"
lieberinstitute/recount3,2,"{""R Markdown"": 2}","[""github:lieberinstitute/recount3""]","[""0f6161ff392cf83df969a52971d2020f761b1217""]"
liguowang/crossmap,0,{},"[""github:liguowang/crossmap""]","[""2fefee44bcc28041ecae26e77198337c8caf6546""]"
linhandev/dataset,0,{},"[""github:linhandev/dataset""]","[""03debac8ed9aa8fa9ee8b39552bdbfd5fc448fd3""]"
linkml/prefixmaps,0,{},"[""github:linkml/prefixmaps""]","[""fb8c1c25a8df2b3162b91a6e6fcc4274ea99c8b7""]"
linnarsson-lab/loompy,1,"{""Jupyter"": 1}","[""github:linnarsson-lab/loompy""]","[""a819291e68a1dd14531e0b85c779f45a57c43894""]"
lirongwu/awesome-protein-representation-learning,0,{},"[""github:lirongwu/awesome-protein-representation-learning""]","[""97d848f9bbcde020070a41189f9e317c4ffeee32""]"
lixiang117423/biopytools,0,{},"[""github:lixiang117423/biopytools""]","[""57061e6d7ce629cafde74171c0de7cd711e66a77""]"
lmdu/pyfastx,0,{},"[""github:lmdu/pyfastx""]","[""7d82c66b1f5d079d6b7d46f878d156cbaa6c01aa""]"
lpdi-epfl/masif,3,"{""Jupyter"": 3}","[""github:lpdi-epfl/masif""]","[""2a370518e0d0d0b0d6f153f2f10f6630ae91f149""]"
ltla/assorthead,1,"{""R Markdown"": 1}","[""github:ltla/assorthead""]","[""caf3a73117c673b9f613bec040c4927c76f37fee""]"
ltla/basilisk,1,"{""R Markdown"": 1}","[""github:ltla/basilisk""]","[""b653397a00e0d3462a412eb88e33e20a69cf2082""]"
ltla/biocmake,1,"{""R Markdown"": 1}","[""github:ltla/biocmake""]","[""b1fd350719f1b180706e4efa8ee3e04412315287""]"
ltla/biocsingular,2,"{""R Markdown"": 2}","[""github:ltla/biocsingular""]","[""8544ac52d53b7bb2149fed8268a99484a606c18e""]"
ltla/metapod,1,"{""R Markdown"": 1}","[""github:ltla/metapod""]","[""2a14a2c98fab3835812e6541d5535ed18a998c19""]"
ltla/residualmatrix,1,"{""R Markdown"": 1}","[""github:ltla/residualmatrix""]","[""d568a7c0c34bf0a1897a0d236b5de9abec896fdb""]"
ltla/scaledmatrix,1,"{""R Markdown"": 1}","[""github:ltla/scaledmatrix""]","[""bb57f297126583172c0f45453a6e90a3dac81a28""]"
ltla/trajectoryutils,1,"{""R Markdown"": 1}","[""github:ltla/trajectoryutils""]","[""45be4e6e0619a7ec196090cb442b84929b405317""]"
lucasduclos/acoustooptictomography,0,{},"[""github:lucasduclos/acoustooptictomography""]","[""9b9e161d605fee5efcf4e44617f9c849c2b0503e""]"
lucidrains/alphafold3-pytorch,0,{},"[""github:lucidrains/alphafold3-pytorch""]","[""a52ca288977ed1fc1565dded0a8b434d3dc5201d""]"
m3g/packmol,0,{},"[""github:m3g/packmol""]","[""14e50c65fa9120b58e1ba33ad482c7c7260f72b2""]"
maabuu/posebusters,1,"{""Jupyter"": 1}","[""github:maabuu/posebusters""]","[""1dd61e568d4507b5ab5579e161806447bca3b859""]"
macs3-project/macs,4,"{""Jupyter"": 4}","[""github:macs3-project/macs""]","[""c5443190e3edfeb301cc94acf450e2b2c026a223""]"
mapping-commons/sssom-py,0,{},"[""github:mapping-commons/sssom-py""]","[""699d590bef6b174800fa438ecb4382b1f1b5adfd""]"
marbl/mash,0,{},"[""github:marbl/mash""]","[""5df1f984a06d568b4c47540042a0e619fd1f7bdd""]"
marcelm/cutadapt,0,{},"[""github:marcelm/cutadapt""]","[""4927632f7c546dd290c53501c8417f909252befe""]"
marcelm/dnaio,0,{},"[""github:marcelm/dnaio""]","[""538cbef4b036d78957ef88cfd1adbe6f01ff980e""]"
mareesat/gwa_tutorial,0,{},"[""github:mareesat/gwa_tutorial""]","[""4481d05936b5acc074c0856fe85ac058e91c9bfa""]"
mariewelt/openchem,0,{},"[""github:mariewelt/openchem""]","[""f427076119683bf14152644fb7adf9b32f0cf7e2""]"
marionilab/milor,4,"{""R Markdown"": 4}","[""github:marionilab/milor""]","[""4ecad8927609d906520f36c54cb24f96e79655ee""]"
marionilab/scran,1,"{""R Markdown"": 1}","[""github:marionilab/scran""]","[""569d2f89d928451efa912f52f213af2f47c3a695""]"
marsilea-viz/marsilea,0,{},"[""github:marsilea-viz/marsilea""]","[""05620dbe94415dddf3cc8d4abf7e4408deadbbe2""]"
martinpacesa/bindcraft,3,"{""Jupyter"": 3}","[""github:martinpacesa/bindcraft""]","[""7713aa0d0d351e4117a8befeb8541f3a8ebd3368""]"
martinsos/edlib,0,{},"[""github:martinsos/edlib""]","[""0ddc23ea06abd95ab6227442acb4c27bd7607b68""]"
matchms/matchms,0,{},"[""github:matchms/matchms""]","[""e7d98368b06b689a2a935e4614d1b8d83c269d7f""]"
matchms/matchms-docs,4,"{""Jupyter"": 4}","[""github:matchms/matchms""]","[""796f156c58d25adfb7e1528fcb24eb8c40c143a5""]"
mateidavid/fast5,0,{},"[""github:mateidavid/fast5""]","[""904fa68e2e53815fa9d3a4803eea655948186a65""]"
matteolacki/isospec,2,"{""Jupyter"": 2}","[""github:matteolacki/isospec""]","[""f7d8b68c142d244c7200693719cbb0d07b0a4338""]"
mattmacy/vnet.pytorch,0,{},"[""github:mattmacy/vnet.pytorch""]","[""a00c8ea16bcaea2bddf73b2bf506796f70077687""]"
maximilianh/cellbrowser,0,{},"[""github:maximilianh/cellbrowser""]","[""ca964f1583f751228b2ccce442e76e02846f051e""]"
mcs07/chemdataextractor,1,"{""Jupyter"": 1}","[""github:mcs07/chemdataextractor""]","[""349a3bea965f2073141d62043b89319222e46af1""]"
mcs07/pubchempy,4,"{""Jupyter"": 4}","[""github:mcs07/pubchempy""]","[""9935a14e7fdb4a88d27a99fedce69ca99f004698""]"
mdanalysis/mdanalysis,0,{},"[""github:mdanalysis/mdanalysis""]","[""8b8875c73782c8c7f9710f6f6b9ae715bd5ad1bb""]"
mdanalysis/userguide,38,"{""Jupyter"": 38}","[""github:mdanalysis/mdanalysis""]","[""b20b22d2b050238436c76df0f984be7827854bce""]"
mdozmorov/scrna-seq_notes,0,{},"[""github:mdozmorov/scrna-seq_notes""]","[""29f67a4a31ac540bf42a703b5a540960e84e61df""]"
mdshw5/pyfaidx,0,{},"[""github:mdshw5/pyfaidx""]","[""3e7131240b4f826fe77fff9eda58e5e8ae95d90b""]"
mdtraj/mdtraj,15,"{""Jupyter"": 15}","[""github:mdtraj/mdtraj""]","[""60080d100aa12695f3c7cb1ce7ce8064a736c968""]"
medical-event-data-standard/meds,0,{},"[""github:medical-event-data-standard/meds""]","[""80a6fc1f7dc7235c32c45be372c713e7d9a7210b""]"
medmnist/medmnist,2,"{""Jupyter"": 2}","[""github:medmnist/medmnist""]","[""805b74237fb5bd2db376fd94e50646b6a8905d9d""]"
medspacy/quickumls,0,{},"[""github:medspacy/quickumls""]","[""7deb4bf2a9b40eec5f17cd28e6188c56fa281dbd""]"
metapub/metapub,0,{},"[""github:metapub/metapub""]","[""d84ce02fe4fa104bb0002470dd06f4c49941c3a1""]"
mfranberg/libplinkio,0,{},"[""github:mfranberg/libplinkio""]","[""d99d6813e69c37df0e56387040512853c719d022""]"
mic-dkfz/medicaldetectiontoolkit,0,{},"[""github:mic-dkfz/medicaldetectiontoolkit""]","[""6753237cc4bae558a94b919735d545a2de075e07""]"
mic-dkfz/nnunet,0,{},"[""github:mic-dkfz/nnunet""]","[""2edf34680698d3ee62f5e72f3707082d44fb2db0""]"
microbiome/mia,1,"{""R Markdown"": 1}","[""github:microbiome/mia""]","[""2cba739c55613f51660c6459670c63b39437ccbb""]"
microbiome/microbiome,3,"{""R Markdown"": 3}","[""github:microbiome/microbiome""]","[""d1a308ba4e7f21d99da499c60e26ae0de0b55b14""]"
microbiome/tutorials,69,"{""R Markdown"": 69}","[""github:microbiome/microbiome""]","[""4c9c5eb321358c97369b1d2325ff81906a14ac0b""]"
microsoft/biodiversity,9,"{""Jupyter"": 9}","[""github:microsoft/biodiversity""]","[""d3e0a0697167bb859a6f1c97b2e81344ff86c28a""]"
microsoft/bioemu,1,"{""Jupyter"": 1}","[""github:microsoft/bioemu""]","[""8babb71563e97dc1feb9e3e2fbc00a1224b6a3a7""]"
microsoft/biomedparse,1,"{""Jupyter"": 1}","[""github:microsoft/biomedparse""]","[""f571d5ccaa4f8c0479bb89e390a7ef0dfc0736f4""]"
microsoft/evodiff,2,"{""Jupyter"": 2}","[""github:microsoft/evodiff""]","[""33206e99446f799ec11cf6e57d66ffaec837be91""]"
microsoft/graphormer,0,{},"[""github:microsoft/graphormer""]","[""59c0decffcade9df81d29dcc178a489b31958bab""]"
mikolmogorov/flye,0,{},"[""github:mikolmogorov/flye""]","[""886b8c17412cdf3a2868a28237bca6c5ad1da156""]"
mims-harvard/primekg,11,"{""Jupyter"": 10, ""R Markdown"": 1}","[""github:mims-harvard/primekg""]","[""32a3818cf7ff981081c4887c20b2f733ad6ec0a6""]"
mims-harvard/tdc,17,"{""Jupyter"": 17}","[""github:mims-harvard/tdc""]","[""c310c35f27e3f506411018ac43d97b8ba23ca652""]"
mirditalab/colabfold-legacy-kernels,0,{},"[""github:mirditalab/colabfold-legacy-kernels""]","[""eb01eb39733b5f582a1d10b2c4ab2a60520fe4f0""]"
mitk/mitk,1,"{""Jupyter"": 1}","[""github:mitk/mitk""]","[""bc7e87646871793d492e31aa09b176f59cb182f7""]"
mixomics-org/mixomics,3,"{""R Markdown"": 3}","[""github:mixomics-org/mixomics""]","[""ef3e760526623d9e91e945e4b50be48d764efc40""]"
mlcil/scikit-fingerprints,10,"{""Jupyter"": 10}","[""github:mlcil/scikit-fingerprints""]","[""137e868aef0893dce240d34e2713e812766dc193""]"
mlmed/torchxrayvision,24,"{""Jupyter"": 24}","[""github:mlmed/torchxrayvision""]","[""b516b09e108671698b6ea5d93bb0a2bf8856a2ee""]"
mne-tools/mne-python,2,"{""Percent-cell notebook"": 2}","[""github:mne-tools/mne-python""]","[""b112d10c12405ab7a378b6f2fe9824feb34530bd""]"
modeci/mdf,5,"{""Jupyter"": 5}","[""github:modeci/mdf""]","[""7704b6b24c1d96d9c47aea830f4aba8e36064282""]"
molecularai/aizynthfinder,1,"{""Jupyter"": 1}","[""github:molecularai/aizynthfinder""]","[""21ff546d5f22331b078390a2f12dc04defc3f39c""]"
molecularai/reinvent4,3,"{""Jupytext"": 3}","[""github:molecularai/reinvent4""]","[""660d2c9cec9ea1ced1b452394fd38452e478fc8b""]"
molecularsets/moses,0,{},"[""github:molecularsets/moses""]","[""dd7ed6ab38e23afd3ef5371d67939a1760bd8599""]"
molpopgen/fwdpy11,4,"{""Jupytext"": 4}","[""github:molpopgen/fwdpy11""]","[""ab5937a9200616f13d677614fe58bdbb3a697678""]"
molpopgen/libsequence,0,{},"[""github:molpopgen/libsequence""]","[""ff1a4f698ed2fac40301ff466a6253c82889fd6d""]"
molstar/mol-view-spec,16,"{""Jupyter"": 16}","[""github:molstar/mol-view-spec""]","[""45c11f90ed7b1ee96bff03dea2f049ad55a8c7aa""]"
molstar/mol-view-spec-docs,0,{},"[""github:molstar/mol-view-spec""]","[""161364a3ef23a1111b0852ea8eac7921ac2b5ab3""]"
momentsld/moments,0,{},"[""github:momentsld/moments""]","[""375eddb2ee017eca03ba77ad89f67365b5515d64""]"
mordred-descriptor/mordred,0,{},"[""github:mordred-descriptor/mordred""]","[""c9de906f0d7829a9abe80658b19f4f9f9aef6648""]"
morgannprice/fasttree,0,{},"[""github:morgannprice/fasttree""]","[""a5a2723ea1e64faf3da7ea514521cfa348891add""]"
moshi4/pycirclize,8,"{""Jupyter"": 8}","[""github:moshi4/pycirclize""]","[""5a0f36111a4bbfab3e3d765e7365a1108f891dcb""]"
mothur/mothur,0,{},"[""github:mothur/mothur""]","[""81f1137e154529b88abd6df1c79f37e743ec5ba5""]"
mothur/mothur.github.io,1,"{""R Markdown"": 1}","[""github:mothur/mothur""]","[""4ea040bd2b5c3f5564ab5eb8dc22fd81c218ce73""]"
mouseland/cellpose,6,"{""Jupyter"": 6}","[""github:mouseland/cellpose""]","[""a54cb48849b7e225a81e8e43dcb042d42427f543""]"
mrgiovanni/modelsgenesis,1,"{""Jupyter"": 1}","[""github:mrgiovanni/modelsgenesis""]","[""4c6c3bdee39e27c20622f1e9a2a8186833e97ceb""]"
mrgiovanni/unetplusplus,0,{},"[""github:mrgiovanni/unetplusplus""]","[""e9153d4243e7bb67880c380ce803b176c81476f1""]"
mritchielab/glimmav2,3,"{""R Markdown"": 3}","[""github:mritchielab/glimmav2""]","[""a93f7fca6b63cdb1f4f74889aa3883334631dca8""]"
msdllcpapers/promb,3,"{""Jupyter"": 3}","[""github:msdllcpapers/promb""]","[""d11c24b1557d3368d6508ecb4f14b51facaf8863""]"
mtmorgan/dirichletmultinomial,1,"{""R Markdown"": 1}","[""github:mtmorgan/dirichletmultinomial""]","[""038617b74740c9d84e06b0cb182a68c525aad039""]"
multiqc/multiqc,0,{},"[""github:multiqc/multiqc""]","[""dc565eb9eef7b22a289ab7eec78e5efb6bf297c3""]"
nanoporetech/dorado,0,{},"[""github:nanoporetech/dorado""]","[""8b8fc5d36a9c0baab262a743cb175b5878e38ca6""]"
nanoporetech/medaka,0,{},"[""github:nanoporetech/medaka""]","[""293b33dbf168935aee4d5b2f3e1a92f4a54e409f""]"
nanoporetech/pod5-file-format,0,{},"[""github:nanoporetech/pod5-file-format""]","[""fdbe60a9a52aab8ce548be23b7e4025c9af89779""]"
napari/docs,0,{},"[""github:napari/napari""]","[""c39f8864c8aac9713dcb8fb93e904d173cc94ea0""]"
napari/napari,1,"{""Jupyter"": 1}","[""github:napari/napari""]","[""56cffbd5754ce9dbf7595c8e8791f64b1d415e43""]"
napari/napari-plugin-engine,0,{},"[""github:napari/napari-plugin-engine""]","[""8c04a76a907ef12d0c9ded8f5959bc1f44e0539a""]"
napari/napari-plugin-manager,0,{},"[""github:napari/napari-plugin-manager""]","[""73cffe596914de82f38f100a2e862318677ca160""]"
natir/yacrd,0,{},"[""github:natir/yacrd""]","[""36f69046e13d807d13ab9ccecec2b52dc770b485""]"
naver/biobert-pretrained,0,{},"[""github:naver/biobert-pretrained""]","[""b2be8384716b7801e45110422272684e0c8f2f21""]"
navis-org/skeletor,1,"{""Jupyter"": 1}","[""github:navis-org/skeletor""]","[""687f0787205ec9d3a15af99fc2add3d4a20026c5""]"
ncbi/amr,0,{},"[""github:ncbi/amr""]","[""9f0987075f2787ba0566a73e172c340aff63f8af""]"
ncbi/ncbi-cxx-toolkit-public,0,{},"[""github:ncbi/ncbi-cxx-toolkit-public""]","[""6e6243265475a80a82da4c7b0fba8520a94277ce""]"
ncbi/ncbi-vdb,0,{},"[""github:ncbi/ncbi-vdb""]","[""28118ec6254c1a1acbf47ecbdc775d693f178573""]"
ncbi/ngs,0,{},"[""github:ncbi/ngs""]","[""7de9aed2b2d595e1d4577b376ba506c9e7b31d6f""]"
ncbi/sra-tools,0,{},"[""github:ncbi/sra-tools""]","[""434ae787c86e32e7faa5e80417a342c365fa03b0""]"
ndexbio/ndex-jupyter-notebooks,19,"{""Jupyter"": 19}","[""github:ndexbio/ndex2-client""]","[""bf9b991e639e4947a64b1dd6e92a248bfe14423c""]"
ndexbio/ndex2-client,0,{},"[""github:ndexbio/ndex2-client""]","[""e6467d81b90a779f903eaac1dfb6b63eb25938a4""]"
neherlab/treetime,1,"{""Jupyter"": 1}","[""github:neherlab/treetime""]","[""bf091c76fa757a76ae2bb46c0d47d9906732a129""]"
neherlab/treetime_examples,0,{},"[""github:neherlab/treetime""]","[""260e7150c5edcb9d5b6394ee2798e2ce1043bf76""]"
nengo/nengo,34,"{""Jupyter"": 34}","[""github:nengo/nengo""]","[""440db6363f690ea4df52be29b2fa01a5a41399f8""]"
neufeld/pandaseq,0,{},"[""github:neufeld/pandaseq""]","[""5eb701bcf62c13ccc58acea69bb21a9814849dac""]"
neuralensemble/elephant,7,"{""Jupyter"": 7}","[""github:neuralensemble/elephant""]","[""32f1b56fa104ce5a7bc13905458725ea9be34754""]"
neuralensemble/python-neo,0,{},"[""github:neuralensemble/python-neo""]","[""5f64a9e03896489311d0047a27f8bf74786a8453""]"
neurodatawithoutborders/pynwb,6,"{""Jupyter"": 6}","[""github:neurodatawithoutborders/pynwb""]","[""ef74c1660ac4ae6980a86ffbb665fc24e8c2d197""]"
neuromatchacademy/course-content,346,"{""Jupyter"": 346}","[""github:neuromatchacademy/course-content""]","[""44634e960df7a14cd0bf7398187f2d209d26b0e8""]"
neuropsychology/neurokit,24,"{""Jupyter"": 19, ""R Markdown"": 5}","[""github:neuropsychology/neurokit""]","[""ff419d983568ef492eb8d229af643c0ef0100b32""]"
neurotechx/moabb,0,{},"[""github:neurotechx/moabb""]","[""18e7d4c03aeed0b402404a60ae2639c09d0ffee0""]"
neurreps/awesome-neural-geometry,0,{},"[""github:neurreps/awesome-neural-geometry""]","[""6c16ddfb4e44fd1cb925bed9d6b5afc93324f8cc""]"
nextflow-io/nextflow,0,{},"[""github:nextflow-io/nextflow""]","[""508fe13c6d241cdea08ddbdcee62695d6d871fb9""]"
nextstrain/augur,0,{},"[""github:nextstrain/augur""]","[""0d287496eed3816f94d674f5a08201273f479487""]"
nextstrain/docs.nextstrain.org,0,{},"[""github:nextstrain/nextclade""]","[""e0b8c42e12cb23b633e0d39b53a3bf66572dd0eb""]"
nextstrain/nextclade,0,{},"[""github:nextstrain/nextclade""]","[""897b7a72f2cf425c53d0833473a98d6aff2bea42""]"
nextstrain/zika-tutorial,0,{},"[""github:nextstrain/nextclade""]","[""c94859b0cc303302362b6cdd27efe503f4ba5523""]"
nf-core/tools,0,{},"[""github:nf-core/tools""]","[""eb2f709090f4054f45437c34049ea2068567c339""]"
nglviewer/ngl,0,{},"[""github:nglviewer/ngl""]","[""0db88033650614103be761f151efc923b66e977e""]"
nglviewer/nglview,37,"{""Jupyter"": 37}","[""github:nglviewer/nglview""]","[""6abd900ec447b6deddad92f97f814b615440a74f""]"
niflows/nipype1-examples,1,"{""Jupyter"": 1}","[""github:nipy/nipype""]","[""67e09a55c5ffde8f69423dcc9e0a47380d913a25""]"
niftk/niftynet,8,"{""Jupyter"": 8}","[""github:niftk/niftynet""]","[""935bf4334cd00fa9f9d50f6a95ddcbfdde4031e0""]"
nilearn/nilearn,3,"{""Percent-cell notebook"": 1, ""marimo"": 2}","[""github:nilearn/nilearn""]","[""3ae5c15786e8d213b63ae4068b44aa47779834fe""]"
nipreps/fmriprep,0,{},"[""github:nipreps/fmriprep""]","[""e56dc9938e742c789510705372f88fdb5a8206c2""]"
nipreps/fmriprep-notebooks,8,"{""Jupyter"": 8}","[""github:nipreps/fmriprep""]","[""9933a628dfb759dc73e61701c144d67898b92de0""]"
nipreps/niworkflows,0,{},"[""github:nipreps/niworkflows""]","[""0eb323521639665483f651cf088c86047382d656""]"
nipy/nibabel,2,"{""Jupyter"": 2}","[""github:nipy/nibabel""]","[""edf28398253e8ffb5fe879061b531e61bc88be14""]"
nipy/nipype,0,{},"[""github:nipy/nipype""]","[""b02801e61e94301514e58212ee69c29f110318a4""]"
nipy/nitime,0,{},"[""github:nipy/nitime""]","[""a014ce0a298715e231f8ed56e87ed9bda444a12c""]"
nipy/nitransforms,2,"{""Jupyter"": 2}","[""github:nipy/nitransforms""]","[""06537caee1e5908e7faada275187a0568982b549""]"
nipype/pydra,11,"{""Jupyter"": 11}","[""github:nipype/pydra""]","[""928ff51f9f03a076e854538fd798a606108d6bbb""]"
nipype/pydra-tutorial,2,"{""Jupytext"": 2}","[""github:nipype/pydra""]","[""31d3934f3b4f0be53f5be4f4be4a6f9eac4fa2e7""]"
nitrain/nitrain,0,{},"[""github:nitrain/nitrain""]","[""ecd3547c79643687412cb24aa872b4923a4fb865""]"
nitrain/tutorials,0,{},"[""github:nitrain/nitrain""]","[""efb33855b9cca928976bde85cc3b0f9b316ae119""]"
nroduit/weasis,0,{},"[""github:nroduit/weasis""]","[""d9a629c0031f850c9d0dcef599b2c259225ffd99""]"
nsalomonis/altanalyze,0,{},"[""github:nsalomonis/altanalyze""]","[""64f77a77fb3c947bd5eaaaf759bfac2ab0a1b498""]"
nvidia-bionemo/bionemo-recipes,16,"{""Jupyter"": 16}","[""github:nvidia-bionemo/bionemo-recipes""]","[""11701476b005ca7bc489df924a398b8f12453f0b""]"
nyukat/breast_cancer_classifier,1,"{""Jupyter"": 1}","[""github:nyukat/breast_cancer_classifier""]","[""6176ebea6950b0a953339593d2da417ab846dae0""]"
ohif/viewers,0,{},"[""github:ohif/viewers""]","[""9ba15ec7947c39da4173765dab5705f9c5e13e9f""]"
ome/napari-omero,0,{},"[""github:ome/napari-omero""]","[""e327ffb42a9a84321eecfe7fdc288f01475ac606""]"
omicsml/awesome-deep-learning-single-cell-papers,0,{},"[""github:omicsml/awesome-deep-learning-single-cell-papers""]","[""c61f634a76e25ab37244e63744790e1fdcbe33ab""]"
omicverse/omicverse,6,"{""Jupyter"": 6}","[""github:omicverse/omicverse""]","[""450f4701f7b78185376b916e682c09a29c6d79db""]"
omicverse/omicverse-tutorials,328,"{""Jupyter"": 328}","[""github:omicverse/omicverse""]","[""797892f54aaf5e627b15eeba36623487a39a97c2""]"
oncologylab/fp-tools,0,{},"[""github:oncologylab/fp-tools""]","[""636db5fc8b676759a5fc7587570a6bb5534dcc5c""]"
open-science-tools/nd2reader,0,{},"[""github:open-science-tools/nd2reader""]","[""6d825725d0c7574409d56cdbe3680937da25b0bf""]"
open2c/bioframe,4,"{""Jupyter"": 4}","[""github:open2c/bioframe""]","[""95007ed6fc03b01005d75f95cac511b2df286854""]"
open2c/cooler,0,{},"[""github:open2c/cooler""]","[""6c2d65b1420a636193b7f05100a96410ea252147""]"
open2c/cooltools,12,"{""Jupyter"": 12}","[""github:open2c/cooltools""]","[""b1911f75b904d94a3d25a5c7083c543ad245baf0""]"
open2c/open2c_examples,7,"{""Jupyter"": 7}","[""github:open2c/cooltools""]","[""4871149ad5620b3552095dc4c54f147c41ca1c1b""]"
openbabel/openbabel,0,{},"[""github:openbabel/openbabel""]","[""9be528bcdb31a219637ae3d1699170a8aaa5be6d""]"
openbraininstitute/efel,10,"{""Jupyter"": 10}","[""github:openbraininstitute/efel""]","[""3a1652676fc05608f4616a33e874cba049b5a213""]"
openbraininstitute/morphio,2,"{""Jupyter"": 2}","[""github:openbraininstitute/morphio""]","[""be8d1f3cfd4e9aeb4ae1fc24b0a04f84cb5f3114""]"
openchemistry/avogadrolibs,0,{},"[""github:openchemistry/avogadrolibs""]","[""1ed02ac5fcb23ee0e6f87bba183045947a5029dc""]"
opencobra/cobrapy,23,"{""Jupyter"": 23}","[""github:opencobra/cobrapy""]","[""6f83a534569557f6a10bfdf6909522016985e47f""]"
opengene/fastp,0,{},"[""github:opengene/fastp""]","[""8a2397b6628ae14127efdb7566f67fc05f9aea56""]"
openmm/openmm,0,{},"[""github:openmm/openmm""]","[""0c4bcaba734ea574f52f5e09ffaaf4d6fe6109c2""]"
openmm/openmmforcefields,1,"{""Jupyter"": 1}","[""github:openmm/openmmforcefields""]","[""fb86b916b76393392c39b8b73e2eb5c770908942""]"
openms/openms,0,{},"[""github:openms/openms""]","[""55f7bdb0ccabd3f1ef9c9aa04bb66ada6e2067a0""]"
openms/pyopenms-docs,0,{},"[""github:openms/openms""]","[""b04069b7b8e6715cf82365af70478f0e69445f7e""]"
openneuro-py/openneuro-py,0,{},"[""github:openneuro-py/openneuro-py""]","[""b1ffdfd59307dfb593ab35d6e35c45f84cc98261""]"
opensim-org/opensim-core,8,"{""Jupyter"": 8}","[""github:opensim-org/opensim-core""]","[""2aaa04b33463076edb06625693ad9bf98cf3bea4""]"
openslide/openslide-python,0,{},"[""github:openslide/openslide-python""]","[""0e7922447be545a8688f0b5044b2a3801e0a6c9b""]"
opentrons/opentrons,0,{},"[""github:opentrons/opentrons""]","[""c1ebc0783ef1c822912ff6e10b11673eabb4bad4""]"
openvax/datacache,0,{},"[""github:openvax/datacache""]","[""8d651dffa9cd9b1bf440f130ab2aaede9b1884fb""]"
openvax/gtfparse,0,{},"[""github:openvax/gtfparse""]","[""3e0912cff30a32c84be9fc8bbde47d37ac497a3e""]"
openvax/isovar,3,"{""Jupyter"": 3}","[""github:openvax/isovar""]","[""bfd87db6480282c76203f1693b0db35eb6d7701c""]"
openvax/mhcflurry,2,"{""Jupyter"": 2}","[""github:openvax/mhcflurry""]","[""6c0f308973ffa53c351dc97ecd47a173915d0714""]"
openvax/mhctools,0,{},"[""github:openvax/mhctools""]","[""d5786884c7f02e0e15922f03c3ef795c50065039""]"
openvax/pyensembl,0,{},"[""github:openvax/pyensembl""]","[""4afd0f3005e7a65bfed37c4f1606ed3470f85dbc""]"
openvax/topiary,0,{},"[""github:openvax/topiary""]","[""8a7a855af613d55281591e4c6509a97ea018f951""]"
openvax/varcode,1,"{""Jupyter"": 1}","[""github:openvax/varcode""]","[""028feabed84766f90ce3a9d257678ef99880b19c""]"
openvax/vaxrank,0,{},"[""github:openvax/vaxrank""]","[""c47103a123b6f8956f45134371e9db8994113b20""]"
openwdl/wdl,0,{},"[""github:openwdl/wdl""]","[""c442a3e601d6e568262b9f273bb6f8ff9c3d677a""]"
openworm/openworm,0,{},"[""github:openworm/openworm""]","[""abefa4092c5e4d0f8b2a8a05f70175622de2b975""]"
oschwengers/bakta,0,{},"[""github:oschwengers/bakta""]","[""3784ded8102d4109ff7a84debd84bcf42d2c40ba""]"
ossu/bioinformatics,0,{},"[""github:ossu/bioinformatics""]","[""26fee00e65327c3dcecb2fc81aad51503e3e5064""]"
oxpig/anarci,0,{},"[""github:oxpig/anarci""]","[""79f6c575056dedef86cb8f405ebb039197923eec""]"
ozan-oktay/attention-gated-networks,0,{},"[""github:ozan-oktay/attention-gated-networks""]","[""eee4881fdc31920efd873773e0b744df8dacbfb6""]"
pachterlab/kallisto,1,"{""Jupyter"": 1}","[""github:pachterlab/kallisto""]","[""4e9f29cf3b021260415430c057a22469ca081391""]"
parmed/parmed,0,{},"[""github:parmed/parmed""]","[""13239c2516dd371317ffedeecb411864a5ccb365""]"
patwalters/practical_cheminformatics_tutorials,48,"{""Jupyter"": 48}","[""github:patwalters/practical_cheminformatics_tutorials""]","[""370dc66428819e06a2c87a859fab122b77b22f5b""]"
pcingola/snpeff,0,{},"[""github:pcingola/snpeff""]","[""1db15998ea6aad93a35848aca0f6cba81cd36738""]"
pcingola/snpsift,0,{},"[""github:pcingola/snpsift""]","[""a9122d0283cad1475ec475b1623f87bbd8fbfec5""]"
pdb-redo/libcifpp,0,{},"[""github:pdb-redo/libcifpp""]","[""20971e1ee96beefc3a7bf2427cfbb09027b4ecde""]"
pdbeurope/ccdutils,0,{},"[""github:pdbeurope/ccdutils""]","[""318f77f205e428e612212ee8c9079d9f47b8f26f""]"
pdimens/harpy,13,"{""Jupyter"": 13}","[""github:pdimens/harpy""]","[""e7e56022cd583daa6cbebdb860bf965ce0f1c0d0""]"
peldom/papers_for_protein_design_using_dl,0,{},"[""github:peldom/papers_for_protein_design_using_dl""]","[""40e3fa6d01b5b8b6c7fd340ab7c270769f2672fd""]"
pepkit/pephubclient,0,{},"[""github:pepkit/pephubclient""]","[""a5dd00f1011ec0f75ede0dd99ae45832bf6786de""]"
perone/medicaltorch,1,"{""Jupyter"": 1}","[""github:perone/medicaltorch""]","[""34ea15075a57271940d26684c34767a8a9e8fb58""]"
persdre/intermine-ws-python-docs,35,"{""Jupyter"": 35}","[""github:intermine/intermine-ws-python""]","[""59c3b6a4fa4d86db90c91b60165b71858cdafeb7""]"
petehaitch/delayedmatrixstats,2,"{""R Markdown"": 2}","[""github:petehaitch/delayedmatrixstats""]","[""fd7d3fb8c069fe69ca3f7e483a816d5d8411f9bb""]"
peterjc/thapbi-pict,0,{},"[""github:peterjc/thapbi-pict""]","[""5dfb211100ca5ea012e127a0a67fab070273b4a9""]"
pezmaster31/bamtools,0,{},"[""github:pezmaster31/bamtools""]","[""7e5c183cdf37a6ab216402b26c07296807416472""]"
pharmai/plip,0,{},"[""github:pharmai/plip""]","[""2f4911d307490479ac023b22d6faa8f59b577ca8""]"
philres/ngmlr,0,{},"[""github:philres/ngmlr""]","[""a2a31fb6a63547be29c5868a7747e0c6f6e9e41f""]"
pinellolab/crisprme,0,{},"[""github:pinellolab/crisprme""]","[""96b84732e04f73c74f4e77944f9df5e78fa71f2a""]"
pirl-unc/hitlist,0,{},"[""github:pirl-unc/hitlist""]","[""96035cf2bd2cca0f7cd383fbffa7809925095264""]"
pirl-unc/mhcgnomes,2,"{""Jupyter"": 2}","[""github:pirl-unc/mhcgnomes""]","[""5565acdc4f8e2d13b4255c4f742f18178fe5efae""]"
plger/scdblfinder,6,"{""R Markdown"": 6}","[""github:plger/scdblfinder""]","[""ff8d3105b20fe89bc1973a28d50fe0f018b01581""]"
poisonalien/maftools,4,"{""R Markdown"": 4}","[""github:poisonalien/maftools""]","[""015a4cf8c69ba89a55a3fdcea911421509e9a198""]"
powellgenomicslab/nebulosa,2,"{""R Markdown"": 2}","[""github:powellgenomicslab/nebulosa""]","[""aa4b6ff06fe987ca07ddfbf866ed25541f1e8d27""]"
prefixcommons/prefixcommons-py,0,{},"[""github:prefixcommons/prefixcommons-py""]","[""4b0756fd69f978b4c69542fb450ae2b8eebfbd17""]"
prihoda/abnumber,1,"{""Jupyter"": 1}","[""github:prihoda/abnumber""]","[""2cc13f4bafcc74e0c619780aeff018d3b24be3ee""]"
primer3-org/primer3,0,{},"[""github:primer3-org/primer3""]","[""345cba9ca22fdb8f9f90da9b57948b81b4866330""]"
prody/prody,0,{},"[""github:prody/prody""]","[""25aea16b269f6d8e15369b045f23e812a7453e55""]"
project-gemmi/gemmi,0,{},"[""github:project-gemmi/gemmi""]","[""97c808222f468f8188f2ed87266e0d7c5a854ce2""]"
project-monai/generativemodels,28,"{""Jupyter"": 27, ""Percent-cell notebook"": 1}","[""github:project-monai/generativemodels""]","[""7428fce193771e9564f29b91d29e523dd1b6b4cd""]"
project-monai/monailabel,0,{},"[""github:project-monai/monailabel""]","[""0b1ee413df5a7e7ba40c46cd8860fb95e02ad25f""]"
project-monai/tutorials,11,"{""Jupyter"": 11}","[""github:project-monai/generativemodels"", ""github:project-monai/monailabel""]","[""b4b61f865d1834acdf1cecb31a0e40376b0c9e22""]"
prophyle/prophyle,0,{},"[""github:prophyle/prophyle""]","[""7d88d4b41fcc6a6b0f7e1b9b662614dd5c2aa92f""]"
psychopy/psychopy,0,{},"[""github:psychopy/psychopy""]","[""87453782b1420e91402a7f2c3a2f28803fa98f7b""]"
psychopy/psychopy-docs,0,{},"[""github:psychopy/psychopy""]","[""941c6befd3e8fce00e65a8e9e0a5b3abd0e143ff""]"
pydna-group/pydna,21,"{""Jupyter"": 21}","[""github:pydna-group/pydna""]","[""1685b755e4cd48b2e7ccd900289e21e2a032011b""]"
pymmcore-plus/useq-schema,0,{},"[""github:pymmcore-plus/useq-schema""]","[""942a551d6a81f7999f9f517eadd5c44685c5dcfe""]"
pymzml/pymzml,0,{},"[""github:pymzml/pymzml""]","[""75154f43df27d67f4bc5c994cea16bf6856c0cbb""]"
pyranges/ncls,0,{},"[""github:pyranges/ncls""]","[""e79ceb63abd2fb57c97f8720978499a7425a6126""]"
pyranges/pyranges0,35,"{""R Markdown"": 35}","[""github:pyranges/pyranges0""]","[""5aec3abe6be3ebf10b9591f7b2719713ab13c65b""]"
pyranges/sorted_nearest,0,{},"[""github:pyranges/sorted_nearest""]","[""cbaebfce0412c1fec1eda6279df48b4b741b432b""]"
pysam-developers/pysam,0,{},"[""github:pysam-developers/pysam""]","[""ba2e6c124398bdcd963db741d6f01164fed4f9b7""]"
quantumjot/btrack,1,"{""Jupyter"": 1}","[""github:quantumjot/btrack""]","[""2de42c911253e021b3814191fd1a049a6c0e2628""]"
quinlan-lab/applied-computational-genomics,0,{},"[""github:quinlan-lab/applied-computational-genomics""]","[""98e40b0ab33c2b02d629f6ea2f716cbe6e1bc476""]"
qupath/qupath,0,{},"[""github:qupath/qupath""]","[""4058d36b5d358dcd6195f41ab5fa47f4c1a45722""]"
rafalab/affy,4,"{""Sweave/knitr"": 4}","[""github:rafalab/affy""]","[""5683bb5289a37c7b23600d966ec47ce848a736fd""]"
rafalab/bumphunter,1,"{""Sweave/knitr"": 1}","[""github:rafalab/bumphunter""]","[""6d92f4551e1dbd3dccd33251de7e7c077ed556d2""]"
rcastelo/gsva,5,"{""R Markdown"": 5}","[""github:rcastelo/gsva""]","[""14bf1956b1bad834c6d865d688699e65f7735e68""]"
rcavalcante/annotatr,1,"{""R Markdown"": 1}","[""github:rcavalcante/annotatr""]","[""a6e7a878cf7a67e4a0a518abb27d350e64a6a512""]"
rcedgar/muscle,0,{},"[""github:rcedgar/muscle""]","[""29aa0671d0e46c862457749c7f2d87f29007b8eb""]"
rcsb/py-rcsb-api,8,"{""Jupyter"": 8}","[""github:rcsb/py-rcsb-api""]","[""5b1c80285ec58aa63822735c65c3affa331fbcfa""]"
rdkit/rdkit,18,"{""Jupyter"": 18}","[""github:rdkit/rdkit""]","[""4fc0ffa70991d55a8098742f8ea34f2e84495049""]"
refgenie/refgenie,4,"{""Jupyter"": 4}","[""github:refgenie/refgenie""]","[""f6aa8748b5e4d00248aff32c6481b09bdb4f4401""]"
rformassspectrometry/metabocoreutils,1,"{""R Markdown"": 1}","[""github:rformassspectrometry/metabocoreutils""]","[""1e25732196a281aea891b040bfe6efe07841411e""]"
rformassspectrometry/mscoreutils,1,"{""R Markdown"": 1}","[""github:rformassspectrometry/mscoreutils""]","[""5fef3519649ee7ffd80e2ae23a95165fc8cb338a""]"
rformassspectrometry/msexperiment,1,"{""R Markdown"": 1}","[""github:rformassspectrometry/msexperiment""]","[""19ec01c78b2d24cd2a13b7cb1228eb28958eafeb""]"
rformassspectrometry/msfeatures,1,"{""R Markdown"": 1}","[""github:rformassspectrometry/msfeatures""]","[""e8548f333b1b09978f0c28548c3520645fa8b655""]"
rformassspectrometry/protgenerics,1,"{""R Markdown"": 1}","[""github:rformassspectrometry/protgenerics""]","[""4def12d90e7de2581755aeabe115599d12cd1ea1""]"
rformassspectrometry/psmatch,3,"{""R Markdown"": 3}","[""github:rformassspectrometry/psmatch""]","[""ff1b83c66e28c7c6e93c55ee456ad92772ba2afb""]"
rformassspectrometry/qfeatures,6,"{""R Markdown"": 6}","[""github:rformassspectrometry/qfeatures""]","[""c4b3bb93ec0b824a52d2f20ea05d5b15a26d7c52""]"
rformassspectrometry/spectra,3,"{""R Markdown"": 3}","[""github:rformassspectrometry/spectra""]","[""6870c3bf15f8282e75a4b7797db0a0964c3b0de6""]"
rglab/cytoml,4,"{""R Markdown"": 4}","[""github:rglab/cytoml""]","[""36d4df34f0ea6bcd04ba2fb32afaddb17bb14330""]"
rglab/flowstats,1,"{""Sweave/knitr"": 1}","[""github:rglab/flowstats""]","[""fabb13191a2567e41a89691cab31507d4cbddc7a""]"
rglab/ggcyto,9,"{""R Markdown"": 9}","[""github:rglab/ggcyto""]","[""2484d0d88328e9ff72d36f422dd4eaef9755b571""]"
rglab/mast,4,"{""R Markdown"": 3, ""Sweave/knitr"": 1}","[""github:rglab/mast""]","[""d46c1d16951b0689b6d18e5f90f8d7f1f0b06910""]"
richard-peng-xia/awesome-multimodal-in-medical-imaging,0,{},"[""github:richard-peng-xia/awesome-multimodal-in-medical-imaging""]","[""b20f7cd5f7a8328d452197c2eefe9a9bda87d115""]"
rmaphoh/retfound,2,"{""Jupyter"": 2}","[""github:rmaphoh/retfound""]","[""ae9a9ecf37857cf47b8aa9f87cd6f710d75db287""]"
rnabioco/escapepod-rs,0,{},"[""github:rnabioco/escapepod-rs""]","[""ecf004eb6946b384f7aa4956d53d6649d19ea366""]"
rordenlab/dcm2niix,0,{},"[""github:rordenlab/dcm2niix""]","[""8282dbf7d37d34b29ef008061622a44077e24707""]"
rosettacommons/atomworks,1,"{""Jupyter"": 1}","[""github:rosettacommons/atomworks""]","[""fcf7af8c127e0de62a460dab5230c649a25a78d4""]"
rpomponio/neuroharmonize,0,{},"[""github:rpomponio/neuroharmonize""]","[""89ef77fa44c7c5f11113e22f766cc66a9776af71""]"
rrwick/bandage,0,{},"[""github:rrwick/bandage""]","[""c89b9cffca3dcf010720b18e57c0454247aa9837""]"
rrwick/unicycler,0,{},"[""github:rrwick/unicycler""]","[""1429301eb24df9162f3c9386e8522f942594ae42""]"
rust-bio/rust-bio,0,{},"[""github:rust-bio/rust-bio""]","[""841f86f61525f0771aad2284ac3e9f7abae800c4""]"
rust-bio/rust-bio-tools,0,{},"[""github:rust-bio/rust-bio-tools""]","[""0b3940c3c498b8350a8a0933268a94447a714371""]"
ryanwangzf/medclip,2,"{""Jupyter"": 2}","[""github:ryanwangzf/medclip""]","[""9c3396f20d5d54e4fae241b8cb06ca45848e98c9""]"
s-andrews/fastqc,0,{},"[""github:s-andrews/fastqc""]","[""87fb3364a2f37115833d678648926d41e184f0b1""]"
saezlab/decoupler,6,"{""R Markdown"": 6}","[""github:saezlab/decoupler""]","[""9b471f1f6b1c1c1f357544f5c5ad0515ae7f43b8""]"
saezlab/omnipath,0,{},"[""github:saezlab/omnipath""]","[""516a9b2ca1b18670879d71be95d883e00ce659f4""]"
saezlab/omnipathr,9,"{""R Markdown"": 9}","[""github:saezlab/omnipathr""]","[""3e1139172d3036ffd772ebb945bc5e338ac63fde""]"
saezlab/progeny,1,"{""R Markdown"": 1}","[""github:saezlab/progeny""]","[""cad6be0514c3248b9465e48f1cfd2f6a4c3dfb6f""]"
sage-bionetworks/synapsepythonclient,0,{},"[""github:sage-bionetworks/synapsepythonclient""]","[""e203fe7c7c19f91a67c0782e46b46d9bb9b80ac8""]"
saigegit/saige,0,{},"[""github:saigegit/saige""]","[""365deeff9149fc2b5a66da8fa3799637bcb30af3""]"
sales-lab/graphite,2,"{""R Markdown"": 1, ""Sweave/knitr"": 1}","[""github:sales-lab/graphite""]","[""1fa6ebfb41c1cd01f8b6e7f76f45ee76a15a3450""]"
salesforce/progen,0,{},"[""github:salesforce/progen""]","[""c27a419c234a0997923761e1fe7daffcebf0eaf5""]"
samtools/bcftools,0,{},"[""github:samtools/bcftools""]","[""edf7fd96c5da562ecfd99fb7f9e4b9eb597aeae8""]"
samtools/htslib,0,{},"[""github:samtools/htslib""]","[""7c5e3e7ebcdf90c8f96afd8a06d75ffa5603e417""]"
samtools/samtools,0,{},"[""github:samtools/samtools""]","[""ae87484212b3e3db7ea279995fd231f5c5b4a0cc""]"
satijalab/seurat,69,"{""R Markdown"": 69}","[""github:satijalab/seurat""]","[""586015abde10618ecb32d3fe632267a83317a08d""]"
sbg/sevenbridges-python,0,{},"[""github:sbg/sevenbridges-python""]","[""ed3de94bab744a33f614111c1845af68b5433c54""]"
scalableminds/webknossos-libs,0,{},"[""github:scalableminds/webknossos-libs""]","[""a4bff37081ae614af2f44df99b537325512df954""]"
schrodinger/pymol-open-source,0,{},"[""github:schrodinger/pymol-open-source""]","[""5e8bfca5a7f5dc4d5e7f84fa1d15af707cc86e69""]"
scikit-bio/scikit-bio,0,{},"[""github:scikit-bio/scikit-bio""]","[""af581fbd1516c512164ffb58152e1eab216d6bc5""]"
scipipe/scipipe,0,{},"[""github:scipipe/scipipe""]","[""4d29035e8538d7d5362227eff037a1dd22d1e186""]"
scorpiolea/aice,11,"{""Jupyter"": 11}","[""github:scorpiolea/aice""]","[""8c5ee176763f68511a1568725813034dc6063858""]"
scverse/anndata,7,"{""Jupyter"": 7}","[""github:scverse/anndata""]","[""c2c1c373ca5f5f817f8b9599706e3cb2108f5e36""]"
scverse/anndatar,6,"{""R Markdown"": 6}","[""github:scverse/anndatar""]","[""243bfa78c2f6a5b48051f5dc76fdc3409264398b""]"
scverse/decoupler,0,{},"[""github:scverse/decoupler""]","[""3132edcb5845323e18529a61646d946ce3ab0e74""]"
scverse/decoupler-tutorials,9,"{""Jupyter"": 9}","[""github:scverse/decoupler""]","[""b4fd6a2c9f19be3c990879d6ef0efe70b0334f04""]"
scverse/gget,0,{},"[""github:scverse/gget""]","[""f6de8a92cb5fd021a182ec612013f94cc2d675c0""]"
scverse/liana,0,{},"[""github:scverse/liana""]","[""08590dbd45e90576fb0a8dcb9d1dbb139900bb34""]"
scverse/liana-tutorials,14,"{""Jupyter"": 14}","[""github:scverse/liana""]","[""128df1cd30420496a721ec1d963e6f2a88094a97""]"
scverse/mudata,4,"{""Jupyter"": 4}","[""github:scverse/mudata""]","[""2a9eb2f1407a0f62bcba4ef76f2c57089c297e48""]"
scverse/muon,1,"{""Jupyter"": 1}","[""github:scverse/muon""]","[""cd96e9a36443aa869d29048f4094910db87250b9""]"
scverse/muon-tutorials,12,"{""Jupyter"": 12}","[""github:scverse/muon""]","[""b899c49542e8a4648387ee09304881c28b0d0b95""]"
scverse/pydeseq2,0,{},"[""github:scverse/pydeseq2""]","[""2ca3b74c9b2b994b44c071f17ec76ad1cf1595e9""]"
scverse/scanpy,11,"{""Jupyter"": 11}","[""github:scverse/scanpy""]","[""8c1463d5d97272d5811ad3f4efb57483e23b4c7e""]"
scverse/scvi-tools,0,{},"[""github:scverse/scvi-tools""]","[""fa9470f9b59f47a1df1677eda44161ac14845db3""]"
scverse/scvi-tutorials,65,"{""Jupyter"": 65}","[""github:scverse/scvi-tools""]","[""7447cffde4699bc21aecdf6937f916789db1f686""]"
scverse/squidpy,0,{},"[""github:scverse/squidpy""]","[""69a3beaabbc953d9a9e6b3b2cf9fb7801c173cca""]"
scverse/squidpy-tutorials,50,"{""Jupyter"": 50}","[""github:scverse/squidpy""]","[""4984ce95c7b9858ac8be8b662a32e86316d3870e""]"
seandavi/awesome-single-cell,0,{},"[""github:seandavi/awesome-single-cell""]","[""12e2352d768f5ecc3ab178b357481a5193dfb033""]"
seandavi/geoquery,6,"{""Quarto"": 6}","[""github:seandavi/geoquery""]","[""cb12423bf2691af82f742fc10f891835e8bab3ce""]"
seandavi/methylumi,2,"{""Quarto"": 2}","[""github:seandavi/methylumi""]","[""4232eaf043694b8b8e2bfe1095f03185be39a8af""]"
sebriois/biomart,0,{},"[""github:sebriois/biomart""]","[""813da30fb499dda58a97a6f25238fec633400d46""]"
seguid/seguid-python,0,{},"[""github:seguid/seguid-python""]","[""e00bccf870e156ca4e09e6ff856f7ffbf1793e1a""]"
seguid/seguid.org,7,"{""Quarto"": 7}","[""github:seguid/seguid-python""]","[""01c4924d043f693214299812751e61f3ca804f75""]"
seq-lang/seq,0,{},"[""github:seq-lang/seq""]","[""0c275584163c172e5e7f20562c314991ed3bcf37""]"
seqeralabs/docs,0,{},"[""github:multiqc/multiqc""]","[""90c1eda4b3fc267e54c85e7b050519a411ca8ef3""]"
seung-lab/cloud-volume,0,{},"[""github:seung-lab/cloud-volume""]","[""8edb5823bb1c7769a92f2b138274ee8b50b2b9a2""]"
seung-lab/connected-components-3d,0,{},"[""github:seung-lab/connected-components-3d""]","[""dbe7aef1082bad0f24537fa68531af7d6ed64457""]"
sfikas/medical-imaging-datasets,0,{},"[""github:sfikas/medical-imaging-datasets""]","[""42dbb18030604d659b86bbc659429de03504ebea""]"
shenwei356/awesome,0,{},"[""github:shenwei356/awesome""]","[""611e21ba5214b8d5c5d026d8597d0c1938a2efaf""]"
shenwei356/seqkit,0,{},"[""github:shenwei356/seqkit""]","[""48d70213e9a8066cd4554cbffa81f2094f9c768c""]"
sib-swiss/training-collection,0,{},"[""github:sib-swiss/training-collection""]","[""269f04a08fbb49bd6e7a6b88ee1cb53f1f70ccdd""]"
single-cell-data/tiledb-soma,5,"{""R Markdown"": 5}","[""github:single-cell-data/tiledb-soma""]","[""7b2480031d4f6d8bab2afdc4e79db80d4ed9ace3""]"
singler-inc/singler,1,"{""R Markdown"": 1}","[""github:singler-inc/singler""]","[""36f72d9d0bdc27b95ed553d907edc39e1b069cc1""]"
sjczheng/epidish,1,"{""R Markdown"": 1}","[""github:sjczheng/epidish""]","[""816f01d78464e4f9d5dace5bf4467d6ea7edc3b6""]"
skyeav/tablassert,0,{},"[""github:skyeav/tablassert""]","[""3956ea0d59c1a81547a11d1decedcd2510815835""]"
slicer/slicer,0,{},"[""github:slicer/slicer""]","[""4e1fdba309173e088d8467432a14c9d84f0313f7""]"
slowkow/harmonypy,0,{},"[""github:slowkow/harmonypy""]","[""dbd0984705530761f1e0a11ab5744345935437a0""]"
smart-on-fhir/client-py,0,{},"[""github:smart-on-fhir/client-py""]","[""ee5ea26774d52d5397ebb98a1d64819c279887c4""]"
smgogarten/gwastools,3,"{""R Markdown"": 1, ""Sweave/knitr"": 2}","[""github:smgogarten/gwastools""]","[""45e582c6161fa2dc78a31c70e10a6b1b9c28d745""]"
smirarab/pasta,0,{},"[""github:smirarab/pasta""]","[""24c7adce978617f4050e2feb60a5eb99f4ae3e46""]"
smirarab/sepp,0,{},"[""github:smirarab/sepp""]","[""ae9a28d543bf88004a4f859479524e62e3460c67""]"
snakemake/snakemake,7,"{""Jupyter"": 5, ""R Markdown"": 2}","[""github:snakemake/snakemake""]","[""5bf5e21b0d0e7e65e247c1f2c61c1a4f74a1a752""]"
snakemake/snakemake-interface-common,0,{},"[""github:snakemake/snakemake-interface-common""]","[""f480f18976d99dc4601192c96050621170ff027b""]"
snakemake/snakemake-interface-executor-plugins,0,{},"[""github:snakemake/snakemake-interface-executor-plugins""]","[""05712ed6f1932522a616e16b504040a423404c0e""]"
snakemake/snakemake-interface-logger-plugins,0,{},"[""github:snakemake/snakemake-interface-logger-plugins""]","[""f27aaf181f38c5d79ccf2e5b30308fe630937b6d""]"
snakemake/snakemake-interface-report-plugins,0,{},"[""github:snakemake/snakemake-interface-report-plugins""]","[""12ce5cbbf0b5a5b6daad9a610191432e4e5fa5de""]"
snakemake/snakemake-interface-scheduler-plugins,0,{},"[""github:snakemake/snakemake-interface-scheduler-plugins""]","[""c5fd4f49fb6fdcf484b9150a672700c93530b56a""]"
snakemake/snakemake-interface-storage-plugins,0,{},"[""github:snakemake/snakemake-interface-storage-plugins""]","[""042c6accc0a1c7afe9d450994074248d1c306ee8""]"
snap-stanford/biomni,4,"{""Jupyter"": 4}","[""github:snap-stanford/biomni""]","[""400c1f366b96a35ca253e13c9b06c5076af41d65""]"
sneumann/mzr,1,"{""R Markdown"": 1}","[""github:sneumann/mzr""]","[""27a98e6316d5424541d17378cbead1a347b41a38""]"
sneumann/rdisop,2,"{""R Markdown"": 2}","[""github:sneumann/rdisop""]","[""524de2a63ccdf635711f192b1dafe3ae504022e5""]"
sneumann/xcms,4,"{""R Markdown"": 4}","[""github:sneumann/xcms""]","[""088a3c1494331241bbe0910551954356a43b0288""]"
soedinglab/hh-suite,0,{},"[""github:soedinglab/hh-suite""]","[""43095e46ada4ec2a8a47d47ef5ad7e38b1429f7b""]"
soedinglab/mmseqs2,2,"{""Jupyter"": 2}","[""github:soedinglab/mmseqs2""]","[""3b6aa9c87b347a1f49863d43b0fba2e80a169f4b""]"
soft-matter/trackpy,1,"{""Jupyter"": 1}","[""github:soft-matter/trackpy""]","[""186fa02f048ef0902b6f9804874b701345a22398""]"
sokrypton/colabdesign,28,"{""Jupyter"": 28}","[""github:sokrypton/colabdesign""]","[""e31a56fe1d9b4de25c8697f3a28b75892941cc72""]"
sokrypton/colabfold,27,"{""Jupyter"": 27}","[""github:sokrypton/colabfold""]","[""efbf31c37cedb38cd09c69c1b991910a9866480e""]"
somalogic/canopy,1,"{""Jupyter"": 1}","[""github:somalogic/canopy""]","[""c6708205f8e685597ab7cc0c2cb0b8840b264d4c""]"
songlab-cal/tape,0,{},"[""github:songlab-cal/tape""]","[""6d345c2b2bbf52cd32cf179325c222afd92aec7e""]"
sortmerna/sortmerna,0,{},"[""github:sortmerna/sortmerna""]","[""1a2a7f14b286144b132264e8fcf7eb9c6556bede""]"
sourmash-bio/sourmash,6,"{""Jupyter"": 5, ""R Markdown"": 1}","[""github:sourmash-bio/sourmash""]","[""19d061df70dd495cb4f7e676d7882ba7f4d1bc87""]"
souvikmajumder26/multi-agent-medical-assistant,0,{},"[""github:souvikmajumder26/multi-agent-medical-assistant""]","[""dee00a4df4d7142186c30bf2893406a0074faa51""]"
spacetx/starfish,9,"{""Jupyter"": 9}","[""github:spacetx/starfish""]","[""1fb00cbcd9d7e408fc8106ec8b800642e7fee071""]"
spikeinterface/spikeinterface,0,{},"[""github:spikeinterface/spikeinterface""]","[""93c612f51cca09ecafe2c23a283132cf0ad57869""]"
spikeinterface/spiketutorials,11,"{""Jupyter"": 11}","[""github:spikeinterface/spikeinterface""]","[""561e67f5e03e98b3b0798111cbc50877679951a6""]"
sqjin/cellchat,6,"{""R Markdown"": 6}","[""github:sqjin/cellchat""]","[""e4f68625b074247d619c2e488d33970cc531e17c""]"
ssandrews/smoldyn,23,"{""Wolfram notebook"": 23}","[""github:ssandrews/smoldyn""]","[""a6a71a8c2e335b48e9c28cb455e5329e7748f61a""]"
stamatak/standard-raxml,0,{},"[""github:stamatak/standard-raxml""]","[""36ec36110631c34692abcd4f24ca7b3e2fea742a""]"
star-fusion/star-fusion,0,{},"[""github:star-fusion/star-fusion""]","[""2e701b64867b89d719d3c6a275fc6f5586820993""]"
statomics/tradeseq,5,"{""R Markdown"": 5}","[""github:statomics/tradeseq""]","[""02a9050674d8f0c0ebae8688fa9326dd76360d7d""]"
steineggerlab/foldseek,2,"{""Jupyter"": 2}","[""github:steineggerlab/foldseek""]","[""463739e0014a1549a527de589102cde98f802f37""]"
stephenturner/oneliners,0,{},"[""github:stephenturner/oneliners""]","[""676a7eb1dd6d4f710a7080760acce14ec42aac58""]"
storeylab/qvalue,1,"{""Sweave/knitr"": 1}","[""github:storeylab/qvalue""]","[""e8614232f05dd3db0951fafe3b2a33b8284b2aff""]"
stuart-lab/signac,19,"{""R Markdown"": 19}","[""github:stuart-lab/signac""]","[""12d1ff82774890b08e55b3101f36fab83e674b88""]"
suyashkumar/dicom,0,{},"[""github:suyashkumar/dicom""]","[""8ae5137aa164e11a1ffb53b10778cba6cd910a87""]"
swansonk14/admet_ai,0,{},"[""github:swansonk14/admet_ai""]","[""c65bf0418e19c65d7228f9e40da5d0152aade756""]"
swharden/pyabf,9,"{""Jupyter"": 9}","[""github:swharden/pyabf""]","[""3ad9cd6f2cdfe79bc1978736ab46314866ca1c4c""]"
swolock/scrublet,6,"{""Jupyter"": 6}","[""github:swolock/scrublet""]","[""67f8ecbad14e8e1aa9c89b43dac6638cebe38640""]"
tanghaibao/goatools,24,"{""Jupyter"": 24}","[""github:tanghaibao/goatools""]","[""4cd1c71bca876d545c2a7e8714ac907019e0649c""]"
tanghaibao/jcvi,0,{},"[""github:tanghaibao/jcvi""]","[""a44fa61b52639a54b5ecc096d1407d2eca8fcc8f""]"
taokz/biomedgpt,0,{},"[""github:taokz/biomedgpt""]","[""2c739bd0aa3e010da1a417d9e8591fafcfd1e4b5""]"
tatami-inc/beachmat,1,"{""R Markdown"": 1}","[""github:tatami-inc/beachmat""]","[""7fe7dc234ea2fe69bf8f4c711525428539033652""]"
teichlab/celltypist,3,"{""Jupyter"": 3}","[""github:teichlab/celltypist""]","[""fe357564a6625d3b1732a022fd39f18e55696e80""]"
templateflow/python-client,0,{},"[""github:templateflow/python-client""]","[""c7e51a4b9eca5df00c29f028a910be03a495bd25""]"
templateflow/templateflow-notebooks,3,"{""Jupyter"": 3}","[""github:templateflow/python-client""]","[""9aa5a65503d3943f9aa01d1417aa34424c772432""]"
tgirke/systempiper,6,"{""R Markdown"": 6}","[""github:tgirke/systempiper""]","[""09f23b61865bbbbfdb5dfda5d8280827bf31b658""]"
thackl/gggenomes,5,"{""Quarto"": 3, ""R Markdown"": 2}","[""github:thackl/gggenomes""]","[""752e0e19da04b6813f0524d784843901ac64dcb2""]"
theislab/destiny,6,"{""R Markdown"": 6}","[""github:theislab/destiny""]","[""01df106eb1f9566a27abdc92c67f3647b24de879""]"
theislab/scib,0,{},"[""github:theislab/scib""]","[""cd67913396b4c0430710b3d90f1d1841f5fa4468""]"
theislab/scvelo,0,{},"[""github:theislab/scvelo""]","[""f63c0e70596ced2f1bee8cf07e8ab66037cf86b2""]"
theislab/scvelo_notebooks,14,"{""Jupyter"": 14}","[""github:theislab/scvelo""]","[""2425e7fa35871a47d5b5d7d8e52c5a12c59b9395""]"
theislab/single-cell-best-practices,62,"{""Jupyter"": 62}","[""github:theislab/single-cell-best-practices""]","[""34deaba9b90a0f97bff5466c8b3de78ad7481346""]"
theislab/single-cell-tutorial,8,"{""Jupyter"": 8}","[""github:theislab/single-cell-tutorial""]","[""12a86e1277bd1a97f1ecc22533fcdbe843a56dc1""]"
theislab/zellkonverter,1,"{""R Markdown"": 1}","[""github:theislab/zellkonverter""]","[""3cbe1b2dded4968de83339ea15f93a6e9516e2ac""]"
thelovelab/deseq2,3,"{""R Markdown"": 2, ""Wolfram notebook"": 1}","[""github:thelovelab/deseq2""]","[""c62c60c6ff83fd84ce115cacd1c49827533f85a7""]"
thelovelab/tximeta,1,"{""R Markdown"": 1}","[""github:thelovelab/tximeta""]","[""9425e9d5b940d5ad6edd2d0023dc2f594b8f095a""]"
thelovelab/tximport,1,"{""R Markdown"": 1}","[""github:thelovelab/tximport""]","[""2c532670e2f58139a7ebc3a57fd2ccf22d5b8cdf""]"
thetahealth/mirobody,0,{},"[""github:thetahealth/mirobody""]","[""47340208f1b514fb173733afa98dc8d6f9a84364""]"
tidyomics/plyranges,2,"{""R Markdown"": 2}","[""github:tidyomics/plyranges""]","[""5e88325af35a70f4377af8da797f2eaaa0e34488""]"
timolassmann/kalign,0,{},"[""github:timolassmann/kalign""]","[""c9651d043b5777385476514136a66d467870152e""]"
tlambert03/ome-types,0,{},"[""github:tlambert03/ome-types""]","[""c9c5438558d0e764fba7167feae582a8642fe85a""]"
tobetz/legomicroscope,0,{},"[""github:tobetz/legomicroscope""]","[""0e6623f4b63189a9c3a7b7cf77c4ef41cf0bd191""]"
torchio-project/torchio,0,{},"[""github:torchio-project/torchio""]","[""ced7e41bf796f709bfd9ba58abf2d1828c99d7e3""]"
torchmd/torchmd,1,"{""Jupyter"": 1}","[""github:torchmd/torchmd""]","[""09484183e34af78bb69b27a0149aeccf1318dbc7""]"
torognes/vsearch,0,{},"[""github:torognes/vsearch""]","[""e15512569533c6366d0dbb294b29abe1523b5809""]"
transdecoder/transdecoder,0,{},"[""github:transdecoder/transdecoder""]","[""66d47124da1e536db6d6891a0816fb019aa6049c""]"
trinityrnaseq/trinityrnaseq,0,{},"[""github:trinityrnaseq/trinityrnaseq""]","[""653e43a777390bb5cde27d6f27673dadfe1c7115""]"
tseemann/barrnap,0,{},"[""github:tseemann/barrnap""]","[""041901a01d9b4408444a2447e331979b1a633420""]"
tseemann/mlst,0,{},"[""github:tseemann/mlst""]","[""950abcc0bd855d148d59fda10bf560e269fe30d8""]"
tseemann/prokka,0,{},"[""github:tseemann/prokka""]","[""045d3c5f8a1a54a873d76eb4b6c8f85d4fb82944""]"
tskit-dev/msprime,1,"{""Jupytext"": 1}","[""github:tskit-dev/msprime""]","[""45cfa59d828757352f7ab1a55c19b55102d40d22""]"
tskit-dev/tskit,1,"{""Jupytext"": 1}","[""github:tskit-dev/tskit""]","[""0e38fc3d3c98ba35f4c84ed0be359d539bf75724""]"
tskit-dev/tskit-build-examples,0,{},"[""github:tskit-dev/tskit""]","[""c2294e241b669cff69e6399b7c1c718668f11418""]"
ubod/msa,1,"{""Sweave/knitr"": 1}","[""github:ubod/msa""]","[""c07a1e4fa646df33b5094a1cb30705abf690f524""]"
ucsc-lowelab/trnascan-se,0,{},"[""github:ucsc-lowelab/trnascan-se""]","[""c18a50bc30efd06b9311c6825b4bec4c72be757d""]"
ucscgenomebrowser/kent,1,"{""Jupyter"": 1}","[""github:ucscgenomebrowser/kent""]","[""49e53454d32ce13f5af4ece42112423534102fdd""]"
uni-medical/sam-med3d,0,{},"[""github:uni-medical/sam-med3d""]","[""f3de1fa10da98e46f49f176773d2b1e306ba131f""]"
usadellab/trimmomatic,0,{},"[""github:usadellab/trimmomatic""]","[""ef98d6252abeae80cfee36acf9e0e1055097da0b""]"
usda-ars-gbru/itsxpress,0,{},"[""github:usda-ars-gbru/itsxpress""]","[""c70a3ea744483e1968922dbfe68cb5682d1be535""]"
uw-ipd/tmol,17,"{""Jupyter"": 17}","[""github:uw-ipd/tmol""]","[""c525537d21998e97754197aff002c3cdcc25c898""]"
uwpr/comet,0,{},"[""github:uwpr/comet""]","[""603fdca28d25750a7437f976f3f5b5cf69955bf3""]"
vandijklab/cell2sentence,11,"{""Jupyter"": 11}","[""github:vandijklab/cell2sentence""]","[""a6efaf079f98491d4723ced44b929936b94368aa""]"
vanheeringen-lab/genomepy,0,{},"[""github:vanheeringen-lab/genomepy""]","[""572a684b1c2cc97c38862923ecedd80c50bfdd19""]"
varlociraptor/varlociraptor,0,{},"[""github:varlociraptor/varlociraptor""]","[""7fae288288ae284cf35e945ec277218e2b6e5fb5""]"
vcflib/vcflib,0,{},"[""github:vcflib/vcflib""]","[""b118a9bfd99b07da9d40d0bd8b3c2bdc4523b568""]"
vcftools/vcftools,0,{},"[""github:vcftools/vcftools""]","[""1f87a83402ffd17ea2723a456b7edf5d80b4a22c""]"
veg/hyphy,0,{},"[""github:veg/hyphy""]","[""21994d48a5bdd8dc9037ebde048ba85a27eee15e""]"
velocyto-team/velocyto-notebooks,6,"{""Jupyter"": 3, ""R Markdown"": 3}","[""github:velocyto-team/velocyto.py""]","[""68dd031f91b22bb8f8afda79b0037eb7b6ad862b""]"
velocyto-team/velocyto.py,0,{},"[""github:velocyto-team/velocyto.py""]","[""56efe891ec3d383d83ad45360f58350c12824c4d""]"
vgteam/vg,0,{},"[""github:vgteam/vg""]","[""d08602f3855d5eb5ca406a388b01d2cd12c002d5""]"
viennarna/viennarna,0,{},"[""github:viennarna/viennarna""]","[""1ffec79f5e258896160f7362ced8263450f371dc""]"
virus-evolution/gofasta,0,{},"[""github:virus-evolution/gofasta""]","[""53de1e3de0fd3de0bd3b284c48d4ef5d00c162c2""]"
vjcitn/roc,1,"{""R Markdown"": 1}","[""github:vjcitn/roc""]","[""993d4a1a2dce084f51058308d62683aba74ac1ff""]"
voutcn/megahit,0,{},"[""github:voutcn/megahit""]","[""c77d45c1f516e4f4a90c255c5c6d0c8ba27c017f""]"
vsbuffalo/bds-files,0,{},"[""github:vsbuffalo/bds-files""]","[""ec3cec93587b0c9f36b5216b5c907dca13876082""]"
waldronlab/multiassayexperiment,5,"{""R Markdown"": 5}","[""github:waldronlab/multiassayexperiment""]","[""a1764de323ff619f63ecba160e588c7beed73be2""]"
waldronlab/tcgautils,1,"{""R Markdown"": 1}","[""github:waldronlab/tcgautils""]","[""48aa352190750354aaa86e51bcab53879beda79b""]"
wallnerlab/dockq,0,{},"[""github:wallnerlab/dockq""]","[""75db7ab4f6b824c70d120c5f620582e164ed5479""]"
wdecoster/nanoget,0,{},"[""github:wdecoster/nanoget""]","[""6493f7979032d5f47cbc6312b5f81f850cb27f8a""]"
wdecoster/nanoplot,0,{},"[""github:wdecoster/nanoplot""]","[""71af721be406cdcfcb1b974fe1db8e96f9e93c9e""]"
weecology/deepforest,4,"{""Jupyter"": 4}","[""github:weecology/deepforest""]","[""be14411e35720bb0b3a1e8d2dca09666e0343d3e""]"
weizhongli/cdhit,0,{},"[""github:weizhongli/cdhit""]","[""4f6720f573d3d9d4c835793a05f09e098003bfe9""]"
whatshap/whatshap,0,{},"[""github:whatshap/whatshap""]","[""1dedacf80fa2097e9a9e33edc567c51a7ba5fb56""]"
whitews/flowio,1,"{""Jupyter"": 1}","[""github:whitews/flowio""]","[""83d28a22d42235c10d17afb017250ee208afed95""]"
whitews/flowutils,0,{},"[""github:whitews/flowutils""]","[""b3aa2708eb25953e4e4dd9f9edcba3d503297e50""]"
xiaoqi-zhao-dlut/msnet-m2snet,0,{},"[""github:xiaoqi-zhao-dlut/msnet-m2snet""]","[""0fadc3fe43ceaf4afe6cf154fdb9ab9af375004e""]"
xinario/awesome-gan-for-medical-imaging,0,{},"[""github:xinario/awesome-gan-for-medical-imaging""]","[""d08fd6513d42a49ce195d7d261b82e14dbddbf14""]"
yangkky/machine-learning-for-proteins,0,{},"[""github:yangkky/machine-learning-for-proteins""]","[""4afcaab06caeae1dbc8b976148f8fe48fab1d4ae""]"
yatisht/usher,0,{},"[""github:yatisht/usher""]","[""ac9c982d937c3bc43e2c16a0b73d30cf2b937118""]"
yichizhang98/sam4mis,0,{},"[""github:yichizhang98/sam4mis""]","[""745e76e429402ea2508d0510b6bf39926538751e""]"
yuanyueli/msentropy,0,{},"[""github:yuanyueli/msentropy""]","[""e10cda250ed97f93086623688389b530653100d5""]"
yulab-smu/chipseeker,2,"{""R Markdown"": 2}","[""github:yulab-smu/chipseeker""]","[""f87bb15bd4f07ab68169d0d012883e8e912eae81""]"
yulab-smu/clusterprofiler,4,"{""Quarto"": 1, ""R Markdown"": 2, ""Sweave/knitr"": 1}","[""github:yulab-smu/clusterprofiler""]","[""d10e74853722ca5f3fb3a0c3466c4649e0fedada""]"
yulab-smu/dose,3,"{""Quarto"": 1, ""R Markdown"": 2}","[""github:yulab-smu/dose""]","[""639a5cceada083afa422b5a6d72f26ad343e9138""]"
yulab-smu/enrichplot,2,"{""R Markdown"": 2}","[""github:yulab-smu/enrichplot""]","[""572e6add5507616d9ebd2267669e4a754691e3fa""]"
yulab-smu/ggtree,2,"{""R Markdown"": 2}","[""github:yulab-smu/ggtree""]","[""68bb5532c1b0ed9283f2ca7b9b0df57c40d49b79""]"
yulab-smu/ggtreeextra,2,"{""R Markdown"": 2}","[""github:yulab-smu/ggtreeextra""]","[""b353b67109d84f344f63b5607567357a5c1a58e2""]"
yulab-smu/gosemsim,2,"{""Quarto"": 1, ""R Markdown"": 1}","[""github:yulab-smu/gosemsim""]","[""b9a965bf6776fe3a0871803070ef7aa85d2adeec""]"
yulab-smu/reactomepa,2,"{""R Markdown"": 2}","[""github:yulab-smu/reactomepa""]","[""d5b21d5c5caaec6693f84ec634b9c2b0dde28ca9""]"
yulab-smu/treeio,2,"{""R Markdown"": 2}","[""github:yulab-smu/treeio""]","[""2cbfece4545788b64e9af274b258a4033bea8a9a""]"
zaeleus/noodles,0,{},"[""github:zaeleus/noodles""]","[""cb5f8c19dfe3bb52a60afa6af1282b24c83c9170""]"
zeehio/massspecwavelet,2,"{""R Markdown"": 2}","[""github:zeehio/massspecwavelet""]","[""1665dd8ea23c5e352078d7fb74742ffb7769369b""]"
zengflab/sure,0,{},"[""github:zengflab/sure""]","[""00ff4e98d5d845880c4fedcc34846ef6b35defbc""]"
zhanghao-njmu/scp,1,"{""R Markdown"": 1}","[""github:zhanghao-njmu/scp""]","[""b9b0eb7a7bf2c2c4b2262e73e09d7ebd515c7da0""]"
zhengxwen/gdsfmt,1,"{""R Markdown"": 1}","[""github:zhengxwen/gdsfmt""]","[""0cb94b90d7e98ab0fbdb985817c5fa1d7db4f841""]"
zhengxwen/seqarray,3,"{""R Markdown"": 3}","[""github:zhengxwen/seqarray""]","[""f85a2d64afebd83b1720280d4c1b820cab8dbf10""]"
zhengxwen/snprelate,1,"{""R Markdown"": 1}","[""github:zhengxwen/snprelate""]","[""434eb7dc8f6e9cec9ac13850e3e5a7f7f6b5dfab""]"
zqfang/gseapy,2,"{""Jupyter"": 2}","[""github:zqfang/gseapy""]","[""6e6f0e29ce3b407a7fb19bc6a9a73ee0015263fa""]"
zwdzwd/sesame,5,"{""R Markdown"": 5}","[""github:zwdzwd/sesame""]","[""7dc700fe1a960d7d716fc53a50e508b64f0eaef6""]"
